[info] Using default task order for benchmark 'libero_spatial_swap' (10 tasks).
[OK] libero_spatial_swap: 10 tasks
[info] Using default task order for benchmark 'libero_object_swap' (10 tasks).
[OK] libero_object_swap: 10 tasks
Models: model2
Suites: libero_spatial_swap libero_object_swap
Tasks: 0 1 2 3 4 5 6 7 8 9
Episodes/task: 10
Max steps: 350
Action bins: /home/users/create/smrvmdo/scratch/projects/lapa-depth-modified-levi/datasets/lapa_libero_v2/action_bins.csv
Output root: /home/users/create/smrvmdo/scratch/projects/lapa-depth-modified-levi/rollouts/libero_pro_swap_concat_all_suite_20k_max350
===== Starting model2 at Thu Aug 27 01:33:28 +08 2026 =====
[multi-suite] root: /home/users/create/smrvmdo/scratch/projects/lapa-depth-modified-levi
[multi-suite] model: model2
[multi-suite] suites: libero_spatial_swap libero_object_swap
[multi-suite] task ids: 0 1 2 3 4 5 6 7 8 9
[multi-suite] n eval per task: 10
[multi-suite] max steps: 350
[multi-suite] policy template: /home/users/create/smrvmdo/scratch/projects/lapa-depth-modified-levi/outputs/128_batch_model2_all_suite/streaming_params_20000
[multi-suite] stage25 template: /home/users/create/smrvmdo/scratch/projects/lapa-depth-modified-levi/lapa_checkpoints/depth_model/model2.65000.pt
[multi-suite] action bins: /home/users/create/smrvmdo/scratch/projects/lapa-depth-modified-levi/datasets/lapa_libero_v2/action_bins.csv
[multi-suite] output root: /home/users/create/smrvmdo/scratch/projects/lapa-depth-modified-levi/rollouts/libero_pro_swap_concat_all_suite_20k_max350
[multi-suite] action fusion: concat
[multi-suite] export params: false
============================================================
[multi-suite] suite: libero_spatial_swap
[multi-suite] policy: params::/home/users/create/smrvmdo/scratch/projects/lapa-depth-modified-levi/outputs/128_batch_model2_all_suite/streaming_params_20000
[multi-suite] stage25: /home/users/create/smrvmdo/scratch/projects/lapa-depth-modified-levi/lapa_checkpoints/depth_model/model2.65000.pt
[multi-suite] action bins: /home/users/create/smrvmdo/scratch/projects/lapa-depth-modified-levi/datasets/lapa_libero_v2/action_bins.csv
[multi-suite] output: /home/users/create/smrvmdo/scratch/projects/lapa-depth-modified-levi/rollouts/libero_pro_swap_concat_all_suite_20k_max350/concat20k_model2_libero_spatial_swap_tasks10_eps10_max350
============================================================
[split-rollout] suite: libero_spatial_swap
[split-rollout] action fusion: concat
[split-rollout] finetuned policy: params::/home/users/create/smrvmdo/scratch/projects/lapa-depth-modified-levi/outputs/128_batch_model2_all_suite/streaming_params_20000
[split-rollout] action bins: /home/users/create/smrvmdo/scratch/projects/lapa-depth-modified-levi/datasets/lapa_libero_v2/action_bins.csv
[split-rollout] RGB baseline GPU: 1 mesh=1,1,1,1 port=32822
[split-rollout] Stage2.5 GPU: 0 port=32821
[split-rollout] Policy GPU: 2 mesh=1,1,1,1 port=32820
[split-rollout] Simulator EGL GPU: 0
[split-rollout] Task IDs: 0 1 2 3 4 5 6 7 8 9
[split-rollout] Eval per task: 10 | max_steps=350 | progress_freq=25
[split-rollout] waiting for rgb_feature: /home/users/create/smrvmdo/scratch/projects/lapa-depth-modified-levi/rollouts/libero_pro_swap_concat_all_suite_20k_max350/concat20k_model2_libero_spatial_swap_tasks10_eps10_max350/server_logs/rgb_feature_gpu1.log
[split-rollout] still waiting 30s for rgb_feature
/home/users/create/smrvmdo/scratch/venvs/lapa-depth/lib/python3.10/site-packages/google/api_core/_python_version_support.py:255: FutureWarning: You are using a Python version (3.10.12) which Google will stop supporting in new releases of google.api_core once it reaches its end of life (2026-10-04). Please upgrade to the latest Python version, or at least Python 3.11, to continue receiving updates for google.api_core past that date.
  warnings.warn(message, FutureWarning)
/home/users/create/smrvmdo/scratch/venvs/lapa-depth/lib/python3.10/site-packages/google/api_core/_python_version_support.py:255: FutureWarning: You are using a Python version (3.10.12) which Google will stop supporting in new releases of google.cloud._storage_v2 once it reaches its end of life (2026-10-04). Please upgrade to the latest Python version, or at least Python 3.11, to continue receiving updates for google.cloud._storage_v2 past that date.
  warnings.warn(message, FutureWarning)
/home/users/create/smrvmdo/scratch/venvs/lapa-depth/lib/python3.10/site-packages/google/api_core/_python_version_support.py:255: FutureWarning: You are using a Python version (3.10.12) which Google will stop supporting in new releases of google.cloud.storage_control_v2 once it reaches its end of life (2026-10-04). Please upgrade to the latest Python version, or at least Python 3.11, to continue receiving updates for google.cloud.storage_control_v2 past that date.
  warnings.warn(message, FutureWarning)
{"lapa_rgb_feature_server": {"bundle": "/scratch/users/create/smrvmdo/projects/lapa-depth-modified-levi/Depth_branch", "checkpoint": "params::/home/users/create/smrvmdo/scratch/projects/lapa-depth-modified-levi/lapa_checkpoints/lapa_7b_sth/params", "mesh_dim": "1,1,1,1"}}
[split-rollout] READY rgb_feature
[split-rollout] waiting for stage25: /home/users/create/smrvmdo/scratch/projects/lapa-depth-modified-levi/rollouts/libero_pro_swap_concat_all_suite_20k_max350/concat20k_model2_libero_spatial_swap_tasks10_eps10_max350/server_logs/stage25_split_gpu0.log
[split-rollout] READY stage25
[split-rollout] waiting for policy: /home/users/create/smrvmdo/scratch/projects/lapa-depth-modified-levi/rollouts/libero_pro_swap_concat_all_suite_20k_max350/concat20k_model2_libero_spatial_swap_tasks10_eps10_max350/server_logs/policy_gpu2.log
[split-rollout] READY policy
[robosuite WARNING] No private macro file found! (__init__.py:7)
[robosuite WARNING] It is recommended to use a private macro file (__init__.py:8)
[robosuite WARNING] To setup, run: python /home/users/create/smrvmdo/scratch/venvs/libero-pro-sim/lib/python3.8/site-packages/robosuite/scripts/setup_macros.py (__init__.py:9)
[Warning]: datasets path /scratch/users/create/smrvmdo/projects/lapa-depth-modified-levi/datasets/LIBERO-PRO/libero/libero/datasets does not exist!
[info] Using default task order for benchmark 'libero_spatial_swap' (10 tasks).
[Warning]: datasets path /scratch/users/create/smrvmdo/projects/lapa-depth-modified-levi/datasets/LIBERO-PRO/libero/libero/datasets does not exist!
[libero_spatial_swap] task 0 ep 0 start | max_steps=350 | instruction='pick up the black bowl between the plate and the ramekin and place it on the plate'
[libero_spatial_swap] task 0 ep 0 step 1/350 | elapsed=0.6m | eta=226.8m | sec_step=38.99
[libero_spatial_swap] task 0 ep 0 step 25/350 | elapsed=0.7m | eta=9.6m | sec_step=1.78
[libero_spatial_swap] task 0 ep 0 step 50/350 | elapsed=0.8m | eta=5.0m | sec_step=1.01
[libero_spatial_swap] task 0 ep 0 step 75/350 | elapsed=0.9m | eta=3.4m | sec_step=0.75
[libero_spatial_swap] task 0 ep 0 step 100/350 | elapsed=1.0m | eta=2.6m | sec_step=0.62
[libero_spatial_swap] task 0 ep 0 step 125/350 | elapsed=1.1m | eta=2.0m | sec_step=0.54
[libero_spatial_swap] task 0 ep 0 step 150/350 | elapsed=1.2m | eta=1.6m | sec_step=0.49
[libero_spatial_swap] task 0 ep 0 step 175/350 | elapsed=1.3m | eta=1.3m | sec_step=0.45
[libero_spatial_swap] task 0 ep 0 step 200/350 | elapsed=1.4m | eta=1.1m | sec_step=0.42
[libero_spatial_swap] task 0 ep 0 step 225/350 | elapsed=1.5m | eta=0.8m | sec_step=0.40
[libero_spatial_swap] task 0 ep 0 step 250/350 | elapsed=1.6m | eta=0.6m | sec_step=0.38
[libero_spatial_swap] task 0 ep 0 step 275/350 | elapsed=1.7m | eta=0.5m | sec_step=0.37
[libero_spatial_swap] task 0 ep 0 step 300/350 | elapsed=1.8m | eta=0.3m | sec_step=0.36
[libero_spatial_swap] task 0 ep 0 step 325/350 | elapsed=1.9m | eta=0.1m | sec_step=0.35
[libero_spatial_swap] task 0 ep 0 step 350/350 | elapsed=2.0m | eta=0.0m | sec_step=0.34
[libero_spatial_swap] task 0 ('pick up the black bowl between the plate and the ramekin and place it on the plate') ep 0: fail | episode_time=2.0m
[libero_spatial_swap] task 0 ep 1 start | max_steps=350 | instruction='pick up the black bowl between the plate and the ramekin and place it on the plate'
[libero_spatial_swap] task 0 ep 1 step 1/350 | elapsed=0.0m | eta=1.4m | sec_step=0.23
[libero_spatial_swap] task 0 ep 1 step 25/350 | elapsed=0.1m | eta=1.2m | sec_step=0.23
[libero_spatial_swap] task 0 ep 1 step 50/350 | elapsed=0.2m | eta=1.1m | sec_step=0.23
[libero_spatial_swap] task 0 ep 1 step 75/350 | elapsed=0.3m | eta=1.0m | sec_step=0.23
[libero_spatial_swap] task 0 ep 1 step 100/350 | elapsed=0.4m | eta=0.9m | sec_step=0.23
[libero_spatial_swap] task 0 ep 1 step 125/350 | elapsed=0.5m | eta=0.9m | sec_step=0.23
[libero_spatial_swap] task 0 ep 1 step 150/350 | elapsed=0.6m | eta=0.8m | sec_step=0.23
[libero_spatial_swap] task 0 ep 1 step 175/350 | elapsed=0.7m | eta=0.7m | sec_step=0.23
[libero_spatial_swap] task 0 ep 1 step 200/350 | elapsed=0.8m | eta=0.6m | sec_step=0.23
[libero_spatial_swap] task 0 ep 1 step 225/350 | elapsed=0.9m | eta=0.5m | sec_step=0.23
[libero_spatial_swap] task 0 ep 1 step 250/350 | elapsed=1.0m | eta=0.4m | sec_step=0.23
[libero_spatial_swap] task 0 ep 1 step 275/350 | elapsed=1.0m | eta=0.3m | sec_step=0.23
[libero_spatial_swap] task 0 ep 1 step 300/350 | elapsed=1.1m | eta=0.2m | sec_step=0.23
[libero_spatial_swap] task 0 ep 1 step 325/350 | elapsed=1.2m | eta=0.1m | sec_step=0.23
[libero_spatial_swap] task 0 ep 1 step 350/350 | elapsed=1.3m | eta=0.0m | sec_step=0.23
[libero_spatial_swap] task 0 ('pick up the black bowl between the plate and the ramekin and place it on the plate') ep 1: fail | episode_time=1.4m
[libero_spatial_swap] task 0 ep 2 start | max_steps=350 | instruction='pick up the black bowl between the plate and the ramekin and place it on the plate'
[libero_spatial_swap] task 0 ep 2 step 1/350 | elapsed=0.0m | eta=1.4m | sec_step=0.24
[libero_spatial_swap] task 0 ep 2 step 25/350 | elapsed=0.1m | eta=1.2m | sec_step=0.23
[libero_spatial_swap] task 0 ep 2 step 50/350 | elapsed=0.2m | eta=1.1m | sec_step=0.23
[libero_spatial_swap] task 0 ep 2 step 75/350 | elapsed=0.3m | eta=1.0m | sec_step=0.23
[libero_spatial_swap] task 0 ep 2 step 100/350 | elapsed=0.4m | eta=0.9m | sec_step=0.23
[libero_spatial_swap] task 0 ep 2 step 125/350 | elapsed=0.5m | eta=0.9m | sec_step=0.23
[libero_spatial_swap] task 0 ep 2 step 150/350 | elapsed=0.6m | eta=0.8m | sec_step=0.23
[libero_spatial_swap] task 0 ep 2 step 175/350 | elapsed=0.7m | eta=0.7m | sec_step=0.23
[libero_spatial_swap] task 0 ep 2 step 200/350 | elapsed=0.8m | eta=0.6m | sec_step=0.23
[libero_spatial_swap] task 0 ep 2 step 225/350 | elapsed=0.9m | eta=0.5m | sec_step=0.23
[libero_spatial_swap] task 0 ep 2 step 250/350 | elapsed=1.0m | eta=0.4m | sec_step=0.23
[libero_spatial_swap] task 0 ep 2 step 275/350 | elapsed=1.0m | eta=0.3m | sec_step=0.23
[libero_spatial_swap] task 0 ep 2 step 300/350 | elapsed=1.1m | eta=0.2m | sec_step=0.23
[libero_spatial_swap] task 0 ep 2 step 325/350 | elapsed=1.2m | eta=0.1m | sec_step=0.23
[libero_spatial_swap] task 0 ep 2 step 350/350 | elapsed=1.3m | eta=0.0m | sec_step=0.23
[libero_spatial_swap] task 0 ('pick up the black bowl between the plate and the ramekin and place it on the plate') ep 2: fail | episode_time=1.4m
[libero_spatial_swap] task 0 ep 3 start | max_steps=350 | instruction='pick up the black bowl between the plate and the ramekin and place it on the plate'
[libero_spatial_swap] task 0 ep 3 step 1/350 | elapsed=0.0m | eta=1.4m | sec_step=0.23
[libero_spatial_swap] task 0 ep 3 step 25/350 | elapsed=0.1m | eta=1.2m | sec_step=0.23
[libero_spatial_swap] task 0 ep 3 step 50/350 | elapsed=0.2m | eta=1.1m | sec_step=0.23
[libero_spatial_swap] task 0 ep 3 step 75/350 | elapsed=0.3m | eta=1.0m | sec_step=0.23
[libero_spatial_swap] task 0 ep 3 step 100/350 | elapsed=0.4m | eta=0.9m | sec_step=0.23
[libero_spatial_swap] task 0 ep 3 step 125/350 | elapsed=0.5m | eta=0.9m | sec_step=0.23
[libero_spatial_swap] task 0 ep 3 step 150/350 | elapsed=0.6m | eta=0.8m | sec_step=0.23
[libero_spatial_swap] task 0 ep 3 step 175/350 | elapsed=0.7m | eta=0.7m | sec_step=0.23
[libero_spatial_swap] task 0 ep 3 step 200/350 | elapsed=0.8m | eta=0.6m | sec_step=0.23
[libero_spatial_swap] task 0 ep 3 step 225/350 | elapsed=0.9m | eta=0.5m | sec_step=0.23
[libero_spatial_swap] task 0 ep 3 step 250/350 | elapsed=0.9m | eta=0.4m | sec_step=0.23
[libero_spatial_swap] task 0 ep 3 step 275/350 | elapsed=1.0m | eta=0.3m | sec_step=0.23
[libero_spatial_swap] task 0 ep 3 step 300/350 | elapsed=1.1m | eta=0.2m | sec_step=0.23
[libero_spatial_swap] task 0 ep 3 step 325/350 | elapsed=1.2m | eta=0.1m | sec_step=0.23
[libero_spatial_swap] task 0 ep 3 step 350/350 | elapsed=1.3m | eta=0.0m | sec_step=0.23
[libero_spatial_swap] task 0 ('pick up the black bowl between the plate and the ramekin and place it on the plate') ep 3: fail | episode_time=1.4m
[libero_spatial_swap] task 0 ep 4 start | max_steps=350 | instruction='pick up the black bowl between the plate and the ramekin and place it on the plate'
[libero_spatial_swap] task 0 ep 4 step 1/350 | elapsed=0.0m | eta=1.4m | sec_step=0.23
[libero_spatial_swap] task 0 ep 4 step 25/350 | elapsed=0.1m | eta=1.2m | sec_step=0.23
[libero_spatial_swap] task 0 ep 4 step 50/350 | elapsed=0.2m | eta=1.1m | sec_step=0.23
[libero_spatial_swap] task 0 ep 4 step 75/350 | elapsed=0.3m | eta=1.0m | sec_step=0.23
[libero_spatial_swap] task 0 ep 4 step 100/350 | elapsed=0.4m | eta=0.9m | sec_step=0.23
[libero_spatial_swap] task 0 ep 4 step 125/350 | elapsed=0.5m | eta=0.9m | sec_step=0.23
[libero_spatial_swap] task 0 ep 4 step 150/350 | elapsed=0.6m | eta=0.8m | sec_step=0.23
[libero_spatial_swap] task 0 ep 4 step 175/350 | elapsed=0.7m | eta=0.7m | sec_step=0.23
[libero_spatial_swap] task 0 ep 4 step 200/350 | elapsed=0.8m | eta=0.6m | sec_step=0.23
[libero_spatial_swap] task 0 ep 4 step 225/350 | elapsed=0.9m | eta=0.5m | sec_step=0.23
[libero_spatial_swap] task 0 ep 4 step 250/350 | elapsed=0.9m | eta=0.4m | sec_step=0.23
[libero_spatial_swap] task 0 ep 4 step 275/350 | elapsed=1.0m | eta=0.3m | sec_step=0.23
[libero_spatial_swap] task 0 ep 4 step 300/350 | elapsed=1.1m | eta=0.2m | sec_step=0.23
[libero_spatial_swap] task 0 ep 4 step 325/350 | elapsed=1.2m | eta=0.1m | sec_step=0.23
[libero_spatial_swap] task 0 ep 4 step 350/350 | elapsed=1.3m | eta=0.0m | sec_step=0.23
[libero_spatial_swap] task 0 ('pick up the black bowl between the plate and the ramekin and place it on the plate') ep 4: fail | episode_time=1.3m
[libero_spatial_swap] task 0 ep 5 start | max_steps=350 | instruction='pick up the black bowl between the plate and the ramekin and place it on the plate'
[libero_spatial_swap] task 0 ep 5 step 1/350 | elapsed=0.0m | eta=1.4m | sec_step=0.23
[libero_spatial_swap] task 0 ep 5 step 25/350 | elapsed=0.1m | eta=1.2m | sec_step=0.23
[libero_spatial_swap] task 0 ep 5 step 50/350 | elapsed=0.2m | eta=1.1m | sec_step=0.23
[libero_spatial_swap] task 0 ep 5 step 75/350 | elapsed=0.3m | eta=1.0m | sec_step=0.23
[libero_spatial_swap] task 0 ep 5 step 100/350 | elapsed=0.4m | eta=1.0m | sec_step=0.23
[libero_spatial_swap] task 0 ep 5 step 125/350 | elapsed=0.5m | eta=0.9m | sec_step=0.23
[libero_spatial_swap] task 0 ep 5 step 150/350 | elapsed=0.6m | eta=0.8m | sec_step=0.23
[libero_spatial_swap] task 0 ep 5 step 175/350 | elapsed=0.7m | eta=0.7m | sec_step=0.23
[libero_spatial_swap] task 0 ep 5 step 200/350 | elapsed=0.8m | eta=0.6m | sec_step=0.23
[libero_spatial_swap] task 0 ep 5 step 225/350 | elapsed=0.9m | eta=0.5m | sec_step=0.23
[libero_spatial_swap] task 0 ep 5 step 250/350 | elapsed=1.0m | eta=0.4m | sec_step=0.23
[libero_spatial_swap] task 0 ep 5 step 275/350 | elapsed=1.0m | eta=0.3m | sec_step=0.23
[libero_spatial_swap] task 0 ep 5 step 300/350 | elapsed=1.1m | eta=0.2m | sec_step=0.23
[libero_spatial_swap] task 0 ep 5 step 325/350 | elapsed=1.2m | eta=0.1m | sec_step=0.23
[libero_spatial_swap] task 0 ep 5 step 350/350 | elapsed=1.3m | eta=0.0m | sec_step=0.23
[libero_spatial_swap] task 0 ('pick up the black bowl between the plate and the ramekin and place it on the plate') ep 5: fail | episode_time=1.4m
[libero_spatial_swap] task 0 ep 6 start | max_steps=350 | instruction='pick up the black bowl between the plate and the ramekin and place it on the plate'
[libero_spatial_swap] task 0 ep 6 step 1/350 | elapsed=0.0m | eta=1.4m | sec_step=0.23
[libero_spatial_swap] task 0 ep 6 step 25/350 | elapsed=0.1m | eta=1.2m | sec_step=0.23
[libero_spatial_swap] task 0 ep 6 step 50/350 | elapsed=0.2m | eta=1.1m | sec_step=0.23
[libero_spatial_swap] task 0 ep 6 step 75/350 | elapsed=0.3m | eta=1.0m | sec_step=0.23
[libero_spatial_swap] task 0 ep 6 step 100/350 | elapsed=0.4m | eta=0.9m | sec_step=0.23
[libero_spatial_swap] task 0 ep 6 step 125/350 | elapsed=0.5m | eta=0.9m | sec_step=0.23
[libero_spatial_swap] task 0 ep 6 step 150/350 | elapsed=0.6m | eta=0.8m | sec_step=0.23
[libero_spatial_swap] task 0 ep 6 step 175/350 | elapsed=0.7m | eta=0.7m | sec_step=0.23
[libero_spatial_swap] task 0 ep 6 step 200/350 | elapsed=0.8m | eta=0.6m | sec_step=0.23
[libero_spatial_swap] task 0 ep 6 step 225/350 | elapsed=0.9m | eta=0.5m | sec_step=0.23
[libero_spatial_swap] task 0 ep 6 step 250/350 | elapsed=0.9m | eta=0.4m | sec_step=0.23
[libero_spatial_swap] task 0 ep 6 step 275/350 | elapsed=1.0m | eta=0.3m | sec_step=0.23
[libero_spatial_swap] task 0 ep 6 step 300/350 | elapsed=1.1m | eta=0.2m | sec_step=0.23
[libero_spatial_swap] task 0 ep 6 step 325/350 | elapsed=1.2m | eta=0.1m | sec_step=0.23
[libero_spatial_swap] task 0 ep 6 step 350/350 | elapsed=1.3m | eta=0.0m | sec_step=0.23
[libero_spatial_swap] task 0 ('pick up the black bowl between the plate and the ramekin and place it on the plate') ep 6: fail | episode_time=1.4m
[libero_spatial_swap] task 0 ep 7 start | max_steps=350 | instruction='pick up the black bowl between the plate and the ramekin and place it on the plate'
[libero_spatial_swap] task 0 ep 7 step 1/350 | elapsed=0.0m | eta=1.5m | sec_step=0.26
[libero_spatial_swap] task 0 ep 7 step 25/350 | elapsed=0.1m | eta=1.2m | sec_step=0.23
[libero_spatial_swap] task 0 ep 7 step 50/350 | elapsed=0.2m | eta=1.1m | sec_step=0.23
[libero_spatial_swap] task 0 ep 7 step 75/350 | elapsed=0.3m | eta=1.0m | sec_step=0.23
[libero_spatial_swap] task 0 ep 7 step 100/350 | elapsed=0.4m | eta=1.0m | sec_step=0.23
[libero_spatial_swap] task 0 ep 7 step 125/350 | elapsed=0.5m | eta=0.9m | sec_step=0.23
[libero_spatial_swap] task 0 ep 7 step 150/350 | elapsed=0.6m | eta=0.8m | sec_step=0.23
[libero_spatial_swap] task 0 ep 7 step 175/350 | elapsed=0.7m | eta=0.7m | sec_step=0.23
[libero_spatial_swap] task 0 ep 7 step 200/350 | elapsed=0.8m | eta=0.6m | sec_step=0.23
[libero_spatial_swap] task 0 ep 7 step 225/350 | elapsed=0.9m | eta=0.5m | sec_step=0.23
[libero_spatial_swap] task 0 ep 7 step 250/350 | elapsed=1.0m | eta=0.4m | sec_step=0.23
[libero_spatial_swap] task 0 ep 7 step 275/350 | elapsed=1.0m | eta=0.3m | sec_step=0.23
[libero_spatial_swap] task 0 ep 7 step 300/350 | elapsed=1.1m | eta=0.2m | sec_step=0.23
[libero_spatial_swap] task 0 ep 7 step 325/350 | elapsed=1.2m | eta=0.1m | sec_step=0.23
[libero_spatial_swap] task 0 ep 7 step 350/350 | elapsed=1.3m | eta=0.0m | sec_step=0.23
[libero_spatial_swap] task 0 ('pick up the black bowl between the plate and the ramekin and place it on the plate') ep 7: fail | episode_time=1.4m
[libero_spatial_swap] task 0 ep 8 start | max_steps=350 | instruction='pick up the black bowl between the plate and the ramekin and place it on the plate'
[libero_spatial_swap] task 0 ep 8 step 1/350 | elapsed=0.0m | eta=1.4m | sec_step=0.24
[libero_spatial_swap] task 0 ep 8 step 25/350 | elapsed=0.1m | eta=1.2m | sec_step=0.23
[libero_spatial_swap] task 0 ep 8 step 50/350 | elapsed=0.2m | eta=1.1m | sec_step=0.23
[libero_spatial_swap] task 0 ep 8 step 75/350 | elapsed=0.3m | eta=1.0m | sec_step=0.23
[libero_spatial_swap] task 0 ep 8 step 100/350 | elapsed=0.4m | eta=1.0m | sec_step=0.23
[libero_spatial_swap] task 0 ep 8 step 125/350 | elapsed=0.5m | eta=0.9m | sec_step=0.23
[libero_spatial_swap] task 0 ep 8 step 150/350 | elapsed=0.6m | eta=0.8m | sec_step=0.23
[libero_spatial_swap] task 0 ep 8 step 175/350 | elapsed=0.7m | eta=0.7m | sec_step=0.23
[libero_spatial_swap] task 0 ep 8 step 200/350 | elapsed=0.8m | eta=0.6m | sec_step=0.23
[libero_spatial_swap] task 0 ep 8 step 225/350 | elapsed=0.9m | eta=0.5m | sec_step=0.23
[libero_spatial_swap] task 0 ep 8 step 250/350 | elapsed=0.9m | eta=0.4m | sec_step=0.23
[libero_spatial_swap] task 0 ep 8 step 275/350 | elapsed=1.0m | eta=0.3m | sec_step=0.23
[libero_spatial_swap] task 0 ep 8 step 300/350 | elapsed=1.1m | eta=0.2m | sec_step=0.23
[libero_spatial_swap] task 0 ep 8 step 325/350 | elapsed=1.2m | eta=0.1m | sec_step=0.23
[libero_spatial_swap] task 0 ep 8 step 350/350 | elapsed=1.3m | eta=0.0m | sec_step=0.23
[libero_spatial_swap] task 0 ('pick up the black bowl between the plate and the ramekin and place it on the plate') ep 8: fail | episode_time=1.4m
[libero_spatial_swap] task 0 ep 9 start | max_steps=350 | instruction='pick up the black bowl between the plate and the ramekin and place it on the plate'
[libero_spatial_swap] task 0 ep 9 step 1/350 | elapsed=0.0m | eta=1.4m | sec_step=0.23
[libero_spatial_swap] task 0 ep 9 step 25/350 | elapsed=0.1m | eta=1.2m | sec_step=0.23
[libero_spatial_swap] task 0 ep 9 step 50/350 | elapsed=0.2m | eta=1.1m | sec_step=0.23
[libero_spatial_swap] task 0 ep 9 step 75/350 | elapsed=0.3m | eta=1.0m | sec_step=0.23
[libero_spatial_swap] task 0 ep 9 step 100/350 | elapsed=0.4m | eta=1.0m | sec_step=0.23
[libero_spatial_swap] task 0 ep 9 step 125/350 | elapsed=0.5m | eta=0.9m | sec_step=0.23
[libero_spatial_swap] task 0 ep 9 step 150/350 | elapsed=0.6m | eta=0.8m | sec_step=0.23
[libero_spatial_swap] task 0 ep 9 step 175/350 | elapsed=0.7m | eta=0.7m | sec_step=0.23
[libero_spatial_swap] task 0 ep 9 step 200/350 | elapsed=0.8m | eta=0.6m | sec_step=0.23
[libero_spatial_swap] task 0 ep 9 step 225/350 | elapsed=0.9m | eta=0.5m | sec_step=0.23
[libero_spatial_swap] task 0 ep 9 step 250/350 | elapsed=1.0m | eta=0.4m | sec_step=0.23
[libero_spatial_swap] task 0 ep 9 step 275/350 | elapsed=1.1m | eta=0.3m | sec_step=0.23
[libero_spatial_swap] task 0 ep 9 step 300/350 | elapsed=1.1m | eta=0.2m | sec_step=0.23
[libero_spatial_swap] task 0 ep 9 step 325/350 | elapsed=1.2m | eta=0.1m | sec_step=0.23
[libero_spatial_swap] task 0 ep 9 step 350/350 | elapsed=1.3m | eta=0.0m | sec_step=0.23
[libero_spatial_swap] task 0 ('pick up the black bowl between the plate and the ramekin and place it on the plate') ep 9: fail | episode_time=1.4m
[Warning]: datasets path /scratch/users/create/smrvmdo/projects/lapa-depth-modified-levi/datasets/LIBERO-PRO/libero/libero/datasets does not exist!
[libero_spatial_swap] task 1 ep 0 start | max_steps=350 | instruction='pick up the black bowl next to the ramekin and place it on the plate'
[libero_spatial_swap] task 1 ep 0 step 1/350 | elapsed=0.0m | eta=1.4m | sec_step=0.24
[libero_spatial_swap] task 1 ep 0 step 25/350 | elapsed=0.1m | eta=1.2m | sec_step=0.23
[libero_spatial_swap] task 1 ep 0 step 50/350 | elapsed=0.2m | eta=1.1m | sec_step=0.23
[libero_spatial_swap] task 1 ep 0 step 75/350 | elapsed=0.3m | eta=1.1m | sec_step=0.23
[libero_spatial_swap] task 1 ep 0 step 100/350 | elapsed=0.4m | eta=1.0m | sec_step=0.23
[libero_spatial_swap] task 1 ep 0 step 125/350 | elapsed=0.5m | eta=0.9m | sec_step=0.23
[libero_spatial_swap] task 1 ep 0 step 150/350 | elapsed=0.6m | eta=0.8m | sec_step=0.23
[libero_spatial_swap] task 1 ep 0 step 175/350 | elapsed=0.7m | eta=0.7m | sec_step=0.23
[libero_spatial_swap] task 1 ep 0 step 200/350 | elapsed=0.8m | eta=0.6m | sec_step=0.23
[libero_spatial_swap] task 1 ep 0 step 225/350 | elapsed=0.9m | eta=0.5m | sec_step=0.23
[libero_spatial_swap] task 1 ep 0 step 250/350 | elapsed=1.0m | eta=0.4m | sec_step=0.23
[libero_spatial_swap] task 1 ep 0 step 275/350 | elapsed=1.1m | eta=0.3m | sec_step=0.23
[libero_spatial_swap] task 1 ep 0 step 300/350 | elapsed=1.2m | eta=0.2m | sec_step=0.23
[libero_spatial_swap] task 1 ep 0 step 325/350 | elapsed=1.2m | eta=0.1m | sec_step=0.23
[libero_spatial_swap] task 1 ep 0 step 350/350 | elapsed=1.3m | eta=0.0m | sec_step=0.23
[libero_spatial_swap] task 1 ('pick up the black bowl next to the ramekin and place it on the plate') ep 0: fail | episode_time=1.4m
[libero_spatial_swap] task 1 ep 1 start | max_steps=350 | instruction='pick up the black bowl next to the ramekin and place it on the plate'
[libero_spatial_swap] task 1 ep 1 step 1/350 | elapsed=0.0m | eta=1.4m | sec_step=0.23
[libero_spatial_swap] task 1 ep 1 step 25/350 | elapsed=0.1m | eta=1.2m | sec_step=0.23
[libero_spatial_swap] task 1 ep 1 step 50/350 | elapsed=0.2m | eta=1.1m | sec_step=0.23
[libero_spatial_swap] task 1 ep 1 step 75/350 | elapsed=0.3m | eta=1.0m | sec_step=0.23
[libero_spatial_swap] task 1 ep 1 step 100/350 | elapsed=0.4m | eta=1.0m | sec_step=0.23
[libero_spatial_swap] task 1 ep 1 step 125/350 | elapsed=0.5m | eta=0.9m | sec_step=0.23
[libero_spatial_swap] task 1 ep 1 step 150/350 | elapsed=0.6m | eta=0.8m | sec_step=0.23
[libero_spatial_swap] task 1 ep 1 step 175/350 | elapsed=0.7m | eta=0.7m | sec_step=0.23
[libero_spatial_swap] task 1 ep 1 step 200/350 | elapsed=0.8m | eta=0.6m | sec_step=0.23
[libero_spatial_swap] task 1 ep 1 step 225/350 | elapsed=0.9m | eta=0.5m | sec_step=0.23
[libero_spatial_swap] task 1 ep 1 step 250/350 | elapsed=1.0m | eta=0.4m | sec_step=0.23
[libero_spatial_swap] task 1 ep 1 step 275/350 | elapsed=1.1m | eta=0.3m | sec_step=0.23
[libero_spatial_swap] task 1 ep 1 step 300/350 | elapsed=1.2m | eta=0.2m | sec_step=0.23
[libero_spatial_swap] task 1 ep 1 step 325/350 | elapsed=1.3m | eta=0.1m | sec_step=0.23
[libero_spatial_swap] task 1 ep 1 step 350/350 | elapsed=1.4m | eta=0.0m | sec_step=0.23
[libero_spatial_swap] task 1 ('pick up the black bowl next to the ramekin and place it on the plate') ep 1: fail | episode_time=1.4m
[libero_spatial_swap] task 1 ep 2 start | max_steps=350 | instruction='pick up the black bowl next to the ramekin and place it on the plate'
[libero_spatial_swap] task 1 ep 2 step 1/350 | elapsed=0.0m | eta=1.4m | sec_step=0.24
[libero_spatial_swap] task 1 ep 2 step 25/350 | elapsed=0.1m | eta=1.2m | sec_step=0.23
[libero_spatial_swap] task 1 ep 2 step 50/350 | elapsed=0.2m | eta=1.1m | sec_step=0.23
[libero_spatial_swap] task 1 ep 2 step 75/350 | elapsed=0.3m | eta=1.0m | sec_step=0.23
[libero_spatial_swap] task 1 ep 2 step 100/350 | elapsed=0.4m | eta=1.0m | sec_step=0.23
[libero_spatial_swap] task 1 ep 2 step 125/350 | elapsed=0.5m | eta=0.9m | sec_step=0.23
[libero_spatial_swap] task 1 ep 2 step 150/350 | elapsed=0.6m | eta=0.8m | sec_step=0.23
[libero_spatial_swap] task 1 ep 2 step 175/350 | elapsed=0.7m | eta=0.7m | sec_step=0.23
[libero_spatial_swap] task 1 ep 2 step 200/350 | elapsed=0.8m | eta=0.6m | sec_step=0.23
[libero_spatial_swap] task 1 ep 2 step 225/350 | elapsed=0.9m | eta=0.5m | sec_step=0.23
[libero_spatial_swap] task 1 ep 2 step 250/350 | elapsed=1.0m | eta=0.4m | sec_step=0.23
[libero_spatial_swap] task 1 ep 2 step 275/350 | elapsed=1.0m | eta=0.3m | sec_step=0.23
[libero_spatial_swap] task 1 ep 2 step 300/350 | elapsed=1.1m | eta=0.2m | sec_step=0.23
[libero_spatial_swap] task 1 ep 2 step 325/350 | elapsed=1.2m | eta=0.1m | sec_step=0.23
[libero_spatial_swap] task 1 ep 2 step 350/350 | elapsed=1.3m | eta=0.0m | sec_step=0.23
[libero_spatial_swap] task 1 ('pick up the black bowl next to the ramekin and place it on the plate') ep 2: fail | episode_time=1.4m
[libero_spatial_swap] task 1 ep 3 start | max_steps=350 | instruction='pick up the black bowl next to the ramekin and place it on the plate'
[libero_spatial_swap] task 1 ep 3 step 1/350 | elapsed=0.0m | eta=1.4m | sec_step=0.24
[libero_spatial_swap] task 1 ep 3 step 25/350 | elapsed=0.1m | eta=1.2m | sec_step=0.23
[libero_spatial_swap] task 1 ep 3 step 50/350 | elapsed=0.2m | eta=1.1m | sec_step=0.23
[libero_spatial_swap] task 1 ep 3 step 75/350 | elapsed=0.3m | eta=1.0m | sec_step=0.23
[libero_spatial_swap] task 1 ep 3 step 100/350 | elapsed=0.4m | eta=1.0m | sec_step=0.23
[libero_spatial_swap] task 1 ep 3 step 125/350 | elapsed=0.5m | eta=0.9m | sec_step=0.23
[libero_spatial_swap] task 1 ep 3 step 150/350 | elapsed=0.6m | eta=0.8m | sec_step=0.23
[libero_spatial_swap] task 1 ep 3 step 175/350 | elapsed=0.7m | eta=0.7m | sec_step=0.23
[libero_spatial_swap] task 1 ep 3 step 200/350 | elapsed=0.8m | eta=0.6m | sec_step=0.23
[libero_spatial_swap] task 1 ep 3 step 225/350 | elapsed=0.9m | eta=0.5m | sec_step=0.23
[libero_spatial_swap] task 1 ep 3 step 250/350 | elapsed=1.0m | eta=0.4m | sec_step=0.23
[libero_spatial_swap] task 1 ep 3 step 275/350 | elapsed=1.1m | eta=0.3m | sec_step=0.23
[libero_spatial_swap] task 1 ep 3 step 300/350 | elapsed=1.2m | eta=0.2m | sec_step=0.23
[libero_spatial_swap] task 1 ep 3 step 325/350 | elapsed=1.3m | eta=0.1m | sec_step=0.23
[libero_spatial_swap] task 1 ep 3 step 350/350 | elapsed=1.3m | eta=0.0m | sec_step=0.23
[libero_spatial_swap] task 1 ('pick up the black bowl next to the ramekin and place it on the plate') ep 3: fail | episode_time=1.4m
[libero_spatial_swap] task 1 ep 4 start | max_steps=350 | instruction='pick up the black bowl next to the ramekin and place it on the plate'
[libero_spatial_swap] task 1 ep 4 step 1/350 | elapsed=0.0m | eta=1.4m | sec_step=0.23
[libero_spatial_swap] task 1 ep 4 step 25/350 | elapsed=0.1m | eta=1.2m | sec_step=0.23
[libero_spatial_swap] task 1 ep 4 step 50/350 | elapsed=0.2m | eta=1.1m | sec_step=0.23
[libero_spatial_swap] task 1 ep 4 step 75/350 | elapsed=0.3m | eta=1.0m | sec_step=0.23
[libero_spatial_swap] task 1 ep 4 step 100/350 | elapsed=0.4m | eta=1.0m | sec_step=0.23
[libero_spatial_swap] task 1 ep 4 step 125/350 | elapsed=0.5m | eta=0.9m | sec_step=0.23
[libero_spatial_swap] task 1 ep 4 step 150/350 | elapsed=0.6m | eta=0.8m | sec_step=0.23
[libero_spatial_swap] task 1 ep 4 step 175/350 | elapsed=0.7m | eta=0.7m | sec_step=0.23
[libero_spatial_swap] task 1 ep 4 step 200/350 | elapsed=0.8m | eta=0.6m | sec_step=0.23
[libero_spatial_swap] task 1 ep 4 step 225/350 | elapsed=0.9m | eta=0.5m | sec_step=0.23
[libero_spatial_swap] task 1 ep 4 step 250/350 | elapsed=1.0m | eta=0.4m | sec_step=0.23
[libero_spatial_swap] task 1 ep 4 step 275/350 | elapsed=1.1m | eta=0.3m | sec_step=0.23
[libero_spatial_swap] task 1 ep 4 step 300/350 | elapsed=1.2m | eta=0.2m | sec_step=0.23
[libero_spatial_swap] task 1 ep 4 step 325/350 | elapsed=1.3m | eta=0.1m | sec_step=0.23
[libero_spatial_swap] task 1 ep 4 step 350/350 | elapsed=1.4m | eta=0.0m | sec_step=0.23
[libero_spatial_swap] task 1 ('pick up the black bowl next to the ramekin and place it on the plate') ep 4: fail | episode_time=1.4m
[libero_spatial_swap] task 1 ep 5 start | max_steps=350 | instruction='pick up the black bowl next to the ramekin and place it on the plate'
[libero_spatial_swap] task 1 ep 5 step 1/350 | elapsed=0.0m | eta=1.4m | sec_step=0.23
[libero_spatial_swap] task 1 ep 5 step 25/350 | elapsed=0.1m | eta=1.2m | sec_step=0.23
[libero_spatial_swap] task 1 ep 5 step 50/350 | elapsed=0.2m | eta=1.1m | sec_step=0.23
[libero_spatial_swap] task 1 ep 5 step 75/350 | elapsed=0.3m | eta=1.0m | sec_step=0.23
[libero_spatial_swap] task 1 ep 5 step 100/350 | elapsed=0.4m | eta=1.0m | sec_step=0.23
[libero_spatial_swap] task 1 ep 5 step 125/350 | elapsed=0.5m | eta=0.9m | sec_step=0.23
[libero_spatial_swap] task 1 ep 5 step 150/350 | elapsed=0.6m | eta=0.8m | sec_step=0.23
[libero_spatial_swap] task 1 ep 5 step 175/350 | elapsed=0.7m | eta=0.7m | sec_step=0.23
[libero_spatial_swap] task 1 ep 5 step 200/350 | elapsed=0.8m | eta=0.6m | sec_step=0.23
[libero_spatial_swap] task 1 ep 5 step 225/350 | elapsed=0.9m | eta=0.5m | sec_step=0.23
[libero_spatial_swap] task 1 ep 5 step 250/350 | elapsed=1.0m | eta=0.4m | sec_step=0.23
[libero_spatial_swap] task 1 ep 5 step 275/350 | elapsed=1.1m | eta=0.3m | sec_step=0.23
[libero_spatial_swap] task 1 ep 5 step 300/350 | elapsed=1.1m | eta=0.2m | sec_step=0.23
[libero_spatial_swap] task 1 ep 5 step 325/350 | elapsed=1.2m | eta=0.1m | sec_step=0.23
[libero_spatial_swap] task 1 ep 5 step 350/350 | elapsed=1.3m | eta=0.0m | sec_step=0.23
[libero_spatial_swap] task 1 ('pick up the black bowl next to the ramekin and place it on the plate') ep 5: fail | episode_time=1.4m
[libero_spatial_swap] task 1 ep 6 start | max_steps=350 | instruction='pick up the black bowl next to the ramekin and place it on the plate'
[libero_spatial_swap] task 1 ep 6 step 1/350 | elapsed=0.0m | eta=1.4m | sec_step=0.24
[libero_spatial_swap] task 1 ep 6 step 25/350 | elapsed=0.1m | eta=1.2m | sec_step=0.23
[libero_spatial_swap] task 1 ep 6 step 50/350 | elapsed=0.2m | eta=1.1m | sec_step=0.23
[libero_spatial_swap] task 1 ep 6 step 75/350 | elapsed=0.3m | eta=1.0m | sec_step=0.23
[libero_spatial_swap] task 1 ep 6 step 100/350 | elapsed=0.4m | eta=1.0m | sec_step=0.23
[libero_spatial_swap] task 1 ep 6 step 125/350 | elapsed=0.5m | eta=0.9m | sec_step=0.23
[libero_spatial_swap] task 1 ep 6 step 150/350 | elapsed=0.6m | eta=0.8m | sec_step=0.23
[libero_spatial_swap] task 1 ep 6 step 175/350 | elapsed=0.7m | eta=0.7m | sec_step=0.23
[libero_spatial_swap] task 1 ep 6 step 200/350 | elapsed=0.8m | eta=0.6m | sec_step=0.23
[libero_spatial_swap] task 1 ep 6 step 225/350 | elapsed=0.9m | eta=0.5m | sec_step=0.23
[libero_spatial_swap] task 1 ep 6 step 250/350 | elapsed=1.0m | eta=0.4m | sec_step=0.23
[libero_spatial_swap] task 1 ep 6 step 275/350 | elapsed=1.0m | eta=0.3m | sec_step=0.23
[libero_spatial_swap] task 1 ep 6 step 300/350 | elapsed=1.1m | eta=0.2m | sec_step=0.23
[libero_spatial_swap] task 1 ep 6 step 325/350 | elapsed=1.2m | eta=0.1m | sec_step=0.23
[libero_spatial_swap] task 1 ep 6 step 350/350 | elapsed=1.3m | eta=0.0m | sec_step=0.23
[libero_spatial_swap] task 1 ('pick up the black bowl next to the ramekin and place it on the plate') ep 6: fail | episode_time=1.4m
[libero_spatial_swap] task 1 ep 7 start | max_steps=350 | instruction='pick up the black bowl next to the ramekin and place it on the plate'
[libero_spatial_swap] task 1 ep 7 step 1/350 | elapsed=0.0m | eta=1.4m | sec_step=0.23
[libero_spatial_swap] task 1 ep 7 step 25/350 | elapsed=0.1m | eta=1.2m | sec_step=0.23
[libero_spatial_swap] task 1 ep 7 step 50/350 | elapsed=0.2m | eta=1.1m | sec_step=0.23
[libero_spatial_swap] task 1 ep 7 step 75/350 | elapsed=0.3m | eta=1.0m | sec_step=0.23
[libero_spatial_swap] task 1 ep 7 step 100/350 | elapsed=0.4m | eta=0.9m | sec_step=0.23
[libero_spatial_swap] task 1 ep 7 step 125/350 | elapsed=0.5m | eta=0.9m | sec_step=0.23
[libero_spatial_swap] task 1 ep 7 step 150/350 | elapsed=0.6m | eta=0.8m | sec_step=0.23
[libero_spatial_swap] task 1 ep 7 step 175/350 | elapsed=0.7m | eta=0.7m | sec_step=0.23
[libero_spatial_swap] task 1 ep 7 step 200/350 | elapsed=0.8m | eta=0.6m | sec_step=0.23
[libero_spatial_swap] task 1 ep 7 step 225/350 | elapsed=0.9m | eta=0.5m | sec_step=0.23
[libero_spatial_swap] task 1 ep 7 step 250/350 | elapsed=0.9m | eta=0.4m | sec_step=0.23
[libero_spatial_swap] task 1 ep 7 step 275/350 | elapsed=1.0m | eta=0.3m | sec_step=0.23
[libero_spatial_swap] task 1 ep 7 step 300/350 | elapsed=1.1m | eta=0.2m | sec_step=0.23
[libero_spatial_swap] task 1 ep 7 step 325/350 | elapsed=1.2m | eta=0.1m | sec_step=0.23
[libero_spatial_swap] task 1 ep 7 step 350/350 | elapsed=1.3m | eta=0.0m | sec_step=0.23
[libero_spatial_swap] task 1 ('pick up the black bowl next to the ramekin and place it on the plate') ep 7: fail | episode_time=1.3m
[libero_spatial_swap] task 1 ep 8 start | max_steps=350 | instruction='pick up the black bowl next to the ramekin and place it on the plate'
[libero_spatial_swap] task 1 ep 8 step 1/350 | elapsed=0.0m | eta=1.4m | sec_step=0.23
[libero_spatial_swap] task 1 ep 8 step 25/350 | elapsed=0.1m | eta=1.2m | sec_step=0.23
[libero_spatial_swap] task 1 ep 8 step 50/350 | elapsed=0.2m | eta=1.1m | sec_step=0.23
[libero_spatial_swap] task 1 ep 8 step 75/350 | elapsed=0.3m | eta=1.0m | sec_step=0.23
[libero_spatial_swap] task 1 ep 8 step 100/350 | elapsed=0.4m | eta=1.0m | sec_step=0.23
[libero_spatial_swap] task 1 ep 8 step 125/350 | elapsed=0.5m | eta=0.9m | sec_step=0.23
[libero_spatial_swap] task 1 ep 8 step 150/350 | elapsed=0.6m | eta=0.8m | sec_step=0.23
[libero_spatial_swap] task 1 ep 8 step 175/350 | elapsed=0.7m | eta=0.7m | sec_step=0.23
[libero_spatial_swap] task 1 ep 8 step 200/350 | elapsed=0.8m | eta=0.6m | sec_step=0.23
[libero_spatial_swap] task 1 ep 8 step 225/350 | elapsed=0.9m | eta=0.5m | sec_step=0.23
[libero_spatial_swap] task 1 ep 8 step 250/350 | elapsed=1.0m | eta=0.4m | sec_step=0.23
[libero_spatial_swap] task 1 ep 8 step 275/350 | elapsed=1.1m | eta=0.3m | sec_step=0.23
[libero_spatial_swap] task 1 ep 8 step 300/350 | elapsed=1.2m | eta=0.2m | sec_step=0.23
[libero_spatial_swap] task 1 ep 8 step 325/350 | elapsed=1.2m | eta=0.1m | sec_step=0.23
[libero_spatial_swap] task 1 ep 8 step 350/350 | elapsed=1.3m | eta=0.0m | sec_step=0.23
[libero_spatial_swap] task 1 ('pick up the black bowl next to the ramekin and place it on the plate') ep 8: fail | episode_time=1.4m
[libero_spatial_swap] task 1 ep 9 start | max_steps=350 | instruction='pick up the black bowl next to the ramekin and place it on the plate'
[libero_spatial_swap] task 1 ep 9 step 1/350 | elapsed=0.0m | eta=1.4m | sec_step=0.23
[libero_spatial_swap] task 1 ep 9 step 25/350 | elapsed=0.1m | eta=1.2m | sec_step=0.23
[libero_spatial_swap] task 1 ep 9 step 50/350 | elapsed=0.2m | eta=1.1m | sec_step=0.23
[libero_spatial_swap] task 1 ep 9 step 75/350 | elapsed=0.3m | eta=1.0m | sec_step=0.23
[libero_spatial_swap] task 1 ep 9 step 100/350 | elapsed=0.4m | eta=0.9m | sec_step=0.23
[libero_spatial_swap] task 1 ep 9 step 125/350 | elapsed=0.5m | eta=0.9m | sec_step=0.23
[libero_spatial_swap] task 1 ep 9 step 150/350 | elapsed=0.6m | eta=0.8m | sec_step=0.23
[libero_spatial_swap] task 1 ep 9 step 175/350 | elapsed=0.7m | eta=0.7m | sec_step=0.23
[libero_spatial_swap] task 1 ep 9 step 200/350 | elapsed=0.8m | eta=0.6m | sec_step=0.23
[libero_spatial_swap] task 1 ep 9 step 225/350 | elapsed=0.9m | eta=0.5m | sec_step=0.23
[libero_spatial_swap] task 1 ep 9 step 250/350 | elapsed=1.0m | eta=0.4m | sec_step=0.23
[libero_spatial_swap] task 1 ep 9 step 275/350 | elapsed=1.0m | eta=0.3m | sec_step=0.23
[libero_spatial_swap] task 1 ep 9 step 300/350 | elapsed=1.1m | eta=0.2m | sec_step=0.23
[libero_spatial_swap] task 1 ep 9 step 325/350 | elapsed=1.2m | eta=0.1m | sec_step=0.23
[libero_spatial_swap] task 1 ep 9 step 350/350 | elapsed=1.3m | eta=0.0m | sec_step=0.23
[libero_spatial_swap] task 1 ('pick up the black bowl next to the ramekin and place it on the plate') ep 9: fail | episode_time=1.4m
[Warning]: datasets path /scratch/users/create/smrvmdo/projects/lapa-depth-modified-levi/datasets/LIBERO-PRO/libero/libero/datasets does not exist!
[libero_spatial_swap] task 2 ep 0 start | max_steps=350 | instruction='pick up the black bowl from table center and place it on the plate'
[libero_spatial_swap] task 2 ep 0 step 1/350 | elapsed=0.0m | eta=1.4m | sec_step=0.23
[libero_spatial_swap] task 2 ep 0 step 25/350 | elapsed=0.1m | eta=1.2m | sec_step=0.23
[libero_spatial_swap] task 2 ep 0 step 50/350 | elapsed=0.2m | eta=1.1m | sec_step=0.23
[libero_spatial_swap] task 2 ep 0 step 75/350 | elapsed=0.3m | eta=1.0m | sec_step=0.23
[libero_spatial_swap] task 2 ep 0 step 100/350 | elapsed=0.4m | eta=0.9m | sec_step=0.23
[libero_spatial_swap] task 2 ep 0 step 125/350 | elapsed=0.5m | eta=0.9m | sec_step=0.23
[libero_spatial_swap] task 2 ep 0 step 150/350 | elapsed=0.6m | eta=0.8m | sec_step=0.23
[libero_spatial_swap] task 2 ep 0 step 175/350 | elapsed=0.7m | eta=0.7m | sec_step=0.23
[libero_spatial_swap] task 2 ep 0 step 200/350 | elapsed=0.8m | eta=0.6m | sec_step=0.23
[libero_spatial_swap] task 2 ep 0 step 225/350 | elapsed=0.9m | eta=0.5m | sec_step=0.23
[libero_spatial_swap] task 2 ep 0 step 250/350 | elapsed=0.9m | eta=0.4m | sec_step=0.23
[libero_spatial_swap] task 2 ep 0 step 275/350 | elapsed=1.0m | eta=0.3m | sec_step=0.23
[libero_spatial_swap] task 2 ep 0 step 300/350 | elapsed=1.1m | eta=0.2m | sec_step=0.23
[libero_spatial_swap] task 2 ep 0 step 325/350 | elapsed=1.2m | eta=0.1m | sec_step=0.23
[libero_spatial_swap] task 2 ep 0 step 350/350 | elapsed=1.3m | eta=0.0m | sec_step=0.23
[libero_spatial_swap] task 2 ('pick up the black bowl from table center and place it on the plate') ep 0: fail | episode_time=1.4m
[libero_spatial_swap] task 2 ep 1 start | max_steps=350 | instruction='pick up the black bowl from table center and place it on the plate'
[libero_spatial_swap] task 2 ep 1 step 1/350 | elapsed=0.0m | eta=1.4m | sec_step=0.24
[libero_spatial_swap] task 2 ep 1 step 25/350 | elapsed=0.1m | eta=1.2m | sec_step=0.23
[libero_spatial_swap] task 2 ep 1 step 50/350 | elapsed=0.2m | eta=1.1m | sec_step=0.23
[libero_spatial_swap] task 2 ep 1 step 75/350 | elapsed=0.3m | eta=1.0m | sec_step=0.23
[libero_spatial_swap] task 2 ep 1 step 100/350 | elapsed=0.4m | eta=1.0m | sec_step=0.23
[libero_spatial_swap] task 2 ep 1 step 125/350 | elapsed=0.5m | eta=0.9m | sec_step=0.23
[libero_spatial_swap] task 2 ep 1 step 150/350 | elapsed=0.6m | eta=0.8m | sec_step=0.23
[libero_spatial_swap] task 2 ep 1 step 175/350 | elapsed=0.7m | eta=0.7m | sec_step=0.23
[libero_spatial_swap] task 2 ep 1 step 200/350 | elapsed=0.8m | eta=0.6m | sec_step=0.23
[libero_spatial_swap] task 2 ep 1 step 225/350 | elapsed=0.9m | eta=0.5m | sec_step=0.23
[libero_spatial_swap] task 2 ep 1 step 250/350 | elapsed=1.0m | eta=0.4m | sec_step=0.23
[libero_spatial_swap] task 2 ep 1 step 275/350 | elapsed=1.1m | eta=0.3m | sec_step=0.23
[libero_spatial_swap] task 2 ep 1 step 300/350 | elapsed=1.2m | eta=0.2m | sec_step=0.23
[libero_spatial_swap] task 2 ep 1 step 325/350 | elapsed=1.2m | eta=0.1m | sec_step=0.23
[libero_spatial_swap] task 2 ep 1 step 350/350 | elapsed=1.3m | eta=0.0m | sec_step=0.23
[libero_spatial_swap] task 2 ('pick up the black bowl from table center and place it on the plate') ep 1: fail | episode_time=1.4m
[libero_spatial_swap] task 2 ep 2 start | max_steps=350 | instruction='pick up the black bowl from table center and place it on the plate'
[libero_spatial_swap] task 2 ep 2 step 1/350 | elapsed=0.0m | eta=1.6m | sec_step=0.27
[libero_spatial_swap] task 2 ep 2 step 25/350 | elapsed=0.1m | eta=1.2m | sec_step=0.23
[libero_spatial_swap] task 2 ep 2 step 50/350 | elapsed=0.2m | eta=1.1m | sec_step=0.23
[libero_spatial_swap] task 2 ep 2 step 75/350 | elapsed=0.3m | eta=1.0m | sec_step=0.23
[libero_spatial_swap] task 2 ep 2 step 100/350 | elapsed=0.4m | eta=1.0m | sec_step=0.23
[libero_spatial_swap] task 2 ep 2 step 125/350 | elapsed=0.5m | eta=0.9m | sec_step=0.23
[libero_spatial_swap] task 2 ep 2 step 150/350 | elapsed=0.6m | eta=0.8m | sec_step=0.23
[libero_spatial_swap] task 2 ep 2 step 175/350 | elapsed=0.7m | eta=0.7m | sec_step=0.23
[libero_spatial_swap] task 2 ep 2 step 200/350 | elapsed=0.8m | eta=0.6m | sec_step=0.23
[libero_spatial_swap] task 2 ep 2 step 225/350 | elapsed=0.9m | eta=0.5m | sec_step=0.23
[libero_spatial_swap] task 2 ep 2 step 250/350 | elapsed=1.0m | eta=0.4m | sec_step=0.23
[libero_spatial_swap] task 2 ep 2 step 275/350 | elapsed=1.0m | eta=0.3m | sec_step=0.23
[libero_spatial_swap] task 2 ep 2 step 300/350 | elapsed=1.1m | eta=0.2m | sec_step=0.23
[libero_spatial_swap] task 2 ep 2 step 325/350 | elapsed=1.2m | eta=0.1m | sec_step=0.23
[libero_spatial_swap] task 2 ep 2 step 350/350 | elapsed=1.3m | eta=0.0m | sec_step=0.23
[libero_spatial_swap] task 2 ('pick up the black bowl from table center and place it on the plate') ep 2: fail | episode_time=1.4m
[libero_spatial_swap] task 2 ep 3 start | max_steps=350 | instruction='pick up the black bowl from table center and place it on the plate'
[libero_spatial_swap] task 2 ep 3 step 1/350 | elapsed=0.0m | eta=1.4m | sec_step=0.23
[libero_spatial_swap] task 2 ep 3 step 25/350 | elapsed=0.1m | eta=1.2m | sec_step=0.23
[libero_spatial_swap] task 2 ep 3 step 50/350 | elapsed=0.2m | eta=1.1m | sec_step=0.23
[libero_spatial_swap] task 2 ep 3 step 75/350 | elapsed=0.3m | eta=1.0m | sec_step=0.23
[libero_spatial_swap] task 2 ep 3 step 100/350 | elapsed=0.4m | eta=1.0m | sec_step=0.23
[libero_spatial_swap] task 2 ep 3 step 125/350 | elapsed=0.5m | eta=0.9m | sec_step=0.23
[libero_spatial_swap] task 2 ep 3 step 150/350 | elapsed=0.6m | eta=0.8m | sec_step=0.23
[libero_spatial_swap] task 2 ep 3 step 175/350 | elapsed=0.7m | eta=0.7m | sec_step=0.23
[libero_spatial_swap] task 2 ep 3 step 200/350 | elapsed=0.8m | eta=0.6m | sec_step=0.23
[libero_spatial_swap] task 2 ep 3 step 225/350 | elapsed=0.9m | eta=0.5m | sec_step=0.23
[libero_spatial_swap] task 2 ep 3 step 250/350 | elapsed=1.0m | eta=0.4m | sec_step=0.23
[libero_spatial_swap] task 2 ep 3 step 275/350 | elapsed=1.1m | eta=0.3m | sec_step=0.23
[libero_spatial_swap] task 2 ep 3 step 300/350 | elapsed=1.2m | eta=0.2m | sec_step=0.23
[libero_spatial_swap] task 2 ep 3 step 325/350 | elapsed=1.3m | eta=0.1m | sec_step=0.23
[libero_spatial_swap] task 2 ep 3 step 350/350 | elapsed=1.4m | eta=0.0m | sec_step=0.23
[libero_spatial_swap] task 2 ('pick up the black bowl from table center and place it on the plate') ep 3: fail | episode_time=1.4m
[libero_spatial_swap] task 2 ep 4 start | max_steps=350 | instruction='pick up the black bowl from table center and place it on the plate'
[libero_spatial_swap] task 2 ep 4 step 1/350 | elapsed=0.0m | eta=1.4m | sec_step=0.23
[libero_spatial_swap] task 2 ep 4 step 25/350 | elapsed=0.1m | eta=1.2m | sec_step=0.23
[libero_spatial_swap] task 2 ep 4 step 50/350 | elapsed=0.2m | eta=1.1m | sec_step=0.23
[libero_spatial_swap] task 2 ep 4 step 75/350 | elapsed=0.3m | eta=1.1m | sec_step=0.23
[libero_spatial_swap] task 2 ep 4 step 100/350 | elapsed=0.4m | eta=1.0m | sec_step=0.23
[libero_spatial_swap] task 2 ep 4 step 125/350 | elapsed=0.5m | eta=0.9m | sec_step=0.23
[libero_spatial_swap] task 2 ep 4 step 150/350 | elapsed=0.6m | eta=0.8m | sec_step=0.23
[libero_spatial_swap] task 2 ep 4 step 175/350 | elapsed=0.7m | eta=0.7m | sec_step=0.23
[libero_spatial_swap] task 2 ep 4 step 200/350 | elapsed=0.8m | eta=0.6m | sec_step=0.23
[libero_spatial_swap] task 2 ep 4 step 225/350 | elapsed=0.9m | eta=0.5m | sec_step=0.23
[libero_spatial_swap] task 2 ep 4 step 250/350 | elapsed=1.0m | eta=0.4m | sec_step=0.23
[libero_spatial_swap] task 2 ep 4 step 275/350 | elapsed=1.1m | eta=0.3m | sec_step=0.23
[libero_spatial_swap] task 2 ep 4 step 300/350 | elapsed=1.2m | eta=0.2m | sec_step=0.23
[libero_spatial_swap] task 2 ep 4 step 325/350 | elapsed=1.3m | eta=0.1m | sec_step=0.23
[libero_spatial_swap] task 2 ep 4 step 350/350 | elapsed=1.3m | eta=0.0m | sec_step=0.23
[libero_spatial_swap] task 2 ('pick up the black bowl from table center and place it on the plate') ep 4: fail | episode_time=1.4m
[libero_spatial_swap] task 2 ep 5 start | max_steps=350 | instruction='pick up the black bowl from table center and place it on the plate'
[libero_spatial_swap] task 2 ep 5 step 1/350 | elapsed=0.0m | eta=1.4m | sec_step=0.24
[libero_spatial_swap] task 2 ep 5 step 25/350 | elapsed=0.1m | eta=1.2m | sec_step=0.23
[libero_spatial_swap] task 2 ep 5 step 50/350 | elapsed=0.2m | eta=1.1m | sec_step=0.23
[libero_spatial_swap] task 2 ep 5 step 75/350 | elapsed=0.3m | eta=1.0m | sec_step=0.23
[libero_spatial_swap] task 2 ep 5 step 100/350 | elapsed=0.4m | eta=1.0m | sec_step=0.23
[libero_spatial_swap] task 2 ep 5 step 125/350 | elapsed=0.5m | eta=0.9m | sec_step=0.23
[libero_spatial_swap] task 2 ep 5 step 150/350 | elapsed=0.6m | eta=0.8m | sec_step=0.23
[libero_spatial_swap] task 2 ep 5 step 175/350 | elapsed=0.7m | eta=0.7m | sec_step=0.23
[libero_spatial_swap] task 2 ep 5 step 200/350 | elapsed=0.8m | eta=0.6m | sec_step=0.23
[libero_spatial_swap] task 2 ep 5 step 225/350 | elapsed=0.9m | eta=0.5m | sec_step=0.23
[libero_spatial_swap] task 2 ep 5 step 250/350 | elapsed=1.0m | eta=0.4m | sec_step=0.23
[libero_spatial_swap] task 2 ep 5 step 275/350 | elapsed=1.1m | eta=0.3m | sec_step=0.23
[libero_spatial_swap] task 2 ep 5 step 300/350 | elapsed=1.2m | eta=0.2m | sec_step=0.23
[libero_spatial_swap] task 2 ep 5 step 325/350 | elapsed=1.3m | eta=0.1m | sec_step=0.23
[libero_spatial_swap] task 2 ep 5 step 350/350 | elapsed=1.3m | eta=0.0m | sec_step=0.23
[libero_spatial_swap] task 2 ('pick up the black bowl from table center and place it on the plate') ep 5: fail | episode_time=1.4m
[libero_spatial_swap] task 2 ep 6 start | max_steps=350 | instruction='pick up the black bowl from table center and place it on the plate'
[libero_spatial_swap] task 2 ep 6 step 1/350 | elapsed=0.0m | eta=1.4m | sec_step=0.24
[libero_spatial_swap] task 2 ep 6 step 25/350 | elapsed=0.1m | eta=1.2m | sec_step=0.23
[libero_spatial_swap] task 2 ep 6 step 50/350 | elapsed=0.2m | eta=1.1m | sec_step=0.23
[libero_spatial_swap] task 2 ep 6 step 75/350 | elapsed=0.3m | eta=1.0m | sec_step=0.23
[libero_spatial_swap] task 2 ep 6 step 100/350 | elapsed=0.4m | eta=1.0m | sec_step=0.23
[libero_spatial_swap] task 2 ep 6 step 125/350 | elapsed=0.5m | eta=0.9m | sec_step=0.23
[libero_spatial_swap] task 2 ep 6 step 150/350 | elapsed=0.6m | eta=0.8m | sec_step=0.23
[libero_spatial_swap] task 2 ep 6 step 175/350 | elapsed=0.7m | eta=0.7m | sec_step=0.23
[libero_spatial_swap] task 2 ep 6 step 200/350 | elapsed=0.8m | eta=0.6m | sec_step=0.23
[libero_spatial_swap] task 2 ep 6 step 225/350 | elapsed=0.9m | eta=0.5m | sec_step=0.23
[libero_spatial_swap] task 2 ep 6 step 250/350 | elapsed=1.0m | eta=0.4m | sec_step=0.23
[libero_spatial_swap] task 2 ep 6 step 275/350 | elapsed=1.1m | eta=0.3m | sec_step=0.23
[libero_spatial_swap] task 2 ep 6 step 300/350 | elapsed=1.2m | eta=0.2m | sec_step=0.23
[libero_spatial_swap] task 2 ep 6 step 325/350 | elapsed=1.2m | eta=0.1m | sec_step=0.23
[libero_spatial_swap] task 2 ep 6 step 350/350 | elapsed=1.3m | eta=0.0m | sec_step=0.23
[libero_spatial_swap] task 2 ('pick up the black bowl from table center and place it on the plate') ep 6: fail | episode_time=1.4m
[libero_spatial_swap] task 2 ep 7 start | max_steps=350 | instruction='pick up the black bowl from table center and place it on the plate'
[libero_spatial_swap] task 2 ep 7 step 1/350 | elapsed=0.0m | eta=1.4m | sec_step=0.23
[libero_spatial_swap] task 2 ep 7 step 25/350 | elapsed=0.1m | eta=1.2m | sec_step=0.23
[libero_spatial_swap] task 2 ep 7 step 50/350 | elapsed=0.2m | eta=1.1m | sec_step=0.23
[libero_spatial_swap] task 2 ep 7 step 75/350 | elapsed=0.3m | eta=1.0m | sec_step=0.23
[libero_spatial_swap] task 2 ep 7 step 100/350 | elapsed=0.4m | eta=1.0m | sec_step=0.23
[libero_spatial_swap] task 2 ep 7 step 125/350 | elapsed=0.5m | eta=0.9m | sec_step=0.23
[libero_spatial_swap] task 2 ep 7 step 150/350 | elapsed=0.6m | eta=0.8m | sec_step=0.23
[libero_spatial_swap] task 2 ep 7 step 175/350 | elapsed=0.7m | eta=0.7m | sec_step=0.23
[libero_spatial_swap] task 2 ep 7 step 200/350 | elapsed=0.8m | eta=0.6m | sec_step=0.23
[libero_spatial_swap] task 2 ep 7 step 225/350 | elapsed=0.9m | eta=0.5m | sec_step=0.23
[libero_spatial_swap] task 2 ep 7 step 250/350 | elapsed=1.0m | eta=0.4m | sec_step=0.23
[libero_spatial_swap] task 2 ep 7 step 275/350 | elapsed=1.1m | eta=0.3m | sec_step=0.23
[libero_spatial_swap] task 2 ep 7 step 300/350 | elapsed=1.2m | eta=0.2m | sec_step=0.23
[libero_spatial_swap] task 2 ep 7 step 325/350 | elapsed=1.3m | eta=0.1m | sec_step=0.23
[libero_spatial_swap] task 2 ep 7 step 350/350 | elapsed=1.4m | eta=0.0m | sec_step=0.23
[libero_spatial_swap] task 2 ('pick up the black bowl from table center and place it on the plate') ep 7: fail | episode_time=1.4m
[libero_spatial_swap] task 2 ep 8 start | max_steps=350 | instruction='pick up the black bowl from table center and place it on the plate'
[libero_spatial_swap] task 2 ep 8 step 1/350 | elapsed=0.0m | eta=1.4m | sec_step=0.23
[libero_spatial_swap] task 2 ep 8 step 25/350 | elapsed=0.1m | eta=1.2m | sec_step=0.23
[libero_spatial_swap] task 2 ep 8 step 50/350 | elapsed=0.2m | eta=1.1m | sec_step=0.23
[libero_spatial_swap] task 2 ep 8 step 75/350 | elapsed=0.3m | eta=1.0m | sec_step=0.23
[libero_spatial_swap] task 2 ep 8 step 100/350 | elapsed=0.4m | eta=1.0m | sec_step=0.23
[libero_spatial_swap] task 2 ep 8 step 125/350 | elapsed=0.5m | eta=0.9m | sec_step=0.23
[libero_spatial_swap] task 2 ep 8 step 150/350 | elapsed=0.6m | eta=0.8m | sec_step=0.23
[libero_spatial_swap] task 2 ep 8 step 175/350 | elapsed=0.7m | eta=0.7m | sec_step=0.23
[libero_spatial_swap] task 2 ep 8 step 200/350 | elapsed=0.8m | eta=0.6m | sec_step=0.23
[libero_spatial_swap] task 2 ep 8 step 225/350 | elapsed=0.9m | eta=0.5m | sec_step=0.23
[libero_spatial_swap] task 2 ep 8 step 250/350 | elapsed=1.0m | eta=0.4m | sec_step=0.23
[libero_spatial_swap] task 2 ep 8 step 275/350 | elapsed=1.1m | eta=0.3m | sec_step=0.23
[libero_spatial_swap] task 2 ep 8 step 300/350 | elapsed=1.2m | eta=0.2m | sec_step=0.23
[libero_spatial_swap] task 2 ep 8 step 325/350 | elapsed=1.3m | eta=0.1m | sec_step=0.23
[libero_spatial_swap] task 2 ep 8 step 350/350 | elapsed=1.4m | eta=0.0m | sec_step=0.23
[libero_spatial_swap] task 2 ('pick up the black bowl from table center and place it on the plate') ep 8: fail | episode_time=1.4m
[libero_spatial_swap] task 2 ep 9 start | max_steps=350 | instruction='pick up the black bowl from table center and place it on the plate'
[libero_spatial_swap] task 2 ep 9 step 1/350 | elapsed=0.0m | eta=1.4m | sec_step=0.24
[libero_spatial_swap] task 2 ep 9 step 25/350 | elapsed=0.1m | eta=1.2m | sec_step=0.23
[libero_spatial_swap] task 2 ep 9 step 50/350 | elapsed=0.2m | eta=1.1m | sec_step=0.23
[libero_spatial_swap] task 2 ep 9 step 75/350 | elapsed=0.3m | eta=1.0m | sec_step=0.23
[libero_spatial_swap] task 2 ep 9 step 100/350 | elapsed=0.4m | eta=1.0m | sec_step=0.23
[libero_spatial_swap] task 2 ep 9 step 125/350 | elapsed=0.5m | eta=0.9m | sec_step=0.23
[libero_spatial_swap] task 2 ep 9 step 150/350 | elapsed=0.6m | eta=0.8m | sec_step=0.23
[libero_spatial_swap] task 2 ep 9 step 175/350 | elapsed=0.7m | eta=0.7m | sec_step=0.23
[libero_spatial_swap] task 2 ep 9 step 200/350 | elapsed=0.8m | eta=0.6m | sec_step=0.23
[libero_spatial_swap] task 2 ep 9 step 225/350 | elapsed=0.9m | eta=0.5m | sec_step=0.23
[libero_spatial_swap] task 2 ep 9 step 250/350 | elapsed=1.0m | eta=0.4m | sec_step=0.23
[libero_spatial_swap] task 2 ep 9 step 275/350 | elapsed=1.1m | eta=0.3m | sec_step=0.23
[libero_spatial_swap] task 2 ep 9 step 300/350 | elapsed=1.2m | eta=0.2m | sec_step=0.23
[libero_spatial_swap] task 2 ep 9 step 325/350 | elapsed=1.3m | eta=0.1m | sec_step=0.23
[libero_spatial_swap] task 2 ep 9 step 350/350 | elapsed=1.4m | eta=0.0m | sec_step=0.23
[libero_spatial_swap] task 2 ('pick up the black bowl from table center and place it on the plate') ep 9: fail | episode_time=1.4m
[Warning]: datasets path /scratch/users/create/smrvmdo/projects/lapa-depth-modified-levi/datasets/LIBERO-PRO/libero/libero/datasets does not exist!
[libero_spatial_swap] task 3 ep 0 start | max_steps=350 | instruction='pick up the black bowl on the cookie box and place it on the plate'
[libero_spatial_swap] task 3 ep 0 step 1/350 | elapsed=0.0m | eta=1.4m | sec_step=0.23
[libero_spatial_swap] task 3 ep 0 step 25/350 | elapsed=0.1m | eta=1.2m | sec_step=0.23
[libero_spatial_swap] task 3 ep 0 step 50/350 | elapsed=0.2m | eta=1.1m | sec_step=0.23
[libero_spatial_swap] task 3 ep 0 step 75/350 | elapsed=0.3m | eta=1.0m | sec_step=0.23
[libero_spatial_swap] task 3 ep 0 step 100/350 | elapsed=0.4m | eta=1.0m | sec_step=0.23
[libero_spatial_swap] task 3 ep 0 step 125/350 | elapsed=0.5m | eta=0.9m | sec_step=0.23
[libero_spatial_swap] task 3 ep 0 step 150/350 | elapsed=0.6m | eta=0.8m | sec_step=0.23
[libero_spatial_swap] task 3 ep 0 step 175/350 | elapsed=0.7m | eta=0.7m | sec_step=0.23
[libero_spatial_swap] task 3 ep 0 step 200/350 | elapsed=0.8m | eta=0.6m | sec_step=0.23
[libero_spatial_swap] task 3 ep 0 step 225/350 | elapsed=0.9m | eta=0.5m | sec_step=0.23
[libero_spatial_swap] task 3 ep 0 step 250/350 | elapsed=1.0m | eta=0.4m | sec_step=0.23
[libero_spatial_swap] task 3 ep 0 step 275/350 | elapsed=1.0m | eta=0.3m | sec_step=0.23
[libero_spatial_swap] task 3 ep 0 step 300/350 | elapsed=1.1m | eta=0.2m | sec_step=0.23
[libero_spatial_swap] task 3 ep 0 step 325/350 | elapsed=1.2m | eta=0.1m | sec_step=0.23
[libero_spatial_swap] task 3 ep 0 step 350/350 | elapsed=1.3m | eta=0.0m | sec_step=0.23
[libero_spatial_swap] task 3 ('pick up the black bowl on the cookie box and place it on the plate') ep 0: fail | episode_time=1.4m
[libero_spatial_swap] task 3 ep 1 start | max_steps=350 | instruction='pick up the black bowl on the cookie box and place it on the plate'
[libero_spatial_swap] task 3 ep 1 step 1/350 | elapsed=0.0m | eta=1.4m | sec_step=0.23
[libero_spatial_swap] task 3 ep 1 step 25/350 | elapsed=0.1m | eta=1.2m | sec_step=0.23
[libero_spatial_swap] task 3 ep 1 step 50/350 | elapsed=0.2m | eta=1.1m | sec_step=0.23
[libero_spatial_swap] task 3 ep 1 step 75/350 | elapsed=0.3m | eta=1.0m | sec_step=0.23
[libero_spatial_swap] task 3 ep 1 step 100/350 | elapsed=0.4m | eta=1.0m | sec_step=0.23
[libero_spatial_swap] task 3 ep 1 step 125/350 | elapsed=0.5m | eta=0.9m | sec_step=0.23
[libero_spatial_swap] task 3 ep 1 step 150/350 | elapsed=0.6m | eta=0.8m | sec_step=0.23
[libero_spatial_swap] task 3 ep 1 step 175/350 | elapsed=0.7m | eta=0.7m | sec_step=0.23
[libero_spatial_swap] task 3 ep 1 step 200/350 | elapsed=0.8m | eta=0.6m | sec_step=0.23
[libero_spatial_swap] task 3 ep 1 step 225/350 | elapsed=0.9m | eta=0.5m | sec_step=0.23
[libero_spatial_swap] task 3 ep 1 step 250/350 | elapsed=1.0m | eta=0.4m | sec_step=0.23
[libero_spatial_swap] task 3 ep 1 step 275/350 | elapsed=1.0m | eta=0.3m | sec_step=0.23
[libero_spatial_swap] task 3 ep 1 step 300/350 | elapsed=1.1m | eta=0.2m | sec_step=0.23
[libero_spatial_swap] task 3 ep 1 step 325/350 | elapsed=1.2m | eta=0.1m | sec_step=0.23
[libero_spatial_swap] task 3 ep 1 step 350/350 | elapsed=1.3m | eta=0.0m | sec_step=0.23
[libero_spatial_swap] task 3 ('pick up the black bowl on the cookie box and place it on the plate') ep 1: fail | episode_time=1.4m
[libero_spatial_swap] task 3 ep 2 start | max_steps=350 | instruction='pick up the black bowl on the cookie box and place it on the plate'
[libero_spatial_swap] task 3 ep 2 step 1/350 | elapsed=0.0m | eta=1.4m | sec_step=0.23
[libero_spatial_swap] task 3 ep 2 step 25/350 | elapsed=0.1m | eta=1.2m | sec_step=0.23
[libero_spatial_swap] task 3 ep 2 step 50/350 | elapsed=0.2m | eta=1.1m | sec_step=0.23
[libero_spatial_swap] task 3 ep 2 step 75/350 | elapsed=0.3m | eta=1.0m | sec_step=0.23
[libero_spatial_swap] task 3 ep 2 step 100/350 | elapsed=0.4m | eta=0.9m | sec_step=0.23
[libero_spatial_swap] task 3 ep 2 step 125/350 | elapsed=0.5m | eta=0.9m | sec_step=0.23
[libero_spatial_swap] task 3 ep 2 step 150/350 | elapsed=0.6m | eta=0.8m | sec_step=0.23
[libero_spatial_swap] task 3 ep 2 step 175/350 | elapsed=0.7m | eta=0.7m | sec_step=0.23
[libero_spatial_swap] task 3 ep 2 step 200/350 | elapsed=0.8m | eta=0.6m | sec_step=0.23
[libero_spatial_swap] task 3 ep 2 step 225/350 | elapsed=0.9m | eta=0.5m | sec_step=0.23
[libero_spatial_swap] task 3 ep 2 step 250/350 | elapsed=0.9m | eta=0.4m | sec_step=0.23
[libero_spatial_swap] task 3 ep 2 step 275/350 | elapsed=1.0m | eta=0.3m | sec_step=0.23
[libero_spatial_swap] task 3 ep 2 step 300/350 | elapsed=1.1m | eta=0.2m | sec_step=0.23
[libero_spatial_swap] task 3 ep 2 step 325/350 | elapsed=1.2m | eta=0.1m | sec_step=0.23
[libero_spatial_swap] task 3 ep 2 step 350/350 | elapsed=1.3m | eta=0.0m | sec_step=0.23
[libero_spatial_swap] task 3 ('pick up the black bowl on the cookie box and place it on the plate') ep 2: fail | episode_time=1.3m
[libero_spatial_swap] task 3 ep 3 start | max_steps=350 | instruction='pick up the black bowl on the cookie box and place it on the plate'
[libero_spatial_swap] task 3 ep 3 step 1/350 | elapsed=0.0m | eta=1.4m | sec_step=0.24
[libero_spatial_swap] task 3 ep 3 step 25/350 | elapsed=0.1m | eta=1.2m | sec_step=0.23
[libero_spatial_swap] task 3 ep 3 step 50/350 | elapsed=0.2m | eta=1.1m | sec_step=0.23
[libero_spatial_swap] task 3 ep 3 step 75/350 | elapsed=0.3m | eta=1.0m | sec_step=0.23
[libero_spatial_swap] task 3 ep 3 step 100/350 | elapsed=0.4m | eta=0.9m | sec_step=0.23
[libero_spatial_swap] task 3 ep 3 step 125/350 | elapsed=0.5m | eta=0.9m | sec_step=0.23
[libero_spatial_swap] task 3 ep 3 step 150/350 | elapsed=0.6m | eta=0.8m | sec_step=0.23
[libero_spatial_swap] task 3 ep 3 step 175/350 | elapsed=0.7m | eta=0.7m | sec_step=0.23
[libero_spatial_swap] task 3 ep 3 step 200/350 | elapsed=0.8m | eta=0.6m | sec_step=0.23
[libero_spatial_swap] task 3 ep 3 step 225/350 | elapsed=0.9m | eta=0.5m | sec_step=0.23
[libero_spatial_swap] task 3 ep 3 step 250/350 | elapsed=0.9m | eta=0.4m | sec_step=0.23
[libero_spatial_swap] task 3 ep 3 step 275/350 | elapsed=1.0m | eta=0.3m | sec_step=0.23
[libero_spatial_swap] task 3 ep 3 step 300/350 | elapsed=1.1m | eta=0.2m | sec_step=0.23
[libero_spatial_swap] task 3 ep 3 step 325/350 | elapsed=1.2m | eta=0.1m | sec_step=0.23
[libero_spatial_swap] task 3 ep 3 step 350/350 | elapsed=1.3m | eta=0.0m | sec_step=0.23
[libero_spatial_swap] task 3 ('pick up the black bowl on the cookie box and place it on the plate') ep 3: fail | episode_time=1.3m
[libero_spatial_swap] task 3 ep 4 start | max_steps=350 | instruction='pick up the black bowl on the cookie box and place it on the plate'
[libero_spatial_swap] task 3 ep 4 step 1/350 | elapsed=0.0m | eta=1.4m | sec_step=0.24
[libero_spatial_swap] task 3 ep 4 step 25/350 | elapsed=0.1m | eta=1.2m | sec_step=0.23
[libero_spatial_swap] task 3 ep 4 step 50/350 | elapsed=0.2m | eta=1.1m | sec_step=0.23
[libero_spatial_swap] task 3 ep 4 step 75/350 | elapsed=0.3m | eta=1.0m | sec_step=0.23
[libero_spatial_swap] task 3 ep 4 step 100/350 | elapsed=0.4m | eta=1.0m | sec_step=0.23
[libero_spatial_swap] task 3 ep 4 step 125/350 | elapsed=0.5m | eta=0.9m | sec_step=0.23
[libero_spatial_swap] task 3 ep 4 step 150/350 | elapsed=0.6m | eta=0.8m | sec_step=0.23
[libero_spatial_swap] task 3 ep 4 step 175/350 | elapsed=0.7m | eta=0.7m | sec_step=0.23
[libero_spatial_swap] task 3 ep 4 step 200/350 | elapsed=0.8m | eta=0.6m | sec_step=0.23
[libero_spatial_swap] task 3 ep 4 step 225/350 | elapsed=0.9m | eta=0.5m | sec_step=0.23
[libero_spatial_swap] task 3 ep 4 step 250/350 | elapsed=1.0m | eta=0.4m | sec_step=0.23
[libero_spatial_swap] task 3 ep 4 step 275/350 | elapsed=1.1m | eta=0.3m | sec_step=0.23
[libero_spatial_swap] task 3 ep 4 step 300/350 | elapsed=1.1m | eta=0.2m | sec_step=0.23
[libero_spatial_swap] task 3 ep 4 step 325/350 | elapsed=1.2m | eta=0.1m | sec_step=0.23
[libero_spatial_swap] task 3 ep 4 step 350/350 | elapsed=1.3m | eta=0.0m | sec_step=0.23
[libero_spatial_swap] task 3 ('pick up the black bowl on the cookie box and place it on the plate') ep 4: fail | episode_time=1.4m
[libero_spatial_swap] task 3 ep 5 start | max_steps=350 | instruction='pick up the black bowl on the cookie box and place it on the plate'
[libero_spatial_swap] task 3 ep 5 step 1/350 | elapsed=0.0m | eta=1.4m | sec_step=0.24
[libero_spatial_swap] task 3 ep 5 step 25/350 | elapsed=0.1m | eta=1.2m | sec_step=0.23
[libero_spatial_swap] task 3 ep 5 step 50/350 | elapsed=0.2m | eta=1.1m | sec_step=0.23
[libero_spatial_swap] task 3 ep 5 step 75/350 | elapsed=0.3m | eta=1.0m | sec_step=0.23
[libero_spatial_swap] task 3 ep 5 step 100/350 | elapsed=0.4m | eta=0.9m | sec_step=0.23
[libero_spatial_swap] task 3 ep 5 step 125/350 | elapsed=0.5m | eta=0.9m | sec_step=0.23
[libero_spatial_swap] task 3 ep 5 step 150/350 | elapsed=0.6m | eta=0.8m | sec_step=0.23
[libero_spatial_swap] task 3 ep 5 step 175/350 | elapsed=0.7m | eta=0.7m | sec_step=0.23
[libero_spatial_swap] task 3 ep 5 step 200/350 | elapsed=0.8m | eta=0.6m | sec_step=0.23
[libero_spatial_swap] task 3 ep 5 step 225/350 | elapsed=0.9m | eta=0.5m | sec_step=0.23
[libero_spatial_swap] task 3 ep 5 step 250/350 | elapsed=1.0m | eta=0.4m | sec_step=0.23
[libero_spatial_swap] task 3 ep 5 step 275/350 | elapsed=1.1m | eta=0.3m | sec_step=0.23
[libero_spatial_swap] task 3 ep 5 step 300/350 | elapsed=1.2m | eta=0.2m | sec_step=0.23
[libero_spatial_swap] task 3 ep 5 step 325/350 | elapsed=1.3m | eta=0.1m | sec_step=0.23
[libero_spatial_swap] task 3 ep 5 step 350/350 | elapsed=1.4m | eta=0.0m | sec_step=0.23
[libero_spatial_swap] task 3 ('pick up the black bowl on the cookie box and place it on the plate') ep 5: fail | episode_time=1.4m
[libero_spatial_swap] task 3 ep 6 start | max_steps=350 | instruction='pick up the black bowl on the cookie box and place it on the plate'
[libero_spatial_swap] task 3 ep 6 step 1/350 | elapsed=0.0m | eta=1.4m | sec_step=0.24
[libero_spatial_swap] task 3 ep 6 step 25/350 | elapsed=0.1m | eta=1.2m | sec_step=0.23
[libero_spatial_swap] task 3 ep 6 step 50/350 | elapsed=0.2m | eta=1.1m | sec_step=0.23
[libero_spatial_swap] task 3 ep 6 step 75/350 | elapsed=0.3m | eta=1.0m | sec_step=0.23
[libero_spatial_swap] task 3 ep 6 step 100/350 | elapsed=0.4m | eta=1.0m | sec_step=0.23
[libero_spatial_swap] task 3 ep 6 step 125/350 | elapsed=0.5m | eta=0.9m | sec_step=0.23
[libero_spatial_swap] task 3 ep 6 step 150/350 | elapsed=0.6m | eta=0.8m | sec_step=0.23
[libero_spatial_swap] task 3 ep 6 step 175/350 | elapsed=0.7m | eta=0.7m | sec_step=0.23
[libero_spatial_swap] task 3 ep 6 step 200/350 | elapsed=0.8m | eta=0.6m | sec_step=0.23
[libero_spatial_swap] task 3 ep 6 step 225/350 | elapsed=0.9m | eta=0.5m | sec_step=0.23
[libero_spatial_swap] task 3 ep 6 step 250/350 | elapsed=1.0m | eta=0.4m | sec_step=0.23
[libero_spatial_swap] task 3 ep 6 step 275/350 | elapsed=1.1m | eta=0.3m | sec_step=0.23
[libero_spatial_swap] task 3 ep 6 step 300/350 | elapsed=1.1m | eta=0.2m | sec_step=0.23
[libero_spatial_swap] task 3 ep 6 step 325/350 | elapsed=1.2m | eta=0.1m | sec_step=0.23
[libero_spatial_swap] task 3 ep 6 step 350/350 | elapsed=1.3m | eta=0.0m | sec_step=0.23
[libero_spatial_swap] task 3 ('pick up the black bowl on the cookie box and place it on the plate') ep 6: fail | episode_time=1.4m
[libero_spatial_swap] task 3 ep 7 start | max_steps=350 | instruction='pick up the black bowl on the cookie box and place it on the plate'
[libero_spatial_swap] task 3 ep 7 step 1/350 | elapsed=0.0m | eta=1.4m | sec_step=0.23
[libero_spatial_swap] task 3 ep 7 step 25/350 | elapsed=0.1m | eta=1.2m | sec_step=0.23
[libero_spatial_swap] task 3 ep 7 step 50/350 | elapsed=0.2m | eta=1.1m | sec_step=0.23
[libero_spatial_swap] task 3 ep 7 step 75/350 | elapsed=0.3m | eta=1.0m | sec_step=0.23
[libero_spatial_swap] task 3 ep 7 step 100/350 | elapsed=0.4m | eta=1.0m | sec_step=0.23
[libero_spatial_swap] task 3 ep 7 step 125/350 | elapsed=0.5m | eta=0.9m | sec_step=0.23
[libero_spatial_swap] task 3 ep 7 step 150/350 | elapsed=0.6m | eta=0.8m | sec_step=0.23
[libero_spatial_swap] task 3 ep 7 step 175/350 | elapsed=0.7m | eta=0.7m | sec_step=0.23
[libero_spatial_swap] task 3 ep 7 step 200/350 | elapsed=0.8m | eta=0.6m | sec_step=0.23
[libero_spatial_swap] task 3 ep 7 step 225/350 | elapsed=0.9m | eta=0.5m | sec_step=0.23
[libero_spatial_swap] task 3 ep 7 step 250/350 | elapsed=1.0m | eta=0.4m | sec_step=0.23
[libero_spatial_swap] task 3 ep 7 step 275/350 | elapsed=1.0m | eta=0.3m | sec_step=0.23
[libero_spatial_swap] task 3 ep 7 step 300/350 | elapsed=1.1m | eta=0.2m | sec_step=0.23
[libero_spatial_swap] task 3 ep 7 step 325/350 | elapsed=1.2m | eta=0.1m | sec_step=0.23
[libero_spatial_swap] task 3 ep 7 step 350/350 | elapsed=1.3m | eta=0.0m | sec_step=0.23
[libero_spatial_swap] task 3 ('pick up the black bowl on the cookie box and place it on the plate') ep 7: fail | episode_time=1.4m
[libero_spatial_swap] task 3 ep 8 start | max_steps=350 | instruction='pick up the black bowl on the cookie box and place it on the plate'
[libero_spatial_swap] task 3 ep 8 step 1/350 | elapsed=0.0m | eta=1.4m | sec_step=0.23
[libero_spatial_swap] task 3 ep 8 step 25/350 | elapsed=0.1m | eta=1.2m | sec_step=0.23
[libero_spatial_swap] task 3 ep 8 step 50/350 | elapsed=0.2m | eta=1.1m | sec_step=0.23
[libero_spatial_swap] task 3 ep 8 step 75/350 | elapsed=0.3m | eta=1.0m | sec_step=0.23
[libero_spatial_swap] task 3 ep 8 step 100/350 | elapsed=0.4m | eta=1.0m | sec_step=0.23
[libero_spatial_swap] task 3 ep 8 step 125/350 | elapsed=0.5m | eta=0.9m | sec_step=0.23
[libero_spatial_swap] task 3 ep 8 step 150/350 | elapsed=0.6m | eta=0.8m | sec_step=0.23
[libero_spatial_swap] task 3 ep 8 step 175/350 | elapsed=0.7m | eta=0.7m | sec_step=0.23
[libero_spatial_swap] task 3 ep 8 step 200/350 | elapsed=0.8m | eta=0.6m | sec_step=0.23
[libero_spatial_swap] task 3 ep 8 step 225/350 | elapsed=0.9m | eta=0.5m | sec_step=0.23
[libero_spatial_swap] task 3 ep 8 step 250/350 | elapsed=1.0m | eta=0.4m | sec_step=0.23
[libero_spatial_swap] task 3 ep 8 step 275/350 | elapsed=1.1m | eta=0.3m | sec_step=0.23
[libero_spatial_swap] task 3 ep 8 step 300/350 | elapsed=1.1m | eta=0.2m | sec_step=0.23
[libero_spatial_swap] task 3 ep 8 step 325/350 | elapsed=1.2m | eta=0.1m | sec_step=0.23
[libero_spatial_swap] task 3 ep 8 step 350/350 | elapsed=1.3m | eta=0.0m | sec_step=0.23
[libero_spatial_swap] task 3 ('pick up the black bowl on the cookie box and place it on the plate') ep 8: fail | episode_time=1.4m
[libero_spatial_swap] task 3 ep 9 start | max_steps=350 | instruction='pick up the black bowl on the cookie box and place it on the plate'
[libero_spatial_swap] task 3 ep 9 step 1/350 | elapsed=0.0m | eta=1.4m | sec_step=0.24
[libero_spatial_swap] task 3 ep 9 step 25/350 | elapsed=0.1m | eta=1.2m | sec_step=0.23
[libero_spatial_swap] task 3 ep 9 step 50/350 | elapsed=0.2m | eta=1.1m | sec_step=0.23
[libero_spatial_swap] task 3 ep 9 step 75/350 | elapsed=0.3m | eta=1.0m | sec_step=0.23
[libero_spatial_swap] task 3 ep 9 step 100/350 | elapsed=0.4m | eta=1.0m | sec_step=0.23
[libero_spatial_swap] task 3 ep 9 step 125/350 | elapsed=0.5m | eta=0.9m | sec_step=0.23
[libero_spatial_swap] task 3 ep 9 step 150/350 | elapsed=0.6m | eta=0.8m | sec_step=0.23
[libero_spatial_swap] task 3 ep 9 step 175/350 | elapsed=0.7m | eta=0.7m | sec_step=0.23
[libero_spatial_swap] task 3 ep 9 step 200/350 | elapsed=0.8m | eta=0.6m | sec_step=0.23
[libero_spatial_swap] task 3 ep 9 step 225/350 | elapsed=0.9m | eta=0.5m | sec_step=0.23
[libero_spatial_swap] task 3 ep 9 step 250/350 | elapsed=1.0m | eta=0.4m | sec_step=0.23
[libero_spatial_swap] task 3 ep 9 step 275/350 | elapsed=1.1m | eta=0.3m | sec_step=0.23
[libero_spatial_swap] task 3 ep 9 step 300/350 | elapsed=1.2m | eta=0.2m | sec_step=0.23
[libero_spatial_swap] task 3 ep 9 step 325/350 | elapsed=1.2m | eta=0.1m | sec_step=0.23
[libero_spatial_swap] task 3 ep 9 step 350/350 | elapsed=1.3m | eta=0.0m | sec_step=0.23
[libero_spatial_swap] task 3 ('pick up the black bowl on the cookie box and place it on the plate') ep 9: fail | episode_time=1.4m
[Warning]: datasets path /scratch/users/create/smrvmdo/projects/lapa-depth-modified-levi/datasets/LIBERO-PRO/libero/libero/datasets does not exist!
[libero_spatial_swap] task 4 ep 0 start | max_steps=350 | instruction='pick up the black bowl in the top drawer of the wooden cabinet and place it on the plate'
[libero_spatial_swap] task 4 ep 0 step 1/350 | elapsed=0.0m | eta=1.6m | sec_step=0.27
[libero_spatial_swap] task 4 ep 0 step 25/350 | elapsed=0.1m | eta=1.3m | sec_step=0.23
[libero_spatial_swap] task 4 ep 0 step 50/350 | elapsed=0.2m | eta=1.2m | sec_step=0.23
[libero_spatial_swap] task 4 ep 0 step 75/350 | elapsed=0.3m | eta=1.1m | sec_step=0.23
[libero_spatial_swap] task 4 ep 0 step 100/350 | elapsed=0.4m | eta=1.0m | sec_step=0.23
[libero_spatial_swap] task 4 ep 0 step 125/350 | elapsed=0.5m | eta=0.9m | sec_step=0.23
[libero_spatial_swap] task 4 ep 0 step 150/350 | elapsed=0.6m | eta=0.8m | sec_step=0.23
[libero_spatial_swap] task 4 ep 0 step 175/350 | elapsed=0.7m | eta=0.7m | sec_step=0.23
[libero_spatial_swap] task 4 ep 0 step 200/350 | elapsed=0.8m | eta=0.6m | sec_step=0.23
[libero_spatial_swap] task 4 ep 0 step 225/350 | elapsed=0.9m | eta=0.5m | sec_step=0.23
[libero_spatial_swap] task 4 ep 0 step 250/350 | elapsed=1.0m | eta=0.4m | sec_step=0.23
[libero_spatial_swap] task 4 ep 0 step 275/350 | elapsed=1.1m | eta=0.3m | sec_step=0.23
[libero_spatial_swap] task 4 ep 0 step 300/350 | elapsed=1.2m | eta=0.2m | sec_step=0.23
[libero_spatial_swap] task 4 ep 0 step 325/350 | elapsed=1.3m | eta=0.1m | sec_step=0.23
[libero_spatial_swap] task 4 ep 0 step 350/350 | elapsed=1.4m | eta=0.0m | sec_step=0.23
[libero_spatial_swap] task 4 ('pick up the black bowl in the top drawer of the wooden cabinet and place it on the plate') ep 0: fail | episode_time=1.4m
[libero_spatial_swap] task 4 ep 1 start | max_steps=350 | instruction='pick up the black bowl in the top drawer of the wooden cabinet and place it on the plate'
[libero_spatial_swap] task 4 ep 1 step 1/350 | elapsed=0.0m | eta=1.4m | sec_step=0.24
[libero_spatial_swap] task 4 ep 1 step 25/350 | elapsed=0.1m | eta=1.2m | sec_step=0.23
[libero_spatial_swap] task 4 ep 1 step 50/350 | elapsed=0.2m | eta=1.1m | sec_step=0.23
[libero_spatial_swap] task 4 ep 1 step 75/350 | elapsed=0.3m | eta=1.0m | sec_step=0.23
[libero_spatial_swap] task 4 ep 1 step 100/350 | elapsed=0.4m | eta=1.0m | sec_step=0.23
[libero_spatial_swap] task 4 ep 1 step 125/350 | elapsed=0.5m | eta=0.9m | sec_step=0.23
[libero_spatial_swap] task 4 ep 1 step 150/350 | elapsed=0.6m | eta=0.8m | sec_step=0.23
[libero_spatial_swap] task 4 ep 1 step 175/350 | elapsed=0.7m | eta=0.7m | sec_step=0.23
[libero_spatial_swap] task 4 ep 1 step 200/350 | elapsed=0.8m | eta=0.6m | sec_step=0.23
[libero_spatial_swap] task 4 ep 1 step 225/350 | elapsed=0.9m | eta=0.5m | sec_step=0.23
[libero_spatial_swap] task 4 ep 1 step 250/350 | elapsed=1.0m | eta=0.4m | sec_step=0.23
[libero_spatial_swap] task 4 ep 1 step 275/350 | elapsed=1.0m | eta=0.3m | sec_step=0.23
[libero_spatial_swap] task 4 ep 1 step 300/350 | elapsed=1.1m | eta=0.2m | sec_step=0.23
[libero_spatial_swap] task 4 ep 1 step 325/350 | elapsed=1.2m | eta=0.1m | sec_step=0.23
[libero_spatial_swap] task 4 ep 1 step 350/350 | elapsed=1.3m | eta=0.0m | sec_step=0.23
[libero_spatial_swap] task 4 ('pick up the black bowl in the top drawer of the wooden cabinet and place it on the plate') ep 1: fail | episode_time=1.4m
[libero_spatial_swap] task 4 ep 2 start | max_steps=350 | instruction='pick up the black bowl in the top drawer of the wooden cabinet and place it on the plate'
[libero_spatial_swap] task 4 ep 2 step 1/350 | elapsed=0.0m | eta=1.4m | sec_step=0.24
[libero_spatial_swap] task 4 ep 2 step 25/350 | elapsed=0.1m | eta=1.2m | sec_step=0.23
[libero_spatial_swap] task 4 ep 2 step 50/350 | elapsed=0.2m | eta=1.1m | sec_step=0.23
[libero_spatial_swap] task 4 ep 2 step 75/350 | elapsed=0.3m | eta=1.0m | sec_step=0.23
[libero_spatial_swap] task 4 ep 2 step 100/350 | elapsed=0.4m | eta=1.0m | sec_step=0.23
[libero_spatial_swap] task 4 ep 2 step 125/350 | elapsed=0.5m | eta=0.9m | sec_step=0.23
[libero_spatial_swap] task 4 ep 2 step 150/350 | elapsed=0.6m | eta=0.8m | sec_step=0.23
[libero_spatial_swap] task 4 ep 2 step 175/350 | elapsed=0.7m | eta=0.7m | sec_step=0.23
[libero_spatial_swap] task 4 ep 2 step 200/350 | elapsed=0.8m | eta=0.6m | sec_step=0.23
[libero_spatial_swap] task 4 ep 2 step 225/350 | elapsed=0.9m | eta=0.5m | sec_step=0.23
[libero_spatial_swap] task 4 ep 2 step 250/350 | elapsed=1.0m | eta=0.4m | sec_step=0.23
[libero_spatial_swap] task 4 ep 2 step 275/350 | elapsed=1.0m | eta=0.3m | sec_step=0.23
[libero_spatial_swap] task 4 ep 2 step 300/350 | elapsed=1.1m | eta=0.2m | sec_step=0.23
[libero_spatial_swap] task 4 ep 2 step 325/350 | elapsed=1.2m | eta=0.1m | sec_step=0.23
[libero_spatial_swap] task 4 ep 2 step 350/350 | elapsed=1.3m | eta=0.0m | sec_step=0.23
[libero_spatial_swap] task 4 ('pick up the black bowl in the top drawer of the wooden cabinet and place it on the plate') ep 2: fail | episode_time=1.4m
[libero_spatial_swap] task 4 ep 3 start | max_steps=350 | instruction='pick up the black bowl in the top drawer of the wooden cabinet and place it on the plate'
[libero_spatial_swap] task 4 ep 3 step 1/350 | elapsed=0.0m | eta=2.4m | sec_step=0.41
[libero_spatial_swap] task 4 ep 3 step 25/350 | elapsed=0.1m | eta=1.3m | sec_step=0.24
[libero_spatial_swap] task 4 ep 3 step 50/350 | elapsed=0.2m | eta=1.2m | sec_step=0.23
[libero_spatial_swap] task 4 ep 3 step 75/350 | elapsed=0.3m | eta=1.1m | sec_step=0.23
[libero_spatial_swap] task 4 ep 3 step 100/350 | elapsed=0.4m | eta=1.0m | sec_step=0.23
[libero_spatial_swap] task 4 ep 3 step 125/350 | elapsed=0.5m | eta=0.9m | sec_step=0.23
[libero_spatial_swap] task 4 ep 3 step 150/350 | elapsed=0.6m | eta=0.8m | sec_step=0.23
[libero_spatial_swap] task 4 ep 3 step 175/350 | elapsed=0.7m | eta=0.7m | sec_step=0.23
[libero_spatial_swap] task 4 ep 3 step 200/350 | elapsed=0.8m | eta=0.6m | sec_step=0.23
[libero_spatial_swap] task 4 ep 3 step 225/350 | elapsed=0.9m | eta=0.5m | sec_step=0.23
[libero_spatial_swap] task 4 ep 3 step 250/350 | elapsed=1.0m | eta=0.4m | sec_step=0.23
[libero_spatial_swap] task 4 ep 3 step 275/350 | elapsed=1.1m | eta=0.3m | sec_step=0.23
[libero_spatial_swap] task 4 ep 3 step 300/350 | elapsed=1.1m | eta=0.2m | sec_step=0.23
[libero_spatial_swap] task 4 ep 3 step 325/350 | elapsed=1.2m | eta=0.1m | sec_step=0.23
[libero_spatial_swap] task 4 ep 3 step 350/350 | elapsed=1.3m | eta=0.0m | sec_step=0.23
[libero_spatial_swap] task 4 ('pick up the black bowl in the top drawer of the wooden cabinet and place it on the plate') ep 3: fail | episode_time=1.4m
[libero_spatial_swap] task 4 ep 4 start | max_steps=350 | instruction='pick up the black bowl in the top drawer of the wooden cabinet and place it on the plate'
[libero_spatial_swap] task 4 ep 4 step 1/350 | elapsed=0.0m | eta=1.4m | sec_step=0.24
[libero_spatial_swap] task 4 ep 4 step 25/350 | elapsed=0.1m | eta=1.2m | sec_step=0.23
[libero_spatial_swap] task 4 ep 4 step 50/350 | elapsed=0.2m | eta=1.1m | sec_step=0.23
[libero_spatial_swap] task 4 ep 4 step 75/350 | elapsed=0.3m | eta=1.0m | sec_step=0.23
[libero_spatial_swap] task 4 ep 4 step 100/350 | elapsed=0.4m | eta=1.0m | sec_step=0.23
[libero_spatial_swap] task 4 ep 4 step 125/350 | elapsed=0.5m | eta=0.9m | sec_step=0.23
[libero_spatial_swap] task 4 ep 4 step 150/350 | elapsed=0.6m | eta=0.8m | sec_step=0.23
[libero_spatial_swap] task 4 ep 4 step 175/350 | elapsed=0.7m | eta=0.7m | sec_step=0.23
[libero_spatial_swap] task 4 ep 4 step 200/350 | elapsed=0.8m | eta=0.6m | sec_step=0.23
[libero_spatial_swap] task 4 ep 4 step 225/350 | elapsed=0.9m | eta=0.5m | sec_step=0.23
[libero_spatial_swap] task 4 ep 4 step 250/350 | elapsed=1.0m | eta=0.4m | sec_step=0.23
[libero_spatial_swap] task 4 ep 4 step 275/350 | elapsed=1.0m | eta=0.3m | sec_step=0.23
[libero_spatial_swap] task 4 ep 4 step 300/350 | elapsed=1.1m | eta=0.2m | sec_step=0.23
[libero_spatial_swap] task 4 ep 4 step 325/350 | elapsed=1.2m | eta=0.1m | sec_step=0.23
[libero_spatial_swap] task 4 ep 4 step 350/350 | elapsed=1.3m | eta=0.0m | sec_step=0.23
[libero_spatial_swap] task 4 ('pick up the black bowl in the top drawer of the wooden cabinet and place it on the plate') ep 4: fail | episode_time=1.4m
[libero_spatial_swap] task 4 ep 5 start | max_steps=350 | instruction='pick up the black bowl in the top drawer of the wooden cabinet and place it on the plate'
[libero_spatial_swap] task 4 ep 5 step 1/350 | elapsed=0.0m | eta=1.4m | sec_step=0.24
[libero_spatial_swap] task 4 ep 5 step 25/350 | elapsed=0.1m | eta=1.2m | sec_step=0.23
[libero_spatial_swap] task 4 ep 5 step 50/350 | elapsed=0.2m | eta=1.1m | sec_step=0.23
[libero_spatial_swap] task 4 ep 5 step 75/350 | elapsed=0.3m | eta=1.0m | sec_step=0.23
[libero_spatial_swap] task 4 ep 5 step 100/350 | elapsed=0.4m | eta=1.0m | sec_step=0.23
[libero_spatial_swap] task 4 ep 5 step 125/350 | elapsed=0.5m | eta=0.9m | sec_step=0.23
[libero_spatial_swap] task 4 ep 5 step 150/350 | elapsed=0.6m | eta=0.8m | sec_step=0.23
[libero_spatial_swap] task 4 ep 5 step 175/350 | elapsed=0.7m | eta=0.7m | sec_step=0.23
[libero_spatial_swap] task 4 ep 5 step 200/350 | elapsed=0.8m | eta=0.6m | sec_step=0.23
[libero_spatial_swap] task 4 ep 5 step 225/350 | elapsed=0.9m | eta=0.5m | sec_step=0.23
[libero_spatial_swap] task 4 ep 5 step 250/350 | elapsed=1.0m | eta=0.4m | sec_step=0.23
[libero_spatial_swap] task 4 ep 5 step 275/350 | elapsed=1.1m | eta=0.3m | sec_step=0.23
[libero_spatial_swap] task 4 ep 5 step 300/350 | elapsed=1.2m | eta=0.2m | sec_step=0.23
[libero_spatial_swap] task 4 ep 5 step 325/350 | elapsed=1.2m | eta=0.1m | sec_step=0.23
[libero_spatial_swap] task 4 ep 5 step 350/350 | elapsed=1.3m | eta=0.0m | sec_step=0.23
[libero_spatial_swap] task 4 ('pick up the black bowl in the top drawer of the wooden cabinet and place it on the plate') ep 5: fail | episode_time=1.4m
[libero_spatial_swap] task 4 ep 6 start | max_steps=350 | instruction='pick up the black bowl in the top drawer of the wooden cabinet and place it on the plate'
[libero_spatial_swap] task 4 ep 6 step 1/350 | elapsed=0.0m | eta=1.4m | sec_step=0.24
[libero_spatial_swap] task 4 ep 6 step 25/350 | elapsed=0.1m | eta=1.2m | sec_step=0.23
[libero_spatial_swap] task 4 ep 6 step 50/350 | elapsed=0.2m | eta=1.1m | sec_step=0.23
[libero_spatial_swap] task 4 ep 6 step 75/350 | elapsed=0.3m | eta=1.0m | sec_step=0.23
[libero_spatial_swap] task 4 ep 6 step 100/350 | elapsed=0.4m | eta=1.0m | sec_step=0.23
[libero_spatial_swap] task 4 ep 6 step 125/350 | elapsed=0.5m | eta=0.9m | sec_step=0.23
[libero_spatial_swap] task 4 ep 6 step 150/350 | elapsed=0.6m | eta=0.8m | sec_step=0.23
[libero_spatial_swap] task 4 ep 6 step 175/350 | elapsed=0.7m | eta=0.7m | sec_step=0.23
[libero_spatial_swap] task 4 ep 6 step 200/350 | elapsed=0.8m | eta=0.6m | sec_step=0.23
[libero_spatial_swap] task 4 ep 6 step 225/350 | elapsed=0.9m | eta=0.5m | sec_step=0.23
[libero_spatial_swap] task 4 ep 6 step 250/350 | elapsed=1.0m | eta=0.4m | sec_step=0.23
[libero_spatial_swap] task 4 ep 6 step 275/350 | elapsed=1.1m | eta=0.3m | sec_step=0.23
[libero_spatial_swap] task 4 ep 6 step 300/350 | elapsed=1.2m | eta=0.2m | sec_step=0.23
[libero_spatial_swap] task 4 ep 6 step 325/350 | elapsed=1.3m | eta=0.1m | sec_step=0.23
[libero_spatial_swap] task 4 ep 6 step 350/350 | elapsed=1.3m | eta=0.0m | sec_step=0.23
[libero_spatial_swap] task 4 ('pick up the black bowl in the top drawer of the wooden cabinet and place it on the plate') ep 6: fail | episode_time=1.4m
[libero_spatial_swap] task 4 ep 7 start | max_steps=350 | instruction='pick up the black bowl in the top drawer of the wooden cabinet and place it on the plate'
[libero_spatial_swap] task 4 ep 7 step 1/350 | elapsed=0.0m | eta=1.4m | sec_step=0.23
[libero_spatial_swap] task 4 ep 7 step 25/350 | elapsed=0.1m | eta=1.2m | sec_step=0.23
[libero_spatial_swap] task 4 ep 7 step 50/350 | elapsed=0.2m | eta=1.1m | sec_step=0.23
[libero_spatial_swap] task 4 ep 7 step 75/350 | elapsed=0.3m | eta=1.0m | sec_step=0.23
[libero_spatial_swap] task 4 ep 7 step 100/350 | elapsed=0.4m | eta=1.0m | sec_step=0.23
[libero_spatial_swap] task 4 ep 7 step 125/350 | elapsed=0.5m | eta=0.9m | sec_step=0.23
[libero_spatial_swap] task 4 ep 7 step 150/350 | elapsed=0.6m | eta=0.8m | sec_step=0.23
[libero_spatial_swap] task 4 ep 7 step 175/350 | elapsed=0.7m | eta=0.7m | sec_step=0.23
[libero_spatial_swap] task 4 ep 7 step 200/350 | elapsed=0.8m | eta=0.6m | sec_step=0.23
[libero_spatial_swap] task 4 ep 7 step 225/350 | elapsed=0.9m | eta=0.5m | sec_step=0.23
[libero_spatial_swap] task 4 ep 7 step 250/350 | elapsed=1.0m | eta=0.4m | sec_step=0.23
[libero_spatial_swap] task 4 ep 7 step 275/350 | elapsed=1.0m | eta=0.3m | sec_step=0.23
[libero_spatial_swap] task 4 ep 7 step 300/350 | elapsed=1.1m | eta=0.2m | sec_step=0.23
[libero_spatial_swap] task 4 ep 7 step 325/350 | elapsed=1.2m | eta=0.1m | sec_step=0.23
[libero_spatial_swap] task 4 ep 7 step 350/350 | elapsed=1.3m | eta=0.0m | sec_step=0.23
[libero_spatial_swap] task 4 ('pick up the black bowl in the top drawer of the wooden cabinet and place it on the plate') ep 7: fail | episode_time=1.4m
[libero_spatial_swap] task 4 ep 8 start | max_steps=350 | instruction='pick up the black bowl in the top drawer of the wooden cabinet and place it on the plate'
[libero_spatial_swap] task 4 ep 8 step 1/350 | elapsed=0.0m | eta=1.4m | sec_step=0.24
[libero_spatial_swap] task 4 ep 8 step 25/350 | elapsed=0.1m | eta=1.2m | sec_step=0.23
[libero_spatial_swap] task 4 ep 8 step 50/350 | elapsed=0.2m | eta=1.1m | sec_step=0.23
[libero_spatial_swap] task 4 ep 8 step 75/350 | elapsed=0.3m | eta=1.0m | sec_step=0.23
[libero_spatial_swap] task 4 ep 8 step 100/350 | elapsed=0.4m | eta=1.0m | sec_step=0.23
[libero_spatial_swap] task 4 ep 8 step 125/350 | elapsed=0.5m | eta=0.9m | sec_step=0.23
[libero_spatial_swap] task 4 ep 8 step 150/350 | elapsed=0.6m | eta=0.8m | sec_step=0.23
[libero_spatial_swap] task 4 ep 8 step 175/350 | elapsed=0.7m | eta=0.7m | sec_step=0.23
[libero_spatial_swap] task 4 ep 8 step 200/350 | elapsed=0.8m | eta=0.6m | sec_step=0.23
[libero_spatial_swap] task 4 ep 8 step 225/350 | elapsed=0.9m | eta=0.5m | sec_step=0.23
[libero_spatial_swap] task 4 ep 8 step 250/350 | elapsed=1.0m | eta=0.4m | sec_step=0.23
[libero_spatial_swap] task 4 ep 8 step 275/350 | elapsed=1.0m | eta=0.3m | sec_step=0.23
[libero_spatial_swap] task 4 ep 8 step 300/350 | elapsed=1.1m | eta=0.2m | sec_step=0.23
[libero_spatial_swap] task 4 ep 8 step 325/350 | elapsed=1.2m | eta=0.1m | sec_step=0.23
[libero_spatial_swap] task 4 ep 8 step 350/350 | elapsed=1.3m | eta=0.0m | sec_step=0.23
[libero_spatial_swap] task 4 ('pick up the black bowl in the top drawer of the wooden cabinet and place it on the plate') ep 8: fail | episode_time=1.4m
[libero_spatial_swap] task 4 ep 9 start | max_steps=350 | instruction='pick up the black bowl in the top drawer of the wooden cabinet and place it on the plate'
[libero_spatial_swap] task 4 ep 9 step 1/350 | elapsed=0.0m | eta=1.4m | sec_step=0.24
[libero_spatial_swap] task 4 ep 9 step 25/350 | elapsed=0.1m | eta=1.2m | sec_step=0.23
[libero_spatial_swap] task 4 ep 9 step 50/350 | elapsed=0.2m | eta=1.1m | sec_step=0.23
[libero_spatial_swap] task 4 ep 9 step 75/350 | elapsed=0.3m | eta=1.1m | sec_step=0.23
[libero_spatial_swap] task 4 ep 9 step 100/350 | elapsed=0.4m | eta=1.0m | sec_step=0.23
[libero_spatial_swap] task 4 ep 9 step 125/350 | elapsed=0.5m | eta=0.9m | sec_step=0.23
[libero_spatial_swap] task 4 ep 9 step 150/350 | elapsed=0.6m | eta=0.8m | sec_step=0.23
[libero_spatial_swap] task 4 ep 9 step 175/350 | elapsed=0.7m | eta=0.7m | sec_step=0.23
[libero_spatial_swap] task 4 ep 9 step 200/350 | elapsed=0.8m | eta=0.6m | sec_step=0.23
[libero_spatial_swap] task 4 ep 9 step 225/350 | elapsed=0.9m | eta=0.5m | sec_step=0.23
[libero_spatial_swap] task 4 ep 9 step 250/350 | elapsed=1.0m | eta=0.4m | sec_step=0.23
[libero_spatial_swap] task 4 ep 9 step 275/350 | elapsed=1.1m | eta=0.3m | sec_step=0.23
[libero_spatial_swap] task 4 ep 9 step 300/350 | elapsed=1.1m | eta=0.2m | sec_step=0.23
[libero_spatial_swap] task 4 ep 9 step 325/350 | elapsed=1.2m | eta=0.1m | sec_step=0.23
[libero_spatial_swap] task 4 ep 9 step 350/350 | elapsed=1.3m | eta=0.0m | sec_step=0.23
[libero_spatial_swap] task 4 ('pick up the black bowl in the top drawer of the wooden cabinet and place it on the plate') ep 9: fail | episode_time=1.4m
[Warning]: datasets path /scratch/users/create/smrvmdo/projects/lapa-depth-modified-levi/datasets/LIBERO-PRO/libero/libero/datasets does not exist!
[libero_spatial_swap] task 5 ep 0 start | max_steps=350 | instruction='pick up the black bowl on the ramekin and place it on the plate'
[libero_spatial_swap] task 5 ep 0 step 1/350 | elapsed=0.0m | eta=1.4m | sec_step=0.23
[libero_spatial_swap] task 5 ep 0 step 25/350 | elapsed=0.1m | eta=1.2m | sec_step=0.23
[libero_spatial_swap] task 5 ep 0 step 50/350 | elapsed=0.2m | eta=1.1m | sec_step=0.23
[libero_spatial_swap] task 5 ep 0 step 75/350 | elapsed=0.3m | eta=1.0m | sec_step=0.23
[libero_spatial_swap] task 5 ep 0 step 100/350 | elapsed=0.4m | eta=0.9m | sec_step=0.23
[libero_spatial_swap] task 5 ep 0 step 125/350 | elapsed=0.5m | eta=0.9m | sec_step=0.23
[libero_spatial_swap] task 5 ep 0 step 150/350 | elapsed=0.6m | eta=0.8m | sec_step=0.23
[libero_spatial_swap] task 5 ep 0 step 175/350 | elapsed=0.7m | eta=0.7m | sec_step=0.23
[libero_spatial_swap] task 5 ep 0 step 200/350 | elapsed=0.8m | eta=0.6m | sec_step=0.23
[libero_spatial_swap] task 5 ep 0 step 225/350 | elapsed=0.9m | eta=0.5m | sec_step=0.23
[libero_spatial_swap] task 5 ep 0 step 250/350 | elapsed=1.0m | eta=0.4m | sec_step=0.23
[libero_spatial_swap] task 5 ep 0 step 275/350 | elapsed=1.1m | eta=0.3m | sec_step=0.23
[libero_spatial_swap] task 5 ep 0 step 300/350 | elapsed=1.2m | eta=0.2m | sec_step=0.23
[libero_spatial_swap] task 5 ep 0 step 325/350 | elapsed=1.2m | eta=0.1m | sec_step=0.23
[libero_spatial_swap] task 5 ep 0 step 350/350 | elapsed=1.3m | eta=0.0m | sec_step=0.23
[libero_spatial_swap] task 5 ('pick up the black bowl on the ramekin and place it on the plate') ep 0: fail | episode_time=1.4m
[libero_spatial_swap] task 5 ep 1 start | max_steps=350 | instruction='pick up the black bowl on the ramekin and place it on the plate'
[libero_spatial_swap] task 5 ep 1 step 1/350 | elapsed=0.0m | eta=1.4m | sec_step=0.23
[libero_spatial_swap] task 5 ep 1 step 25/350 | elapsed=0.1m | eta=1.2m | sec_step=0.23
[libero_spatial_swap] task 5 ep 1 step 50/350 | elapsed=0.2m | eta=1.1m | sec_step=0.23
[libero_spatial_swap] task 5 ep 1 step 75/350 | elapsed=0.3m | eta=1.0m | sec_step=0.23
[libero_spatial_swap] task 5 ep 1 step 100/350 | elapsed=0.4m | eta=1.0m | sec_step=0.23
[libero_spatial_swap] task 5 ep 1 step 125/350 | elapsed=0.5m | eta=0.9m | sec_step=0.23
[libero_spatial_swap] task 5 ep 1 step 150/350 | elapsed=0.6m | eta=0.8m | sec_step=0.23
[libero_spatial_swap] task 5 ep 1 step 175/350 | elapsed=0.7m | eta=0.7m | sec_step=0.23
[libero_spatial_swap] task 5 ep 1 step 200/350 | elapsed=0.8m | eta=0.6m | sec_step=0.23
[libero_spatial_swap] task 5 ep 1 step 225/350 | elapsed=0.9m | eta=0.5m | sec_step=0.23
[libero_spatial_swap] task 5 ep 1 step 250/350 | elapsed=1.0m | eta=0.4m | sec_step=0.23
[libero_spatial_swap] task 5 ep 1 step 275/350 | elapsed=1.1m | eta=0.3m | sec_step=0.23
[libero_spatial_swap] task 5 ep 1 step 300/350 | elapsed=1.1m | eta=0.2m | sec_step=0.23
[libero_spatial_swap] task 5 ep 1 step 325/350 | elapsed=1.2m | eta=0.1m | sec_step=0.23
[libero_spatial_swap] task 5 ep 1 step 350/350 | elapsed=1.3m | eta=0.0m | sec_step=0.23
[libero_spatial_swap] task 5 ('pick up the black bowl on the ramekin and place it on the plate') ep 1: fail | episode_time=1.4m
[libero_spatial_swap] task 5 ep 2 start | max_steps=350 | instruction='pick up the black bowl on the ramekin and place it on the plate'
[libero_spatial_swap] task 5 ep 2 step 1/350 | elapsed=0.0m | eta=1.4m | sec_step=0.23
[libero_spatial_swap] task 5 ep 2 step 25/350 | elapsed=0.1m | eta=1.2m | sec_step=0.23
[libero_spatial_swap] task 5 ep 2 step 50/350 | elapsed=0.2m | eta=1.1m | sec_step=0.23
[libero_spatial_swap] task 5 ep 2 step 75/350 | elapsed=0.3m | eta=1.0m | sec_step=0.23
[libero_spatial_swap] task 5 ep 2 step 100/350 | elapsed=0.4m | eta=0.9m | sec_step=0.23
[libero_spatial_swap] task 5 ep 2 step 125/350 | elapsed=0.5m | eta=0.9m | sec_step=0.23
[libero_spatial_swap] task 5 ep 2 step 150/350 | elapsed=0.6m | eta=0.8m | sec_step=0.23
[libero_spatial_swap] task 5 ep 2 step 175/350 | elapsed=0.7m | eta=0.7m | sec_step=0.23
[libero_spatial_swap] task 5 ep 2 step 200/350 | elapsed=0.8m | eta=0.6m | sec_step=0.23
[libero_spatial_swap] task 5 ep 2 step 225/350 | elapsed=0.9m | eta=0.5m | sec_step=0.23
[libero_spatial_swap] task 5 ep 2 step 250/350 | elapsed=1.0m | eta=0.4m | sec_step=0.23
[libero_spatial_swap] task 5 ep 2 step 275/350 | elapsed=1.0m | eta=0.3m | sec_step=0.23
[libero_spatial_swap] task 5 ep 2 step 300/350 | elapsed=1.1m | eta=0.2m | sec_step=0.23
[libero_spatial_swap] task 5 ep 2 step 325/350 | elapsed=1.2m | eta=0.1m | sec_step=0.23
[libero_spatial_swap] task 5 ep 2 step 350/350 | elapsed=1.3m | eta=0.0m | sec_step=0.23
[libero_spatial_swap] task 5 ('pick up the black bowl on the ramekin and place it on the plate') ep 2: fail | episode_time=1.4m
[libero_spatial_swap] task 5 ep 3 start | max_steps=350 | instruction='pick up the black bowl on the ramekin and place it on the plate'
[libero_spatial_swap] task 5 ep 3 step 1/350 | elapsed=0.0m | eta=1.4m | sec_step=0.24
[libero_spatial_swap] task 5 ep 3 step 25/350 | elapsed=0.1m | eta=1.2m | sec_step=0.23
[libero_spatial_swap] task 5 ep 3 step 50/350 | elapsed=0.2m | eta=1.1m | sec_step=0.23
[libero_spatial_swap] task 5 ep 3 step 75/350 | elapsed=0.3m | eta=1.1m | sec_step=0.23
[libero_spatial_swap] task 5 ep 3 step 100/350 | elapsed=0.4m | eta=1.0m | sec_step=0.23
[libero_spatial_swap] task 5 ep 3 step 125/350 | elapsed=0.5m | eta=0.9m | sec_step=0.23
[libero_spatial_swap] task 5 ep 3 step 150/350 | elapsed=0.6m | eta=0.8m | sec_step=0.23
[libero_spatial_swap] task 5 ep 3 step 175/350 | elapsed=0.7m | eta=0.7m | sec_step=0.23
[libero_spatial_swap] task 5 ep 3 step 200/350 | elapsed=0.8m | eta=0.6m | sec_step=0.23
[libero_spatial_swap] task 5 ep 3 step 225/350 | elapsed=0.9m | eta=0.5m | sec_step=0.23
[libero_spatial_swap] task 5 ep 3 step 250/350 | elapsed=1.0m | eta=0.4m | sec_step=0.23
[libero_spatial_swap] task 5 ep 3 step 275/350 | elapsed=1.1m | eta=0.3m | sec_step=0.23
[libero_spatial_swap] task 5 ep 3 step 300/350 | elapsed=1.1m | eta=0.2m | sec_step=0.23
[libero_spatial_swap] task 5 ep 3 step 325/350 | elapsed=1.2m | eta=0.1m | sec_step=0.23
[libero_spatial_swap] task 5 ep 3 step 350/350 | elapsed=1.3m | eta=0.0m | sec_step=0.23
[libero_spatial_swap] task 5 ('pick up the black bowl on the ramekin and place it on the plate') ep 3: fail | episode_time=1.4m
[libero_spatial_swap] task 5 ep 4 start | max_steps=350 | instruction='pick up the black bowl on the ramekin and place it on the plate'
[libero_spatial_swap] task 5 ep 4 step 1/350 | elapsed=0.0m | eta=1.4m | sec_step=0.23
[libero_spatial_swap] task 5 ep 4 step 25/350 | elapsed=0.1m | eta=1.2m | sec_step=0.23
[libero_spatial_swap] task 5 ep 4 step 50/350 | elapsed=0.2m | eta=1.1m | sec_step=0.23
[libero_spatial_swap] task 5 ep 4 step 75/350 | elapsed=0.3m | eta=1.0m | sec_step=0.23
[libero_spatial_swap] task 5 ep 4 step 100/350 | elapsed=0.4m | eta=0.9m | sec_step=0.23
[libero_spatial_swap] task 5 ep 4 step 125/350 | elapsed=0.5m | eta=0.9m | sec_step=0.23
[libero_spatial_swap] task 5 ep 4 step 150/350 | elapsed=0.6m | eta=0.8m | sec_step=0.23
[libero_spatial_swap] task 5 ep 4 step 175/350 | elapsed=0.7m | eta=0.7m | sec_step=0.23
[libero_spatial_swap] task 5 ep 4 step 200/350 | elapsed=0.8m | eta=0.6m | sec_step=0.23
[libero_spatial_swap] task 5 ep 4 step 225/350 | elapsed=0.9m | eta=0.5m | sec_step=0.23
[libero_spatial_swap] task 5 ep 4 step 250/350 | elapsed=1.0m | eta=0.4m | sec_step=0.23
[libero_spatial_swap] task 5 ep 4 step 275/350 | elapsed=1.0m | eta=0.3m | sec_step=0.23
[libero_spatial_swap] task 5 ep 4 step 300/350 | elapsed=1.1m | eta=0.2m | sec_step=0.23
[libero_spatial_swap] task 5 ep 4 step 325/350 | elapsed=1.2m | eta=0.1m | sec_step=0.23
[libero_spatial_swap] task 5 ep 4 step 350/350 | elapsed=1.3m | eta=0.0m | sec_step=0.23
[libero_spatial_swap] task 5 ('pick up the black bowl on the ramekin and place it on the plate') ep 4: fail | episode_time=1.4m
[libero_spatial_swap] task 5 ep 5 start | max_steps=350 | instruction='pick up the black bowl on the ramekin and place it on the plate'
[libero_spatial_swap] task 5 ep 5 step 1/350 | elapsed=0.0m | eta=1.4m | sec_step=0.24
[libero_spatial_swap] task 5 ep 5 step 25/350 | elapsed=0.1m | eta=1.2m | sec_step=0.23
[libero_spatial_swap] task 5 ep 5 step 50/350 | elapsed=0.2m | eta=1.1m | sec_step=0.23
[libero_spatial_swap] task 5 ep 5 step 75/350 | elapsed=0.3m | eta=1.1m | sec_step=0.23
[libero_spatial_swap] task 5 ep 5 step 100/350 | elapsed=0.4m | eta=1.0m | sec_step=0.23
[libero_spatial_swap] task 5 ep 5 step 125/350 | elapsed=0.5m | eta=0.9m | sec_step=0.23
[libero_spatial_swap] task 5 ep 5 step 150/350 | elapsed=0.6m | eta=0.8m | sec_step=0.23
[libero_spatial_swap] task 5 ep 5 step 175/350 | elapsed=0.7m | eta=0.7m | sec_step=0.23
[libero_spatial_swap] task 5 ep 5 step 200/350 | elapsed=0.8m | eta=0.6m | sec_step=0.23
[libero_spatial_swap] task 5 ep 5 step 225/350 | elapsed=0.9m | eta=0.5m | sec_step=0.23
[libero_spatial_swap] task 5 ep 5 step 250/350 | elapsed=1.0m | eta=0.4m | sec_step=0.23
[libero_spatial_swap] task 5 ep 5 step 275/350 | elapsed=1.0m | eta=0.3m | sec_step=0.23
[libero_spatial_swap] task 5 ep 5 step 300/350 | elapsed=1.1m | eta=0.2m | sec_step=0.23
[libero_spatial_swap] task 5 ep 5 step 325/350 | elapsed=1.2m | eta=0.1m | sec_step=0.23
[libero_spatial_swap] task 5 ep 5 step 350/350 | elapsed=1.3m | eta=0.0m | sec_step=0.23
[libero_spatial_swap] task 5 ('pick up the black bowl on the ramekin and place it on the plate') ep 5: fail | episode_time=1.4m
[libero_spatial_swap] task 5 ep 6 start | max_steps=350 | instruction='pick up the black bowl on the ramekin and place it on the plate'
[libero_spatial_swap] task 5 ep 6 step 1/350 | elapsed=0.0m | eta=1.4m | sec_step=0.25
[libero_spatial_swap] task 5 ep 6 step 25/350 | elapsed=0.1m | eta=1.3m | sec_step=0.23
[libero_spatial_swap] task 5 ep 6 step 50/350 | elapsed=0.2m | eta=1.1m | sec_step=0.23
[libero_spatial_swap] task 5 ep 6 step 75/350 | elapsed=0.3m | eta=1.1m | sec_step=0.23
[libero_spatial_swap] task 5 ep 6 step 100/350 | elapsed=0.4m | eta=1.0m | sec_step=0.23
[libero_spatial_swap] task 5 ep 6 step 125/350 | elapsed=0.5m | eta=0.9m | sec_step=0.23
[libero_spatial_swap] task 5 ep 6 step 150/350 | elapsed=0.6m | eta=0.8m | sec_step=0.23
[libero_spatial_swap] task 5 ep 6 step 175/350 | elapsed=0.7m | eta=0.7m | sec_step=0.23
[libero_spatial_swap] task 5 ep 6 step 200/350 | elapsed=0.8m | eta=0.6m | sec_step=0.23
[libero_spatial_swap] task 5 ep 6 step 225/350 | elapsed=0.9m | eta=0.5m | sec_step=0.23
[libero_spatial_swap] task 5 ep 6 step 250/350 | elapsed=1.0m | eta=0.4m | sec_step=0.23
[libero_spatial_swap] task 5 ep 6 step 275/350 | elapsed=1.1m | eta=0.3m | sec_step=0.23
[libero_spatial_swap] task 5 ep 6 step 300/350 | elapsed=1.1m | eta=0.2m | sec_step=0.23
[libero_spatial_swap] task 5 ep 6 step 325/350 | elapsed=1.2m | eta=0.1m | sec_step=0.23
[libero_spatial_swap] task 5 ep 6 step 350/350 | elapsed=1.3m | eta=0.0m | sec_step=0.23
[libero_spatial_swap] task 5 ('pick up the black bowl on the ramekin and place it on the plate') ep 6: fail | episode_time=1.4m
[libero_spatial_swap] task 5 ep 7 start | max_steps=350 | instruction='pick up the black bowl on the ramekin and place it on the plate'
[libero_spatial_swap] task 5 ep 7 step 1/350 | elapsed=0.0m | eta=1.4m | sec_step=0.24
[libero_spatial_swap] task 5 ep 7 step 25/350 | elapsed=0.1m | eta=1.2m | sec_step=0.23
[libero_spatial_swap] task 5 ep 7 step 50/350 | elapsed=0.2m | eta=1.1m | sec_step=0.23
[libero_spatial_swap] task 5 ep 7 step 75/350 | elapsed=0.3m | eta=1.0m | sec_step=0.23
[libero_spatial_swap] task 5 ep 7 step 100/350 | elapsed=0.4m | eta=1.0m | sec_step=0.23
[libero_spatial_swap] task 5 ep 7 step 125/350 | elapsed=0.5m | eta=0.9m | sec_step=0.23
[libero_spatial_swap] task 5 ep 7 step 150/350 | elapsed=0.6m | eta=0.8m | sec_step=0.23
[libero_spatial_swap] task 5 ep 7 step 175/350 | elapsed=0.7m | eta=0.7m | sec_step=0.23
[libero_spatial_swap] task 5 ep 7 step 200/350 | elapsed=0.8m | eta=0.6m | sec_step=0.23
[libero_spatial_swap] task 5 ep 7 step 225/350 | elapsed=0.9m | eta=0.5m | sec_step=0.23
[libero_spatial_swap] task 5 ep 7 step 250/350 | elapsed=1.0m | eta=0.4m | sec_step=0.23
[libero_spatial_swap] task 5 ep 7 step 275/350 | elapsed=1.1m | eta=0.3m | sec_step=0.23
[libero_spatial_swap] task 5 ep 7 step 300/350 | elapsed=1.2m | eta=0.2m | sec_step=0.23
[libero_spatial_swap] task 5 ep 7 step 325/350 | elapsed=1.3m | eta=0.1m | sec_step=0.23
[libero_spatial_swap] task 5 ep 7 step 350/350 | elapsed=1.4m | eta=0.0m | sec_step=0.23
[libero_spatial_swap] task 5 ('pick up the black bowl on the ramekin and place it on the plate') ep 7: fail | episode_time=1.4m
[libero_spatial_swap] task 5 ep 8 start | max_steps=350 | instruction='pick up the black bowl on the ramekin and place it on the plate'
[libero_spatial_swap] task 5 ep 8 step 1/350 | elapsed=0.0m | eta=1.5m | sec_step=0.25
[libero_spatial_swap] task 5 ep 8 step 25/350 | elapsed=0.1m | eta=1.2m | sec_step=0.23
[libero_spatial_swap] task 5 ep 8 step 50/350 | elapsed=0.2m | eta=1.1m | sec_step=0.23
[libero_spatial_swap] task 5 ep 8 step 75/350 | elapsed=0.3m | eta=1.1m | sec_step=0.23
[libero_spatial_swap] task 5 ep 8 step 100/350 | elapsed=0.4m | eta=1.0m | sec_step=0.23
[libero_spatial_swap] task 5 ep 8 step 125/350 | elapsed=0.5m | eta=0.9m | sec_step=0.23
[libero_spatial_swap] task 5 ep 8 step 150/350 | elapsed=0.6m | eta=0.8m | sec_step=0.23
[libero_spatial_swap] task 5 ep 8 step 175/350 | elapsed=0.7m | eta=0.7m | sec_step=0.23
[libero_spatial_swap] task 5 ep 8 step 200/350 | elapsed=0.8m | eta=0.6m | sec_step=0.23
[libero_spatial_swap] task 5 ep 8 step 225/350 | elapsed=0.9m | eta=0.5m | sec_step=0.23
[libero_spatial_swap] task 5 ep 8 step 250/350 | elapsed=1.0m | eta=0.4m | sec_step=0.23
[libero_spatial_swap] task 5 ep 8 step 275/350 | elapsed=1.0m | eta=0.3m | sec_step=0.23
[libero_spatial_swap] task 5 ep 8 step 300/350 | elapsed=1.1m | eta=0.2m | sec_step=0.23
[libero_spatial_swap] task 5 ep 8 step 325/350 | elapsed=1.2m | eta=0.1m | sec_step=0.23
[libero_spatial_swap] task 5 ep 8 step 350/350 | elapsed=1.3m | eta=0.0m | sec_step=0.23
[libero_spatial_swap] task 5 ('pick up the black bowl on the ramekin and place it on the plate') ep 8: fail | episode_time=1.4m
[libero_spatial_swap] task 5 ep 9 start | max_steps=350 | instruction='pick up the black bowl on the ramekin and place it on the plate'
[libero_spatial_swap] task 5 ep 9 step 1/350 | elapsed=0.0m | eta=1.4m | sec_step=0.23
[libero_spatial_swap] task 5 ep 9 step 25/350 | elapsed=0.1m | eta=1.2m | sec_step=0.23
[libero_spatial_swap] task 5 ep 9 step 50/350 | elapsed=0.2m | eta=1.1m | sec_step=0.23
[libero_spatial_swap] task 5 ep 9 step 75/350 | elapsed=0.3m | eta=1.1m | sec_step=0.23
[libero_spatial_swap] task 5 ep 9 step 100/350 | elapsed=0.4m | eta=1.0m | sec_step=0.23
[libero_spatial_swap] task 5 ep 9 step 125/350 | elapsed=0.5m | eta=0.9m | sec_step=0.23
[libero_spatial_swap] task 5 ep 9 step 150/350 | elapsed=0.6m | eta=0.8m | sec_step=0.23
[libero_spatial_swap] task 5 ep 9 step 175/350 | elapsed=0.7m | eta=0.7m | sec_step=0.23
[libero_spatial_swap] task 5 ep 9 step 200/350 | elapsed=0.8m | eta=0.6m | sec_step=0.23
[libero_spatial_swap] task 5 ep 9 step 225/350 | elapsed=0.9m | eta=0.5m | sec_step=0.23
[libero_spatial_swap] task 5 ep 9 step 250/350 | elapsed=1.0m | eta=0.4m | sec_step=0.23
[libero_spatial_swap] task 5 ep 9 step 275/350 | elapsed=1.0m | eta=0.3m | sec_step=0.23
[libero_spatial_swap] task 5 ep 9 step 300/350 | elapsed=1.1m | eta=0.2m | sec_step=0.23
[libero_spatial_swap] task 5 ep 9 step 325/350 | elapsed=1.2m | eta=0.1m | sec_step=0.23
[libero_spatial_swap] task 5 ep 9 step 350/350 | elapsed=1.3m | eta=0.0m | sec_step=0.23
[libero_spatial_swap] task 5 ('pick up the black bowl on the ramekin and place it on the plate') ep 9: fail | episode_time=1.4m
[Warning]: datasets path /scratch/users/create/smrvmdo/projects/lapa-depth-modified-levi/datasets/LIBERO-PRO/libero/libero/datasets does not exist!
[libero_spatial_swap] task 6 ep 0 start | max_steps=350 | instruction='pick up the black bowl next to the cookie box and place it on the plate'
[libero_spatial_swap] task 6 ep 0 step 1/350 | elapsed=0.0m | eta=1.4m | sec_step=0.24
[libero_spatial_swap] task 6 ep 0 step 25/350 | elapsed=0.1m | eta=1.2m | sec_step=0.23
[libero_spatial_swap] task 6 ep 0 step 50/350 | elapsed=0.2m | eta=1.1m | sec_step=0.23
[libero_spatial_swap] task 6 ep 0 step 75/350 | elapsed=0.3m | eta=1.0m | sec_step=0.23
[libero_spatial_swap] task 6 ep 0 step 100/350 | elapsed=0.4m | eta=0.9m | sec_step=0.23
[libero_spatial_swap] task 6 ep 0 step 125/350 | elapsed=0.5m | eta=0.9m | sec_step=0.23
[libero_spatial_swap] task 6 ep 0 step 150/350 | elapsed=0.6m | eta=0.8m | sec_step=0.23
[libero_spatial_swap] task 6 ep 0 step 175/350 | elapsed=0.7m | eta=0.7m | sec_step=0.23
[libero_spatial_swap] task 6 ep 0 step 200/350 | elapsed=0.8m | eta=0.6m | sec_step=0.23
[libero_spatial_swap] task 6 ep 0 step 225/350 | elapsed=0.9m | eta=0.5m | sec_step=0.23
[libero_spatial_swap] task 6 ep 0 step 250/350 | elapsed=0.9m | eta=0.4m | sec_step=0.23
[libero_spatial_swap] task 6 ep 0 step 275/350 | elapsed=1.0m | eta=0.3m | sec_step=0.23
[libero_spatial_swap] task 6 ep 0 step 300/350 | elapsed=1.1m | eta=0.2m | sec_step=0.23
[libero_spatial_swap] task 6 ep 0 step 325/350 | elapsed=1.2m | eta=0.1m | sec_step=0.23
[libero_spatial_swap] task 6 ep 0 step 350/350 | elapsed=1.3m | eta=0.0m | sec_step=0.23
[libero_spatial_swap] task 6 ('pick up the black bowl next to the cookie box and place it on the plate') ep 0: fail | episode_time=1.3m
[libero_spatial_swap] task 6 ep 1 start | max_steps=350 | instruction='pick up the black bowl next to the cookie box and place it on the plate'
[libero_spatial_swap] task 6 ep 1 step 1/350 | elapsed=0.0m | eta=1.4m | sec_step=0.24
[libero_spatial_swap] task 6 ep 1 step 25/350 | elapsed=0.1m | eta=1.2m | sec_step=0.23
[libero_spatial_swap] task 6 ep 1 step 50/350 | elapsed=0.2m | eta=1.1m | sec_step=0.23
[libero_spatial_swap] task 6 ep 1 step 75/350 | elapsed=0.3m | eta=1.0m | sec_step=0.23
[libero_spatial_swap] task 6 ep 1 step 100/350 | elapsed=0.4m | eta=1.0m | sec_step=0.23
[libero_spatial_swap] task 6 ep 1 step 125/350 | elapsed=0.5m | eta=0.9m | sec_step=0.23
[libero_spatial_swap] task 6 ep 1 step 150/350 | elapsed=0.6m | eta=0.8m | sec_step=0.23
[libero_spatial_swap] task 6 ep 1 step 175/350 | elapsed=0.7m | eta=0.7m | sec_step=0.23
[libero_spatial_swap] task 6 ep 1 step 200/350 | elapsed=0.8m | eta=0.6m | sec_step=0.23
[libero_spatial_swap] task 6 ep 1 step 225/350 | elapsed=0.9m | eta=0.5m | sec_step=0.23
[libero_spatial_swap] task 6 ep 1 step 250/350 | elapsed=1.0m | eta=0.4m | sec_step=0.23
[libero_spatial_swap] task 6 ep 1 step 275/350 | elapsed=1.0m | eta=0.3m | sec_step=0.23
[libero_spatial_swap] task 6 ep 1 step 300/350 | elapsed=1.1m | eta=0.2m | sec_step=0.23
[libero_spatial_swap] task 6 ep 1 step 325/350 | elapsed=1.2m | eta=0.1m | sec_step=0.23
[libero_spatial_swap] task 6 ep 1 step 350/350 | elapsed=1.3m | eta=0.0m | sec_step=0.23
[libero_spatial_swap] task 6 ('pick up the black bowl next to the cookie box and place it on the plate') ep 1: fail | episode_time=1.4m
[libero_spatial_swap] task 6 ep 2 start | max_steps=350 | instruction='pick up the black bowl next to the cookie box and place it on the plate'
[libero_spatial_swap] task 6 ep 2 step 1/350 | elapsed=0.0m | eta=1.4m | sec_step=0.24
[libero_spatial_swap] task 6 ep 2 step 25/350 | elapsed=0.1m | eta=1.2m | sec_step=0.23
[libero_spatial_swap] task 6 ep 2 step 50/350 | elapsed=0.2m | eta=1.1m | sec_step=0.23
[libero_spatial_swap] task 6 ep 2 step 75/350 | elapsed=0.3m | eta=1.0m | sec_step=0.23
[libero_spatial_swap] task 6 ep 2 step 100/350 | elapsed=0.4m | eta=1.0m | sec_step=0.23
[libero_spatial_swap] task 6 ep 2 step 125/350 | elapsed=0.5m | eta=0.9m | sec_step=0.23
[libero_spatial_swap] task 6 ep 2 step 150/350 | elapsed=0.6m | eta=0.8m | sec_step=0.23
[libero_spatial_swap] task 6 ep 2 step 175/350 | elapsed=0.7m | eta=0.7m | sec_step=0.23
[libero_spatial_swap] task 6 ep 2 step 200/350 | elapsed=0.8m | eta=0.6m | sec_step=0.23
[libero_spatial_swap] task 6 ep 2 step 225/350 | elapsed=0.9m | eta=0.5m | sec_step=0.23
[libero_spatial_swap] task 6 ep 2 step 250/350 | elapsed=1.0m | eta=0.4m | sec_step=0.23
[libero_spatial_swap] task 6 ep 2 step 275/350 | elapsed=1.1m | eta=0.3m | sec_step=0.23
[libero_spatial_swap] task 6 ep 2 step 300/350 | elapsed=1.1m | eta=0.2m | sec_step=0.23
[libero_spatial_swap] task 6 ep 2 step 325/350 | elapsed=1.2m | eta=0.1m | sec_step=0.23
[libero_spatial_swap] task 6 ep 2 step 350/350 | elapsed=1.3m | eta=0.0m | sec_step=0.23
[libero_spatial_swap] task 6 ('pick up the black bowl next to the cookie box and place it on the plate') ep 2: fail | episode_time=1.4m
[libero_spatial_swap] task 6 ep 3 start | max_steps=350 | instruction='pick up the black bowl next to the cookie box and place it on the plate'
[libero_spatial_swap] task 6 ep 3 step 1/350 | elapsed=0.0m | eta=1.4m | sec_step=0.24
[libero_spatial_swap] task 6 ep 3 step 25/350 | elapsed=0.1m | eta=1.2m | sec_step=0.23
[libero_spatial_swap] task 6 ep 3 step 50/350 | elapsed=0.2m | eta=1.1m | sec_step=0.23
[libero_spatial_swap] task 6 ep 3 step 75/350 | elapsed=0.3m | eta=1.0m | sec_step=0.23
[libero_spatial_swap] task 6 ep 3 step 100/350 | elapsed=0.4m | eta=0.9m | sec_step=0.23
[libero_spatial_swap] task 6 ep 3 step 125/350 | elapsed=0.5m | eta=0.9m | sec_step=0.23
[libero_spatial_swap] task 6 ep 3 step 150/350 | elapsed=0.6m | eta=0.8m | sec_step=0.23
[libero_spatial_swap] task 6 ep 3 step 175/350 | elapsed=0.7m | eta=0.7m | sec_step=0.23
[libero_spatial_swap] task 6 ep 3 step 200/350 | elapsed=0.8m | eta=0.6m | sec_step=0.23
[libero_spatial_swap] task 6 ep 3 step 225/350 | elapsed=0.9m | eta=0.5m | sec_step=0.23
[libero_spatial_swap] task 6 ep 3 step 250/350 | elapsed=1.0m | eta=0.4m | sec_step=0.23
[libero_spatial_swap] task 6 ep 3 step 275/350 | elapsed=1.0m | eta=0.3m | sec_step=0.23
[libero_spatial_swap] task 6 ep 3 step 300/350 | elapsed=1.1m | eta=0.2m | sec_step=0.23
[libero_spatial_swap] task 6 ep 3 step 325/350 | elapsed=1.2m | eta=0.1m | sec_step=0.23
[libero_spatial_swap] task 6 ep 3 step 350/350 | elapsed=1.3m | eta=0.0m | sec_step=0.23
[libero_spatial_swap] task 6 ('pick up the black bowl next to the cookie box and place it on the plate') ep 3: fail | episode_time=1.4m
[libero_spatial_swap] task 6 ep 4 start | max_steps=350 | instruction='pick up the black bowl next to the cookie box and place it on the plate'
[libero_spatial_swap] task 6 ep 4 step 1/350 | elapsed=0.0m | eta=1.4m | sec_step=0.24
[libero_spatial_swap] task 6 ep 4 step 25/350 | elapsed=0.1m | eta=1.2m | sec_step=0.23
[libero_spatial_swap] task 6 ep 4 step 50/350 | elapsed=0.2m | eta=1.1m | sec_step=0.23
[libero_spatial_swap] task 6 ep 4 step 75/350 | elapsed=0.3m | eta=1.0m | sec_step=0.23
[libero_spatial_swap] task 6 ep 4 step 100/350 | elapsed=0.4m | eta=1.0m | sec_step=0.23
[libero_spatial_swap] task 6 ep 4 step 125/350 | elapsed=0.5m | eta=0.9m | sec_step=0.23
[libero_spatial_swap] task 6 ep 4 step 150/350 | elapsed=0.6m | eta=0.8m | sec_step=0.23
[libero_spatial_swap] task 6 ep 4 step 175/350 | elapsed=0.7m | eta=0.7m | sec_step=0.23
[libero_spatial_swap] task 6 ep 4 step 200/350 | elapsed=0.8m | eta=0.6m | sec_step=0.23
[libero_spatial_swap] task 6 ep 4 step 225/350 | elapsed=0.9m | eta=0.5m | sec_step=0.23
[libero_spatial_swap] task 6 ep 4 step 250/350 | elapsed=1.0m | eta=0.4m | sec_step=0.23
[libero_spatial_swap] task 6 ep 4 step 275/350 | elapsed=1.0m | eta=0.3m | sec_step=0.23
[libero_spatial_swap] task 6 ep 4 step 300/350 | elapsed=1.1m | eta=0.2m | sec_step=0.23
[libero_spatial_swap] task 6 ep 4 step 325/350 | elapsed=1.2m | eta=0.1m | sec_step=0.23
[libero_spatial_swap] task 6 ep 4 step 350/350 | elapsed=1.3m | eta=0.0m | sec_step=0.23
[libero_spatial_swap] task 6 ('pick up the black bowl next to the cookie box and place it on the plate') ep 4: fail | episode_time=1.4m
[libero_spatial_swap] task 6 ep 5 start | max_steps=350 | instruction='pick up the black bowl next to the cookie box and place it on the plate'
[libero_spatial_swap] task 6 ep 5 step 1/350 | elapsed=0.0m | eta=1.4m | sec_step=0.24
[libero_spatial_swap] task 6 ep 5 step 25/350 | elapsed=0.1m | eta=1.3m | sec_step=0.24
[libero_spatial_swap] task 6 ep 5 step 50/350 | elapsed=0.2m | eta=1.2m | sec_step=0.23
[libero_spatial_swap] task 6 ep 5 step 75/350 | elapsed=0.3m | eta=1.1m | sec_step=0.23
[libero_spatial_swap] task 6 ep 5 step 100/350 | elapsed=0.4m | eta=1.0m | sec_step=0.23
[libero_spatial_swap] task 6 ep 5 step 125/350 | elapsed=0.5m | eta=0.9m | sec_step=0.23
[libero_spatial_swap] task 6 ep 5 step 150/350 | elapsed=0.6m | eta=0.8m | sec_step=0.23
[libero_spatial_swap] task 6 ep 5 step 175/350 | elapsed=0.7m | eta=0.7m | sec_step=0.23
[libero_spatial_swap] task 6 ep 5 step 200/350 | elapsed=0.8m | eta=0.6m | sec_step=0.23
[libero_spatial_swap] task 6 ep 5 step 225/350 | elapsed=0.9m | eta=0.5m | sec_step=0.23
[libero_spatial_swap] task 6 ep 5 step 250/350 | elapsed=1.0m | eta=0.4m | sec_step=0.23
[libero_spatial_swap] task 6 ep 5 step 275/350 | elapsed=1.0m | eta=0.3m | sec_step=0.23
[libero_spatial_swap] task 6 ep 5 step 300/350 | elapsed=1.1m | eta=0.2m | sec_step=0.23
[libero_spatial_swap] task 6 ep 5 step 325/350 | elapsed=1.2m | eta=0.1m | sec_step=0.23
[libero_spatial_swap] task 6 ep 5 step 350/350 | elapsed=1.3m | eta=0.0m | sec_step=0.23
[libero_spatial_swap] task 6 ('pick up the black bowl next to the cookie box and place it on the plate') ep 5: fail | episode_time=1.4m
[libero_spatial_swap] task 6 ep 6 start | max_steps=350 | instruction='pick up the black bowl next to the cookie box and place it on the plate'
[libero_spatial_swap] task 6 ep 6 step 1/350 | elapsed=0.0m | eta=1.7m | sec_step=0.29
[libero_spatial_swap] task 6 ep 6 step 25/350 | elapsed=0.1m | eta=1.2m | sec_step=0.23
[libero_spatial_swap] task 6 ep 6 step 50/350 | elapsed=0.2m | eta=1.1m | sec_step=0.23
[libero_spatial_swap] task 6 ep 6 step 75/350 | elapsed=0.3m | eta=1.0m | sec_step=0.23
[libero_spatial_swap] task 6 ep 6 step 100/350 | elapsed=0.4m | eta=1.0m | sec_step=0.23
[libero_spatial_swap] task 6 ep 6 step 125/350 | elapsed=0.5m | eta=0.9m | sec_step=0.23
[libero_spatial_swap] task 6 ep 6 step 150/350 | elapsed=0.6m | eta=0.8m | sec_step=0.23
[libero_spatial_swap] task 6 ep 6 step 175/350 | elapsed=0.7m | eta=0.7m | sec_step=0.23
[libero_spatial_swap] task 6 ep 6 step 200/350 | elapsed=0.8m | eta=0.6m | sec_step=0.23
[libero_spatial_swap] task 6 ep 6 step 225/350 | elapsed=0.9m | eta=0.5m | sec_step=0.23
[libero_spatial_swap] task 6 ep 6 step 250/350 | elapsed=1.0m | eta=0.4m | sec_step=0.23
[libero_spatial_swap] task 6 ep 6 step 275/350 | elapsed=1.1m | eta=0.3m | sec_step=0.23
[libero_spatial_swap] task 6 ep 6 step 300/350 | elapsed=1.1m | eta=0.2m | sec_step=0.23
[libero_spatial_swap] task 6 ep 6 step 325/350 | elapsed=1.2m | eta=0.1m | sec_step=0.23
[libero_spatial_swap] task 6 ep 6 step 350/350 | elapsed=1.3m | eta=0.0m | sec_step=0.23
[libero_spatial_swap] task 6 ('pick up the black bowl next to the cookie box and place it on the plate') ep 6: fail | episode_time=1.4m
[libero_spatial_swap] task 6 ep 7 start | max_steps=350 | instruction='pick up the black bowl next to the cookie box and place it on the plate'
[libero_spatial_swap] task 6 ep 7 step 1/350 | elapsed=0.0m | eta=1.4m | sec_step=0.23
[libero_spatial_swap] task 6 ep 7 step 25/350 | elapsed=0.1m | eta=1.2m | sec_step=0.23
[libero_spatial_swap] task 6 ep 7 step 50/350 | elapsed=0.2m | eta=1.1m | sec_step=0.23
[libero_spatial_swap] task 6 ep 7 step 75/350 | elapsed=0.3m | eta=1.0m | sec_step=0.23
[libero_spatial_swap] task 6 ep 7 step 100/350 | elapsed=0.4m | eta=1.0m | sec_step=0.23
[libero_spatial_swap] task 6 ep 7 step 125/350 | elapsed=0.5m | eta=0.9m | sec_step=0.23
[libero_spatial_swap] task 6 ep 7 step 150/350 | elapsed=0.6m | eta=0.8m | sec_step=0.23
[libero_spatial_swap] task 6 ep 7 step 175/350 | elapsed=0.7m | eta=0.7m | sec_step=0.23
[libero_spatial_swap] task 6 ep 7 step 200/350 | elapsed=0.8m | eta=0.6m | sec_step=0.23
[libero_spatial_swap] task 6 ep 7 step 225/350 | elapsed=0.9m | eta=0.5m | sec_step=0.23
[libero_spatial_swap] task 6 ep 7 step 250/350 | elapsed=1.0m | eta=0.4m | sec_step=0.23
[libero_spatial_swap] task 6 ep 7 step 275/350 | elapsed=1.1m | eta=0.3m | sec_step=0.23
[libero_spatial_swap] task 6 ep 7 step 300/350 | elapsed=1.2m | eta=0.2m | sec_step=0.23
[libero_spatial_swap] task 6 ep 7 step 325/350 | elapsed=1.2m | eta=0.1m | sec_step=0.23
[libero_spatial_swap] task 6 ep 7 step 350/350 | elapsed=1.3m | eta=0.0m | sec_step=0.23
[libero_spatial_swap] task 6 ('pick up the black bowl next to the cookie box and place it on the plate') ep 7: fail | episode_time=1.4m
[libero_spatial_swap] task 6 ep 8 start | max_steps=350 | instruction='pick up the black bowl next to the cookie box and place it on the plate'
[libero_spatial_swap] task 6 ep 8 step 1/350 | elapsed=0.0m | eta=1.4m | sec_step=0.24
[libero_spatial_swap] task 6 ep 8 step 25/350 | elapsed=0.1m | eta=1.2m | sec_step=0.23
[libero_spatial_swap] task 6 ep 8 step 50/350 | elapsed=0.2m | eta=1.1m | sec_step=0.23
[libero_spatial_swap] task 6 ep 8 step 75/350 | elapsed=0.3m | eta=1.0m | sec_step=0.23
[libero_spatial_swap] task 6 ep 8 step 100/350 | elapsed=0.4m | eta=1.0m | sec_step=0.23
[libero_spatial_swap] task 6 ep 8 step 125/350 | elapsed=0.5m | eta=0.9m | sec_step=0.23
[libero_spatial_swap] task 6 ep 8 step 150/350 | elapsed=0.6m | eta=0.8m | sec_step=0.23
[libero_spatial_swap] task 6 ep 8 step 175/350 | elapsed=0.7m | eta=0.7m | sec_step=0.23
[libero_spatial_swap] task 6 ep 8 step 200/350 | elapsed=0.8m | eta=0.6m | sec_step=0.23
[libero_spatial_swap] task 6 ep 8 step 225/350 | elapsed=0.9m | eta=0.5m | sec_step=0.23
[libero_spatial_swap] task 6 ep 8 step 250/350 | elapsed=1.0m | eta=0.4m | sec_step=0.23
[libero_spatial_swap] task 6 ep 8 step 275/350 | elapsed=1.0m | eta=0.3m | sec_step=0.23
[libero_spatial_swap] task 6 ep 8 step 300/350 | elapsed=1.1m | eta=0.2m | sec_step=0.23
[libero_spatial_swap] task 6 ep 8 step 325/350 | elapsed=1.2m | eta=0.1m | sec_step=0.23
[libero_spatial_swap] task 6 ep 8 step 350/350 | elapsed=1.3m | eta=0.0m | sec_step=0.23
[libero_spatial_swap] task 6 ('pick up the black bowl next to the cookie box and place it on the plate') ep 8: fail | episode_time=1.4m
[libero_spatial_swap] task 6 ep 9 start | max_steps=350 | instruction='pick up the black bowl next to the cookie box and place it on the plate'
[libero_spatial_swap] task 6 ep 9 step 1/350 | elapsed=0.0m | eta=1.4m | sec_step=0.24
[libero_spatial_swap] task 6 ep 9 step 25/350 | elapsed=0.1m | eta=1.2m | sec_step=0.23
[libero_spatial_swap] task 6 ep 9 step 50/350 | elapsed=0.2m | eta=1.1m | sec_step=0.23
[libero_spatial_swap] task 6 ep 9 step 75/350 | elapsed=0.3m | eta=1.0m | sec_step=0.23
[libero_spatial_swap] task 6 ep 9 step 100/350 | elapsed=0.4m | eta=1.0m | sec_step=0.23
[libero_spatial_swap] task 6 ep 9 step 125/350 | elapsed=0.5m | eta=0.9m | sec_step=0.23
[libero_spatial_swap] task 6 ep 9 step 150/350 | elapsed=0.6m | eta=0.8m | sec_step=0.23
[libero_spatial_swap] task 6 ep 9 step 175/350 | elapsed=0.7m | eta=0.7m | sec_step=0.23
[libero_spatial_swap] task 6 ep 9 step 200/350 | elapsed=0.8m | eta=0.6m | sec_step=0.23
[libero_spatial_swap] task 6 ep 9 step 225/350 | elapsed=0.9m | eta=0.5m | sec_step=0.23
[libero_spatial_swap] task 6 ep 9 step 250/350 | elapsed=1.0m | eta=0.4m | sec_step=0.23
[libero_spatial_swap] task 6 ep 9 step 275/350 | elapsed=1.1m | eta=0.3m | sec_step=0.23
[libero_spatial_swap] task 6 ep 9 step 300/350 | elapsed=1.1m | eta=0.2m | sec_step=0.23
[libero_spatial_swap] task 6 ep 9 step 325/350 | elapsed=1.2m | eta=0.1m | sec_step=0.23
[libero_spatial_swap] task 6 ep 9 step 350/350 | elapsed=1.3m | eta=0.0m | sec_step=0.23
[libero_spatial_swap] task 6 ('pick up the black bowl next to the cookie box and place it on the plate') ep 9: fail | episode_time=1.4m
[Warning]: datasets path /scratch/users/create/smrvmdo/projects/lapa-depth-modified-levi/datasets/LIBERO-PRO/libero/libero/datasets does not exist!
[libero_spatial_swap] task 7 ep 0 start | max_steps=350 | instruction='pick up the black bowl on the stove and place it on the plate'
[libero_spatial_swap] task 7 ep 0 step 1/350 | elapsed=0.0m | eta=1.4m | sec_step=0.23
[libero_spatial_swap] task 7 ep 0 step 25/350 | elapsed=0.1m | eta=1.2m | sec_step=0.23
[libero_spatial_swap] task 7 ep 0 step 50/350 | elapsed=0.2m | eta=1.2m | sec_step=0.23
[libero_spatial_swap] task 7 ep 0 step 75/350 | elapsed=0.3m | eta=1.1m | sec_step=0.23
[libero_spatial_swap] task 7 ep 0 step 100/350 | elapsed=0.4m | eta=1.0m | sec_step=0.23
[libero_spatial_swap] task 7 ep 0 step 125/350 | elapsed=0.5m | eta=0.9m | sec_step=0.23
[libero_spatial_swap] task 7 ep 0 step 150/350 | elapsed=0.6m | eta=0.8m | sec_step=0.23
[libero_spatial_swap] task 7 ep 0 step 175/350 | elapsed=0.7m | eta=0.7m | sec_step=0.23
[libero_spatial_swap] task 7 ep 0 step 200/350 | elapsed=0.8m | eta=0.6m | sec_step=0.23
[libero_spatial_swap] task 7 ep 0 step 225/350 | elapsed=0.9m | eta=0.5m | sec_step=0.23
[libero_spatial_swap] task 7 ep 0 step 250/350 | elapsed=1.0m | eta=0.4m | sec_step=0.23
[libero_spatial_swap] task 7 ep 0 step 275/350 | elapsed=1.1m | eta=0.3m | sec_step=0.23
[libero_spatial_swap] task 7 ep 0 step 300/350 | elapsed=1.2m | eta=0.2m | sec_step=0.23
[libero_spatial_swap] task 7 ep 0 step 325/350 | elapsed=1.3m | eta=0.1m | sec_step=0.23
[libero_spatial_swap] task 7 ep 0 step 350/350 | elapsed=1.4m | eta=0.0m | sec_step=0.23
[libero_spatial_swap] task 7 ('pick up the black bowl on the stove and place it on the plate') ep 0: fail | episode_time=1.4m
[libero_spatial_swap] task 7 ep 1 start | max_steps=350 | instruction='pick up the black bowl on the stove and place it on the plate'
[libero_spatial_swap] task 7 ep 1 step 1/350 | elapsed=0.0m | eta=1.4m | sec_step=0.24
[libero_spatial_swap] task 7 ep 1 step 25/350 | elapsed=0.1m | eta=1.2m | sec_step=0.23
[libero_spatial_swap] task 7 ep 1 step 50/350 | elapsed=0.2m | eta=1.1m | sec_step=0.23
[libero_spatial_swap] task 7 ep 1 step 75/350 | elapsed=0.3m | eta=1.1m | sec_step=0.23
[libero_spatial_swap] task 7 ep 1 step 100/350 | elapsed=0.4m | eta=1.0m | sec_step=0.23
[libero_spatial_swap] task 7 ep 1 step 125/350 | elapsed=0.5m | eta=0.9m | sec_step=0.23
[libero_spatial_swap] task 7 ep 1 step 150/350 | elapsed=0.6m | eta=0.8m | sec_step=0.23
[libero_spatial_swap] task 7 ep 1 step 175/350 | elapsed=0.7m | eta=0.7m | sec_step=0.23
[libero_spatial_swap] task 7 ep 1 step 200/350 | elapsed=0.8m | eta=0.6m | sec_step=0.23
[libero_spatial_swap] task 7 ep 1 step 225/350 | elapsed=0.9m | eta=0.5m | sec_step=0.23
[libero_spatial_swap] task 7 ep 1 step 250/350 | elapsed=1.0m | eta=0.4m | sec_step=0.23
[libero_spatial_swap] task 7 ep 1 step 275/350 | elapsed=1.0m | eta=0.3m | sec_step=0.23
[libero_spatial_swap] task 7 ep 1 step 300/350 | elapsed=1.1m | eta=0.2m | sec_step=0.23
[libero_spatial_swap] task 7 ep 1 step 325/350 | elapsed=1.2m | eta=0.1m | sec_step=0.23
[libero_spatial_swap] task 7 ep 1 step 350/350 | elapsed=1.3m | eta=0.0m | sec_step=0.23
[libero_spatial_swap] task 7 ('pick up the black bowl on the stove and place it on the plate') ep 1: fail | episode_time=1.4m
[libero_spatial_swap] task 7 ep 2 start | max_steps=350 | instruction='pick up the black bowl on the stove and place it on the plate'
[libero_spatial_swap] task 7 ep 2 step 1/350 | elapsed=0.0m | eta=1.4m | sec_step=0.24
[libero_spatial_swap] task 7 ep 2 step 25/350 | elapsed=0.1m | eta=1.2m | sec_step=0.23
[libero_spatial_swap] task 7 ep 2 step 50/350 | elapsed=0.2m | eta=1.1m | sec_step=0.23
[libero_spatial_swap] task 7 ep 2 step 75/350 | elapsed=0.3m | eta=1.1m | sec_step=0.23
[libero_spatial_swap] task 7 ep 2 step 100/350 | elapsed=0.4m | eta=1.0m | sec_step=0.23
[libero_spatial_swap] task 7 ep 2 step 125/350 | elapsed=0.5m | eta=0.9m | sec_step=0.23
[libero_spatial_swap] task 7 ep 2 step 150/350 | elapsed=0.6m | eta=0.8m | sec_step=0.23
[libero_spatial_swap] task 7 ep 2 step 175/350 | elapsed=0.7m | eta=0.7m | sec_step=0.23
[libero_spatial_swap] task 7 ep 2 step 200/350 | elapsed=0.8m | eta=0.6m | sec_step=0.23
[libero_spatial_swap] task 7 ep 2 step 225/350 | elapsed=0.9m | eta=0.5m | sec_step=0.23
[libero_spatial_swap] task 7 ep 2 step 250/350 | elapsed=1.0m | eta=0.4m | sec_step=0.23
[libero_spatial_swap] task 7 ep 2 step 275/350 | elapsed=1.1m | eta=0.3m | sec_step=0.23
[libero_spatial_swap] task 7 ep 2 step 300/350 | elapsed=1.2m | eta=0.2m | sec_step=0.23
[libero_spatial_swap] task 7 ep 2 step 325/350 | elapsed=1.3m | eta=0.1m | sec_step=0.23
[libero_spatial_swap] task 7 ep 2 step 350/350 | elapsed=1.3m | eta=0.0m | sec_step=0.23
[libero_spatial_swap] task 7 ('pick up the black bowl on the stove and place it on the plate') ep 2: fail | episode_time=1.4m
[libero_spatial_swap] task 7 ep 3 start | max_steps=350 | instruction='pick up the black bowl on the stove and place it on the plate'
[libero_spatial_swap] task 7 ep 3 step 1/350 | elapsed=0.0m | eta=1.4m | sec_step=0.24
[libero_spatial_swap] task 7 ep 3 step 25/350 | elapsed=0.1m | eta=1.2m | sec_step=0.23
[libero_spatial_swap] task 7 ep 3 step 50/350 | elapsed=0.2m | eta=1.2m | sec_step=0.23
[libero_spatial_swap] task 7 ep 3 step 75/350 | elapsed=0.3m | eta=1.1m | sec_step=0.23
[libero_spatial_swap] task 7 ep 3 step 100/350 | elapsed=0.4m | eta=1.0m | sec_step=0.23
[libero_spatial_swap] task 7 ep 3 step 125/350 | elapsed=0.5m | eta=0.9m | sec_step=0.23
[libero_spatial_swap] task 7 ep 3 step 150/350 | elapsed=0.6m | eta=0.8m | sec_step=0.23
[libero_spatial_swap] task 7 ep 3 step 175/350 | elapsed=0.7m | eta=0.7m | sec_step=0.23
[libero_spatial_swap] task 7 ep 3 step 200/350 | elapsed=0.8m | eta=0.6m | sec_step=0.23
[libero_spatial_swap] task 7 ep 3 step 225/350 | elapsed=0.9m | eta=0.5m | sec_step=0.23
[libero_spatial_swap] task 7 ep 3 step 250/350 | elapsed=1.0m | eta=0.4m | sec_step=0.23
[libero_spatial_swap] task 7 ep 3 step 275/350 | elapsed=1.1m | eta=0.3m | sec_step=0.23
[libero_spatial_swap] task 7 ep 3 step 300/350 | elapsed=1.2m | eta=0.2m | sec_step=0.23
[libero_spatial_swap] task 7 ep 3 step 325/350 | elapsed=1.3m | eta=0.1m | sec_step=0.23
[libero_spatial_swap] task 7 ep 3 step 350/350 | elapsed=1.4m | eta=0.0m | sec_step=0.23
[libero_spatial_swap] task 7 ('pick up the black bowl on the stove and place it on the plate') ep 3: fail | episode_time=1.4m
[libero_spatial_swap] task 7 ep 4 start | max_steps=350 | instruction='pick up the black bowl on the stove and place it on the plate'
[libero_spatial_swap] task 7 ep 4 step 1/350 | elapsed=0.0m | eta=1.4m | sec_step=0.24
[libero_spatial_swap] task 7 ep 4 step 25/350 | elapsed=0.1m | eta=1.2m | sec_step=0.23
[libero_spatial_swap] task 7 ep 4 step 50/350 | elapsed=0.2m | eta=1.1m | sec_step=0.23
[libero_spatial_swap] task 7 ep 4 step 75/350 | elapsed=0.3m | eta=1.0m | sec_step=0.23
[libero_spatial_swap] task 7 ep 4 step 100/350 | elapsed=0.4m | eta=1.0m | sec_step=0.23
[libero_spatial_swap] task 7 ep 4 step 125/350 | elapsed=0.5m | eta=0.9m | sec_step=0.23
[libero_spatial_swap] task 7 ep 4 step 150/350 | elapsed=0.6m | eta=0.8m | sec_step=0.23
[libero_spatial_swap] task 7 ep 4 step 175/350 | elapsed=0.7m | eta=0.7m | sec_step=0.23
[libero_spatial_swap] task 7 ep 4 step 200/350 | elapsed=0.8m | eta=0.6m | sec_step=0.23
[libero_spatial_swap] task 7 ep 4 step 225/350 | elapsed=0.9m | eta=0.5m | sec_step=0.23
[libero_spatial_swap] task 7 ep 4 step 250/350 | elapsed=1.0m | eta=0.4m | sec_step=0.23
[libero_spatial_swap] task 7 ep 4 step 275/350 | elapsed=1.0m | eta=0.3m | sec_step=0.23
[libero_spatial_swap] task 7 ep 4 step 300/350 | elapsed=1.1m | eta=0.2m | sec_step=0.23
[libero_spatial_swap] task 7 ep 4 step 325/350 | elapsed=1.2m | eta=0.1m | sec_step=0.23
[libero_spatial_swap] task 7 ep 4 step 350/350 | elapsed=1.3m | eta=0.0m | sec_step=0.23
[libero_spatial_swap] task 7 ('pick up the black bowl on the stove and place it on the plate') ep 4: fail | episode_time=1.4m
[libero_spatial_swap] task 7 ep 5 start | max_steps=350 | instruction='pick up the black bowl on the stove and place it on the plate'
[libero_spatial_swap] task 7 ep 5 step 1/350 | elapsed=0.0m | eta=1.4m | sec_step=0.23
[libero_spatial_swap] task 7 ep 5 step 25/350 | elapsed=0.1m | eta=1.2m | sec_step=0.23
[libero_spatial_swap] task 7 ep 5 step 50/350 | elapsed=0.2m | eta=1.1m | sec_step=0.23
[libero_spatial_swap] task 7 ep 5 step 75/350 | elapsed=0.3m | eta=1.1m | sec_step=0.23
[libero_spatial_swap] task 7 ep 5 step 100/350 | elapsed=0.4m | eta=1.0m | sec_step=0.23
[libero_spatial_swap] task 7 ep 5 step 125/350 | elapsed=0.5m | eta=0.9m | sec_step=0.23
[libero_spatial_swap] task 7 ep 5 step 150/350 | elapsed=0.6m | eta=0.8m | sec_step=0.23
[libero_spatial_swap] task 7 ep 5 step 175/350 | elapsed=0.7m | eta=0.7m | sec_step=0.23
[libero_spatial_swap] task 7 ep 5 step 200/350 | elapsed=0.8m | eta=0.6m | sec_step=0.23
[libero_spatial_swap] task 7 ep 5 step 225/350 | elapsed=0.9m | eta=0.5m | sec_step=0.23
[libero_spatial_swap] task 7 ep 5 step 250/350 | elapsed=1.0m | eta=0.4m | sec_step=0.23
[libero_spatial_swap] task 7 ep 5 step 275/350 | elapsed=1.1m | eta=0.3m | sec_step=0.23
[libero_spatial_swap] task 7 ep 5 step 300/350 | elapsed=1.2m | eta=0.2m | sec_step=0.23
[libero_spatial_swap] task 7 ep 5 step 325/350 | elapsed=1.3m | eta=0.1m | sec_step=0.23
[libero_spatial_swap] task 7 ep 5 step 350/350 | elapsed=1.4m | eta=0.0m | sec_step=0.23
[libero_spatial_swap] task 7 ('pick up the black bowl on the stove and place it on the plate') ep 5: fail | episode_time=1.4m
[libero_spatial_swap] task 7 ep 6 start | max_steps=350 | instruction='pick up the black bowl on the stove and place it on the plate'
[libero_spatial_swap] task 7 ep 6 step 1/350 | elapsed=0.0m | eta=1.4m | sec_step=0.24
[libero_spatial_swap] task 7 ep 6 step 25/350 | elapsed=0.1m | eta=1.2m | sec_step=0.23
[libero_spatial_swap] task 7 ep 6 step 50/350 | elapsed=0.2m | eta=1.2m | sec_step=0.23
[libero_spatial_swap] task 7 ep 6 step 75/350 | elapsed=0.3m | eta=1.1m | sec_step=0.24
[libero_spatial_swap] task 7 ep 6 step 100/350 | elapsed=0.4m | eta=1.0m | sec_step=0.23
[libero_spatial_swap] task 7 ep 6 step 125/350 | elapsed=0.5m | eta=0.9m | sec_step=0.23
[libero_spatial_swap] task 7 ep 6 step 150/350 | elapsed=0.6m | eta=0.8m | sec_step=0.23
[libero_spatial_swap] task 7 ep 6 step 175/350 | elapsed=0.7m | eta=0.7m | sec_step=0.23
[libero_spatial_swap] task 7 ep 6 step 200/350 | elapsed=0.8m | eta=0.6m | sec_step=0.24
[libero_spatial_swap] task 7 ep 6 step 225/350 | elapsed=0.9m | eta=0.5m | sec_step=0.24
[libero_spatial_swap] task 7 ep 6 step 250/350 | elapsed=1.0m | eta=0.4m | sec_step=0.24
[libero_spatial_swap] task 7 ep 6 step 275/350 | elapsed=1.1m | eta=0.3m | sec_step=0.24
[libero_spatial_swap] task 7 ep 6 step 300/350 | elapsed=1.2m | eta=0.2m | sec_step=0.24
[libero_spatial_swap] task 7 ep 6 step 325/350 | elapsed=1.3m | eta=0.1m | sec_step=0.24
[libero_spatial_swap] task 7 ep 6 step 350/350 | elapsed=1.4m | eta=0.0m | sec_step=0.24
[libero_spatial_swap] task 7 ('pick up the black bowl on the stove and place it on the plate') ep 6: fail | episode_time=1.4m
[libero_spatial_swap] task 7 ep 7 start | max_steps=350 | instruction='pick up the black bowl on the stove and place it on the plate'
[libero_spatial_swap] task 7 ep 7 step 1/350 | elapsed=0.0m | eta=1.4m | sec_step=0.24
[libero_spatial_swap] task 7 ep 7 step 25/350 | elapsed=0.1m | eta=1.2m | sec_step=0.23
[libero_spatial_swap] task 7 ep 7 step 50/350 | elapsed=0.2m | eta=1.2m | sec_step=0.23
[libero_spatial_swap] task 7 ep 7 step 75/350 | elapsed=0.3m | eta=1.1m | sec_step=0.23
[libero_spatial_swap] task 7 ep 7 step 100/350 | elapsed=0.4m | eta=1.0m | sec_step=0.23
[libero_spatial_swap] task 7 ep 7 step 125/350 | elapsed=0.5m | eta=0.9m | sec_step=0.23
[libero_spatial_swap] task 7 ep 7 step 150/350 | elapsed=0.6m | eta=0.8m | sec_step=0.23
[libero_spatial_swap] task 7 ep 7 step 175/350 | elapsed=0.7m | eta=0.7m | sec_step=0.23
[libero_spatial_swap] task 7 ep 7 step 200/350 | elapsed=0.8m | eta=0.6m | sec_step=0.23
[libero_spatial_swap] task 7 ep 7 step 225/350 | elapsed=0.9m | eta=0.5m | sec_step=0.23
[libero_spatial_swap] task 7 ep 7 step 250/350 | elapsed=1.0m | eta=0.4m | sec_step=0.24
[libero_spatial_swap] task 7 ep 7 step 275/350 | elapsed=1.1m | eta=0.3m | sec_step=0.24
[libero_spatial_swap] task 7 ep 7 step 300/350 | elapsed=1.2m | eta=0.2m | sec_step=0.24
[libero_spatial_swap] task 7 ep 7 step 325/350 | elapsed=1.3m | eta=0.1m | sec_step=0.24
[libero_spatial_swap] task 7 ep 7 step 350/350 | elapsed=1.4m | eta=0.0m | sec_step=0.24
[libero_spatial_swap] task 7 ('pick up the black bowl on the stove and place it on the plate') ep 7: fail | episode_time=1.4m
[libero_spatial_swap] task 7 ep 8 start | max_steps=350 | instruction='pick up the black bowl on the stove and place it on the plate'
[libero_spatial_swap] task 7 ep 8 step 1/350 | elapsed=0.0m | eta=1.4m | sec_step=0.23
[libero_spatial_swap] task 7 ep 8 step 25/350 | elapsed=0.1m | eta=1.2m | sec_step=0.23
[libero_spatial_swap] task 7 ep 8 step 50/350 | elapsed=0.2m | eta=1.2m | sec_step=0.23
[libero_spatial_swap] task 7 ep 8 step 75/350 | elapsed=0.3m | eta=1.1m | sec_step=0.23
[libero_spatial_swap] task 7 ep 8 step 100/350 | elapsed=0.4m | eta=1.0m | sec_step=0.23
[libero_spatial_swap] task 7 ep 8 step 125/350 | elapsed=0.5m | eta=0.9m | sec_step=0.23
[libero_spatial_swap] task 7 ep 8 step 150/350 | elapsed=0.6m | eta=0.8m | sec_step=0.23
[libero_spatial_swap] task 7 ep 8 step 175/350 | elapsed=0.7m | eta=0.7m | sec_step=0.23
[libero_spatial_swap] task 7 ep 8 step 200/350 | elapsed=0.8m | eta=0.6m | sec_step=0.23
[libero_spatial_swap] task 7 ep 8 step 225/350 | elapsed=0.9m | eta=0.5m | sec_step=0.23
[libero_spatial_swap] task 7 ep 8 step 250/350 | elapsed=1.0m | eta=0.4m | sec_step=0.23
[libero_spatial_swap] task 7 ep 8 step 275/350 | elapsed=1.1m | eta=0.3m | sec_step=0.23
[libero_spatial_swap] task 7 ep 8 step 300/350 | elapsed=1.2m | eta=0.2m | sec_step=0.23
[libero_spatial_swap] task 7 ep 8 step 325/350 | elapsed=1.3m | eta=0.1m | sec_step=0.23
[libero_spatial_swap] task 7 ep 8 step 350/350 | elapsed=1.4m | eta=0.0m | sec_step=0.23
[libero_spatial_swap] task 7 ('pick up the black bowl on the stove and place it on the plate') ep 8: fail | episode_time=1.4m
[libero_spatial_swap] task 7 ep 9 start | max_steps=350 | instruction='pick up the black bowl on the stove and place it on the plate'
[libero_spatial_swap] task 7 ep 9 step 1/350 | elapsed=0.0m | eta=1.4m | sec_step=0.24
[libero_spatial_swap] task 7 ep 9 step 25/350 | elapsed=0.1m | eta=1.2m | sec_step=0.23
[libero_spatial_swap] task 7 ep 9 step 50/350 | elapsed=0.2m | eta=1.1m | sec_step=0.23
[libero_spatial_swap] task 7 ep 9 step 75/350 | elapsed=0.3m | eta=1.1m | sec_step=0.23
[libero_spatial_swap] task 7 ep 9 step 100/350 | elapsed=0.4m | eta=1.0m | sec_step=0.23
[libero_spatial_swap] task 7 ep 9 step 125/350 | elapsed=0.5m | eta=0.9m | sec_step=0.23
[libero_spatial_swap] task 7 ep 9 step 150/350 | elapsed=0.6m | eta=0.8m | sec_step=0.23
[libero_spatial_swap] task 7 ep 9 step 175/350 | elapsed=0.7m | eta=0.7m | sec_step=0.23
[libero_spatial_swap] task 7 ep 9 step 200/350 | elapsed=0.8m | eta=0.6m | sec_step=0.23
[libero_spatial_swap] task 7 ep 9 step 225/350 | elapsed=0.9m | eta=0.5m | sec_step=0.23
[libero_spatial_swap] task 7 ep 9 step 250/350 | elapsed=1.0m | eta=0.4m | sec_step=0.23
[libero_spatial_swap] task 7 ep 9 step 275/350 | elapsed=1.1m | eta=0.3m | sec_step=0.24
[libero_spatial_swap] task 7 ep 9 step 300/350 | elapsed=1.2m | eta=0.2m | sec_step=0.24
[libero_spatial_swap] task 7 ep 9 step 325/350 | elapsed=1.3m | eta=0.1m | sec_step=0.24
[libero_spatial_swap] task 7 ep 9 step 350/350 | elapsed=1.4m | eta=0.0m | sec_step=0.24
[libero_spatial_swap] task 7 ('pick up the black bowl on the stove and place it on the plate') ep 9: fail | episode_time=1.4m
[Warning]: datasets path /scratch/users/create/smrvmdo/projects/lapa-depth-modified-levi/datasets/LIBERO-PRO/libero/libero/datasets does not exist!
[libero_spatial_swap] task 8 ep 0 start | max_steps=350 | instruction='pick up the black bowl next to the plate and place it on the plate'
[libero_spatial_swap] task 8 ep 0 step 1/350 | elapsed=0.0m | eta=1.6m | sec_step=0.28
[libero_spatial_swap] task 8 ep 0 step 25/350 | elapsed=0.1m | eta=1.2m | sec_step=0.23
[libero_spatial_swap] task 8 ep 0 step 50/350 | elapsed=0.2m | eta=1.1m | sec_step=0.23
[libero_spatial_swap] task 8 ep 0 step 75/350 | elapsed=0.3m | eta=1.0m | sec_step=0.23
[libero_spatial_swap] task 8 ep 0 step 100/350 | elapsed=0.4m | eta=1.0m | sec_step=0.23
[libero_spatial_swap] task 8 ep 0 step 125/350 | elapsed=0.5m | eta=0.9m | sec_step=0.23
[libero_spatial_swap] task 8 ep 0 step 150/350 | elapsed=0.6m | eta=0.8m | sec_step=0.23
[libero_spatial_swap] task 8 ep 0 step 175/350 | elapsed=0.7m | eta=0.7m | sec_step=0.23
[libero_spatial_swap] task 8 ep 0 step 200/350 | elapsed=0.8m | eta=0.6m | sec_step=0.23
[libero_spatial_swap] task 8 ep 0 step 225/350 | elapsed=0.9m | eta=0.5m | sec_step=0.23
[libero_spatial_swap] task 8 ep 0 step 250/350 | elapsed=0.9m | eta=0.4m | sec_step=0.23
[libero_spatial_swap] task 8 ep 0 step 275/350 | elapsed=1.0m | eta=0.3m | sec_step=0.23
[libero_spatial_swap] task 8 ep 0 step 300/350 | elapsed=1.1m | eta=0.2m | sec_step=0.23
[libero_spatial_swap] task 8 ep 0 step 325/350 | elapsed=1.2m | eta=0.1m | sec_step=0.23
[libero_spatial_swap] task 8 ep 0 step 350/350 | elapsed=1.3m | eta=0.0m | sec_step=0.23
[libero_spatial_swap] task 8 ('pick up the black bowl next to the plate and place it on the plate') ep 0: fail | episode_time=1.3m
[libero_spatial_swap] task 8 ep 1 start | max_steps=350 | instruction='pick up the black bowl next to the plate and place it on the plate'
[libero_spatial_swap] task 8 ep 1 step 1/350 | elapsed=0.0m | eta=1.4m | sec_step=0.24
[libero_spatial_swap] task 8 ep 1 step 25/350 | elapsed=0.1m | eta=1.2m | sec_step=0.23
[libero_spatial_swap] task 8 ep 1 step 50/350 | elapsed=0.2m | eta=1.1m | sec_step=0.23
[libero_spatial_swap] task 8 ep 1 step 75/350 | elapsed=0.3m | eta=1.0m | sec_step=0.23
[libero_spatial_swap] task 8 ep 1 step 100/350 | elapsed=0.4m | eta=1.0m | sec_step=0.23
[libero_spatial_swap] task 8 ep 1 step 125/350 | elapsed=0.5m | eta=0.9m | sec_step=0.23
[libero_spatial_swap] task 8 ep 1 step 150/350 | elapsed=0.6m | eta=0.8m | sec_step=0.23
[libero_spatial_swap] task 8 ep 1 step 175/350 | elapsed=0.7m | eta=0.7m | sec_step=0.23
[libero_spatial_swap] task 8 ep 1 step 200/350 | elapsed=0.8m | eta=0.6m | sec_step=0.23
[libero_spatial_swap] task 8 ep 1 step 225/350 | elapsed=0.9m | eta=0.5m | sec_step=0.23
[libero_spatial_swap] task 8 ep 1 step 250/350 | elapsed=0.9m | eta=0.4m | sec_step=0.23
[libero_spatial_swap] task 8 ep 1 step 275/350 | elapsed=1.0m | eta=0.3m | sec_step=0.23
[libero_spatial_swap] task 8 ep 1 step 300/350 | elapsed=1.1m | eta=0.2m | sec_step=0.23
[libero_spatial_swap] task 8 ep 1 step 325/350 | elapsed=1.2m | eta=0.1m | sec_step=0.23
[libero_spatial_swap] task 8 ep 1 step 350/350 | elapsed=1.3m | eta=0.0m | sec_step=0.23
[libero_spatial_swap] task 8 ('pick up the black bowl next to the plate and place it on the plate') ep 1: fail | episode_time=1.4m
[libero_spatial_swap] task 8 ep 2 start | max_steps=350 | instruction='pick up the black bowl next to the plate and place it on the plate'
[libero_spatial_swap] task 8 ep 2 step 1/350 | elapsed=0.0m | eta=1.4m | sec_step=0.24
[libero_spatial_swap] task 8 ep 2 step 25/350 | elapsed=0.1m | eta=1.2m | sec_step=0.23
[libero_spatial_swap] task 8 ep 2 step 50/350 | elapsed=0.2m | eta=1.1m | sec_step=0.23
[libero_spatial_swap] task 8 ep 2 step 75/350 | elapsed=0.3m | eta=1.0m | sec_step=0.23
[libero_spatial_swap] task 8 ep 2 step 100/350 | elapsed=0.4m | eta=0.9m | sec_step=0.23
[libero_spatial_swap] task 8 ep 2 step 125/350 | elapsed=0.5m | eta=0.9m | sec_step=0.23
[libero_spatial_swap] task 8 ep 2 step 150/350 | elapsed=0.6m | eta=0.8m | sec_step=0.23
[libero_spatial_swap] task 8 ep 2 step 175/350 | elapsed=0.7m | eta=0.7m | sec_step=0.23
[libero_spatial_swap] task 8 ep 2 step 200/350 | elapsed=0.8m | eta=0.6m | sec_step=0.23
[libero_spatial_swap] task 8 ep 2 step 225/350 | elapsed=0.9m | eta=0.5m | sec_step=0.23
[libero_spatial_swap] task 8 ep 2 step 250/350 | elapsed=0.9m | eta=0.4m | sec_step=0.23
[libero_spatial_swap] task 8 ep 2 step 275/350 | elapsed=1.0m | eta=0.3m | sec_step=0.23
[libero_spatial_swap] task 8 ep 2 step 300/350 | elapsed=1.1m | eta=0.2m | sec_step=0.23
[libero_spatial_swap] task 8 ep 2 step 325/350 | elapsed=1.2m | eta=0.1m | sec_step=0.23
[libero_spatial_swap] task 8 ep 2 step 350/350 | elapsed=1.3m | eta=0.0m | sec_step=0.23
[libero_spatial_swap] task 8 ('pick up the black bowl next to the plate and place it on the plate') ep 2: fail | episode_time=1.3m
[libero_spatial_swap] task 8 ep 3 start | max_steps=350 | instruction='pick up the black bowl next to the plate and place it on the plate'
[libero_spatial_swap] task 8 ep 3 step 1/350 | elapsed=0.0m | eta=1.4m | sec_step=0.23
[libero_spatial_swap] task 8 ep 3 step 25/350 | elapsed=0.1m | eta=1.2m | sec_step=0.23
[libero_spatial_swap] task 8 ep 3 step 50/350 | elapsed=0.2m | eta=1.1m | sec_step=0.23
[libero_spatial_swap] task 8 ep 3 step 75/350 | elapsed=0.3m | eta=1.0m | sec_step=0.23
[libero_spatial_swap] task 8 ep 3 step 100/350 | elapsed=0.4m | eta=0.9m | sec_step=0.23
[libero_spatial_swap] task 8 ep 3 step 125/350 | elapsed=0.5m | eta=0.9m | sec_step=0.23
[libero_spatial_swap] task 8 ep 3 step 150/350 | elapsed=0.6m | eta=0.8m | sec_step=0.23
[libero_spatial_swap] task 8 ep 3 step 175/350 | elapsed=0.7m | eta=0.7m | sec_step=0.23
[libero_spatial_swap] task 8 ep 3 step 200/350 | elapsed=0.8m | eta=0.6m | sec_step=0.23
[libero_spatial_swap] task 8 ep 3 step 225/350 | elapsed=0.9m | eta=0.5m | sec_step=0.23
[libero_spatial_swap] task 8 ep 3 step 250/350 | elapsed=1.0m | eta=0.4m | sec_step=0.23
[libero_spatial_swap] task 8 ep 3 step 275/350 | elapsed=1.0m | eta=0.3m | sec_step=0.23
[libero_spatial_swap] task 8 ep 3 step 300/350 | elapsed=1.1m | eta=0.2m | sec_step=0.23
[libero_spatial_swap] task 8 ep 3 step 325/350 | elapsed=1.2m | eta=0.1m | sec_step=0.23
[libero_spatial_swap] task 8 ep 3 step 350/350 | elapsed=1.3m | eta=0.0m | sec_step=0.23
[libero_spatial_swap] task 8 ('pick up the black bowl next to the plate and place it on the plate') ep 3: fail | episode_time=1.4m
[libero_spatial_swap] task 8 ep 4 start | max_steps=350 | instruction='pick up the black bowl next to the plate and place it on the plate'
[libero_spatial_swap] task 8 ep 4 step 1/350 | elapsed=0.0m | eta=1.4m | sec_step=0.23
[libero_spatial_swap] task 8 ep 4 step 25/350 | elapsed=0.1m | eta=1.2m | sec_step=0.23
[libero_spatial_swap] task 8 ep 4 step 50/350 | elapsed=0.2m | eta=1.1m | sec_step=0.23
[libero_spatial_swap] task 8 ep 4 step 75/350 | elapsed=0.3m | eta=1.0m | sec_step=0.23
[libero_spatial_swap] task 8 ep 4 step 100/350 | elapsed=0.4m | eta=0.9m | sec_step=0.23
[libero_spatial_swap] task 8 ep 4 step 125/350 | elapsed=0.5m | eta=0.9m | sec_step=0.23
[libero_spatial_swap] task 8 ep 4 step 150/350 | elapsed=0.6m | eta=0.8m | sec_step=0.23
[libero_spatial_swap] task 8 ep 4 step 175/350 | elapsed=0.7m | eta=0.7m | sec_step=0.23
[libero_spatial_swap] task 8 ep 4 step 200/350 | elapsed=0.8m | eta=0.6m | sec_step=0.23
[libero_spatial_swap] task 8 ep 4 step 225/350 | elapsed=0.9m | eta=0.5m | sec_step=0.23
[libero_spatial_swap] task 8 ep 4 step 250/350 | elapsed=0.9m | eta=0.4m | sec_step=0.23
[libero_spatial_swap] task 8 ep 4 step 275/350 | elapsed=1.0m | eta=0.3m | sec_step=0.23
[libero_spatial_swap] task 8 ep 4 step 300/350 | elapsed=1.1m | eta=0.2m | sec_step=0.23
[libero_spatial_swap] task 8 ep 4 step 325/350 | elapsed=1.2m | eta=0.1m | sec_step=0.23
[libero_spatial_swap] task 8 ep 4 step 350/350 | elapsed=1.3m | eta=0.0m | sec_step=0.23
[libero_spatial_swap] task 8 ('pick up the black bowl next to the plate and place it on the plate') ep 4: fail | episode_time=1.3m
[libero_spatial_swap] task 8 ep 5 start | max_steps=350 | instruction='pick up the black bowl next to the plate and place it on the plate'
[libero_spatial_swap] task 8 ep 5 step 1/350 | elapsed=0.0m | eta=1.4m | sec_step=0.24
[libero_spatial_swap] task 8 ep 5 step 25/350 | elapsed=0.1m | eta=1.2m | sec_step=0.23
[libero_spatial_swap] task 8 ep 5 step 50/350 | elapsed=0.2m | eta=1.1m | sec_step=0.23
[libero_spatial_swap] task 8 ep 5 step 75/350 | elapsed=0.3m | eta=1.0m | sec_step=0.23
[libero_spatial_swap] task 8 ep 5 step 100/350 | elapsed=0.4m | eta=0.9m | sec_step=0.23
[libero_spatial_swap] task 8 ep 5 step 125/350 | elapsed=0.5m | eta=0.9m | sec_step=0.23
[libero_spatial_swap] task 8 ep 5 step 150/350 | elapsed=0.6m | eta=0.8m | sec_step=0.23
[libero_spatial_swap] task 8 ep 5 step 175/350 | elapsed=0.7m | eta=0.7m | sec_step=0.23
[libero_spatial_swap] task 8 ep 5 step 200/350 | elapsed=0.8m | eta=0.6m | sec_step=0.23
[libero_spatial_swap] task 8 ep 5 step 225/350 | elapsed=0.9m | eta=0.5m | sec_step=0.23
[libero_spatial_swap] task 8 ep 5 step 250/350 | elapsed=0.9m | eta=0.4m | sec_step=0.23
[libero_spatial_swap] task 8 ep 5 step 275/350 | elapsed=1.0m | eta=0.3m | sec_step=0.23
[libero_spatial_swap] task 8 ep 5 step 300/350 | elapsed=1.1m | eta=0.2m | sec_step=0.23
[libero_spatial_swap] task 8 ep 5 step 325/350 | elapsed=1.2m | eta=0.1m | sec_step=0.23
[libero_spatial_swap] task 8 ep 5 step 350/350 | elapsed=1.3m | eta=0.0m | sec_step=0.23
[libero_spatial_swap] task 8 ('pick up the black bowl next to the plate and place it on the plate') ep 5: fail | episode_time=1.3m
[libero_spatial_swap] task 8 ep 6 start | max_steps=350 | instruction='pick up the black bowl next to the plate and place it on the plate'
[libero_spatial_swap] task 8 ep 6 step 1/350 | elapsed=0.0m | eta=1.4m | sec_step=0.24
[libero_spatial_swap] task 8 ep 6 step 25/350 | elapsed=0.1m | eta=1.2m | sec_step=0.23
[libero_spatial_swap] task 8 ep 6 step 50/350 | elapsed=0.2m | eta=1.1m | sec_step=0.23
[libero_spatial_swap] task 8 ep 6 step 75/350 | elapsed=0.3m | eta=1.0m | sec_step=0.23
[libero_spatial_swap] task 8 ep 6 step 100/350 | elapsed=0.4m | eta=0.9m | sec_step=0.23
[libero_spatial_swap] task 8 ep 6 step 125/350 | elapsed=0.5m | eta=0.9m | sec_step=0.23
[libero_spatial_swap] task 8 ep 6 step 150/350 | elapsed=0.6m | eta=0.8m | sec_step=0.23
[libero_spatial_swap] task 8 ep 6 step 175/350 | elapsed=0.7m | eta=0.7m | sec_step=0.23
[libero_spatial_swap] task 8 ep 6 step 200/350 | elapsed=0.8m | eta=0.6m | sec_step=0.23
[libero_spatial_swap] task 8 ep 6 step 225/350 | elapsed=0.9m | eta=0.5m | sec_step=0.23
[libero_spatial_swap] task 8 ep 6 step 250/350 | elapsed=1.0m | eta=0.4m | sec_step=0.23
[libero_spatial_swap] task 8 ep 6 step 275/350 | elapsed=1.1m | eta=0.3m | sec_step=0.23
[libero_spatial_swap] task 8 ep 6 step 300/350 | elapsed=1.2m | eta=0.2m | sec_step=0.23
[libero_spatial_swap] task 8 ep 6 step 325/350 | elapsed=1.3m | eta=0.1m | sec_step=0.23
[libero_spatial_swap] task 8 ep 6 step 350/350 | elapsed=1.3m | eta=0.0m | sec_step=0.23
[libero_spatial_swap] task 8 ('pick up the black bowl next to the plate and place it on the plate') ep 6: fail | episode_time=1.4m
[libero_spatial_swap] task 8 ep 7 start | max_steps=350 | instruction='pick up the black bowl next to the plate and place it on the plate'
[libero_spatial_swap] task 8 ep 7 step 1/350 | elapsed=0.0m | eta=1.4m | sec_step=0.24
[libero_spatial_swap] task 8 ep 7 step 25/350 | elapsed=0.1m | eta=1.2m | sec_step=0.23
[libero_spatial_swap] task 8 ep 7 step 50/350 | elapsed=0.2m | eta=1.1m | sec_step=0.23
[libero_spatial_swap] task 8 ep 7 step 75/350 | elapsed=0.3m | eta=1.1m | sec_step=0.23
[libero_spatial_swap] task 8 ep 7 step 100/350 | elapsed=0.4m | eta=1.0m | sec_step=0.23
[libero_spatial_swap] task 8 ep 7 step 125/350 | elapsed=0.5m | eta=0.9m | sec_step=0.23
[libero_spatial_swap] task 8 ep 7 step 150/350 | elapsed=0.6m | eta=0.8m | sec_step=0.23
[libero_spatial_swap] task 8 ep 7 step 175/350 | elapsed=0.7m | eta=0.7m | sec_step=0.23
[libero_spatial_swap] task 8 ep 7 step 200/350 | elapsed=0.8m | eta=0.6m | sec_step=0.23
[libero_spatial_swap] task 8 ep 7 step 225/350 | elapsed=0.9m | eta=0.5m | sec_step=0.23
[libero_spatial_swap] task 8 ep 7 step 250/350 | elapsed=1.0m | eta=0.4m | sec_step=0.23
[libero_spatial_swap] task 8 ep 7 step 275/350 | elapsed=1.0m | eta=0.3m | sec_step=0.23
[libero_spatial_swap] task 8 ep 7 step 300/350 | elapsed=1.1m | eta=0.2m | sec_step=0.23
[libero_spatial_swap] task 8 ep 7 step 325/350 | elapsed=1.2m | eta=0.1m | sec_step=0.23
[libero_spatial_swap] task 8 ep 7 step 350/350 | elapsed=1.3m | eta=0.0m | sec_step=0.23
[libero_spatial_swap] task 8 ('pick up the black bowl next to the plate and place it on the plate') ep 7: fail | episode_time=1.4m
[libero_spatial_swap] task 8 ep 8 start | max_steps=350 | instruction='pick up the black bowl next to the plate and place it on the plate'
[libero_spatial_swap] task 8 ep 8 step 1/350 | elapsed=0.0m | eta=1.5m | sec_step=0.25
[libero_spatial_swap] task 8 ep 8 step 25/350 | elapsed=0.1m | eta=1.2m | sec_step=0.23
[libero_spatial_swap] task 8 ep 8 step 50/350 | elapsed=0.2m | eta=1.1m | sec_step=0.23
[libero_spatial_swap] task 8 ep 8 step 75/350 | elapsed=0.3m | eta=1.0m | sec_step=0.23
[libero_spatial_swap] task 8 ep 8 step 100/350 | elapsed=0.4m | eta=1.0m | sec_step=0.23
[libero_spatial_swap] task 8 ep 8 step 125/350 | elapsed=0.5m | eta=0.9m | sec_step=0.23
[libero_spatial_swap] task 8 ep 8 step 150/350 | elapsed=0.6m | eta=0.8m | sec_step=0.23
[libero_spatial_swap] task 8 ep 8 step 175/350 | elapsed=0.7m | eta=0.7m | sec_step=0.23
[libero_spatial_swap] task 8 ep 8 step 200/350 | elapsed=0.8m | eta=0.6m | sec_step=0.23
[libero_spatial_swap] task 8 ep 8 step 225/350 | elapsed=0.9m | eta=0.5m | sec_step=0.23
[libero_spatial_swap] task 8 ep 8 step 250/350 | elapsed=1.0m | eta=0.4m | sec_step=0.23
[libero_spatial_swap] task 8 ep 8 step 275/350 | elapsed=1.1m | eta=0.3m | sec_step=0.23
[libero_spatial_swap] task 8 ep 8 step 300/350 | elapsed=1.2m | eta=0.2m | sec_step=0.23
[libero_spatial_swap] task 8 ep 8 step 325/350 | elapsed=1.3m | eta=0.1m | sec_step=0.23
[libero_spatial_swap] task 8 ep 8 step 350/350 | elapsed=1.4m | eta=0.0m | sec_step=0.23
[libero_spatial_swap] task 8 ('pick up the black bowl next to the plate and place it on the plate') ep 8: fail | episode_time=1.4m
[libero_spatial_swap] task 8 ep 9 start | max_steps=350 | instruction='pick up the black bowl next to the plate and place it on the plate'
[libero_spatial_swap] task 8 ep 9 step 1/350 | elapsed=0.0m | eta=1.4m | sec_step=0.24
[libero_spatial_swap] task 8 ep 9 step 25/350 | elapsed=0.1m | eta=1.3m | sec_step=0.24
[libero_spatial_swap] task 8 ep 9 step 50/350 | elapsed=0.2m | eta=1.2m | sec_step=0.24
[libero_spatial_swap] task 8 ep 9 step 75/350 | elapsed=0.3m | eta=1.1m | sec_step=0.24
[libero_spatial_swap] task 8 ep 9 step 100/350 | elapsed=0.4m | eta=1.0m | sec_step=0.24
[libero_spatial_swap] task 8 ep 9 step 125/350 | elapsed=0.5m | eta=0.9m | sec_step=0.24
[libero_spatial_swap] task 8 ep 9 step 150/350 | elapsed=0.6m | eta=0.8m | sec_step=0.24
[libero_spatial_swap] task 8 ep 9 step 175/350 | elapsed=0.7m | eta=0.7m | sec_step=0.24
[libero_spatial_swap] task 8 ep 9 step 200/350 | elapsed=0.8m | eta=0.6m | sec_step=0.24
[libero_spatial_swap] task 8 ep 9 step 225/350 | elapsed=0.9m | eta=0.5m | sec_step=0.24
[libero_spatial_swap] task 8 ep 9 step 250/350 | elapsed=1.0m | eta=0.4m | sec_step=0.24
[libero_spatial_swap] task 8 ep 9 step 275/350 | elapsed=1.1m | eta=0.3m | sec_step=0.24
[libero_spatial_swap] task 8 ep 9 step 300/350 | elapsed=1.2m | eta=0.2m | sec_step=0.24
[libero_spatial_swap] task 8 ep 9 step 325/350 | elapsed=1.3m | eta=0.1m | sec_step=0.24
[libero_spatial_swap] task 8 ep 9 step 350/350 | elapsed=1.4m | eta=0.0m | sec_step=0.23
[libero_spatial_swap] task 8 ('pick up the black bowl next to the plate and place it on the plate') ep 9: fail | episode_time=1.4m
[Warning]: datasets path /scratch/users/create/smrvmdo/projects/lapa-depth-modified-levi/datasets/LIBERO-PRO/libero/libero/datasets does not exist!
[libero_spatial_swap] task 9 ep 0 start | max_steps=350 | instruction='pick up the black bowl on the wooden cabinet and place it on the plate'
[libero_spatial_swap] task 9 ep 0 step 1/350 | elapsed=0.0m | eta=1.4m | sec_step=0.24
[libero_spatial_swap] task 9 ep 0 step 25/350 | elapsed=0.1m | eta=1.2m | sec_step=0.23
[libero_spatial_swap] task 9 ep 0 step 50/350 | elapsed=0.2m | eta=1.1m | sec_step=0.23
[libero_spatial_swap] task 9 ep 0 step 75/350 | elapsed=0.3m | eta=1.0m | sec_step=0.23
[libero_spatial_swap] task 9 ep 0 step 100/350 | elapsed=0.4m | eta=0.9m | sec_step=0.23
[libero_spatial_swap] task 9 ep 0 step 125/350 | elapsed=0.5m | eta=0.9m | sec_step=0.23
[libero_spatial_swap] task 9 ep 0 step 150/350 | elapsed=0.6m | eta=0.8m | sec_step=0.23
[libero_spatial_swap] task 9 ep 0 step 175/350 | elapsed=0.7m | eta=0.7m | sec_step=0.23
[libero_spatial_swap] task 9 ep 0 step 200/350 | elapsed=0.8m | eta=0.6m | sec_step=0.23
[libero_spatial_swap] task 9 ep 0 step 225/350 | elapsed=0.9m | eta=0.5m | sec_step=0.23
[libero_spatial_swap] task 9 ep 0 step 250/350 | elapsed=1.0m | eta=0.4m | sec_step=0.23
[libero_spatial_swap] task 9 ep 0 step 275/350 | elapsed=1.1m | eta=0.3m | sec_step=0.23
[libero_spatial_swap] task 9 ep 0 step 300/350 | elapsed=1.1m | eta=0.2m | sec_step=0.23
[libero_spatial_swap] task 9 ep 0 step 325/350 | elapsed=1.2m | eta=0.1m | sec_step=0.23
[libero_spatial_swap] task 9 ep 0 step 350/350 | elapsed=1.3m | eta=0.0m | sec_step=0.23
[libero_spatial_swap] task 9 ('pick up the black bowl on the wooden cabinet and place it on the plate') ep 0: fail | episode_time=1.4m
[libero_spatial_swap] task 9 ep 1 start | max_steps=350 | instruction='pick up the black bowl on the wooden cabinet and place it on the plate'
[libero_spatial_swap] task 9 ep 1 step 1/350 | elapsed=0.0m | eta=1.4m | sec_step=0.24
[libero_spatial_swap] task 9 ep 1 step 25/350 | elapsed=0.1m | eta=1.2m | sec_step=0.23
[libero_spatial_swap] task 9 ep 1 step 50/350 | elapsed=0.2m | eta=1.1m | sec_step=0.23
[libero_spatial_swap] task 9 ep 1 step 75/350 | elapsed=0.3m | eta=1.0m | sec_step=0.23
[libero_spatial_swap] task 9 ep 1 step 100/350 | elapsed=0.4m | eta=1.0m | sec_step=0.23
[libero_spatial_swap] task 9 ep 1 step 125/350 | elapsed=0.5m | eta=0.9m | sec_step=0.23
[libero_spatial_swap] task 9 ep 1 step 150/350 | elapsed=0.6m | eta=0.8m | sec_step=0.23
[libero_spatial_swap] task 9 ep 1 step 175/350 | elapsed=0.7m | eta=0.7m | sec_step=0.23
[libero_spatial_swap] task 9 ep 1 step 200/350 | elapsed=0.8m | eta=0.6m | sec_step=0.23
[libero_spatial_swap] task 9 ep 1 step 225/350 | elapsed=0.9m | eta=0.5m | sec_step=0.23
[libero_spatial_swap] task 9 ep 1 step 250/350 | elapsed=1.0m | eta=0.4m | sec_step=0.23
[libero_spatial_swap] task 9 ep 1 step 275/350 | elapsed=1.1m | eta=0.3m | sec_step=0.23
[libero_spatial_swap] task 9 ep 1 step 300/350 | elapsed=1.1m | eta=0.2m | sec_step=0.23
[libero_spatial_swap] task 9 ep 1 step 325/350 | elapsed=1.2m | eta=0.1m | sec_step=0.23
[libero_spatial_swap] task 9 ep 1 step 350/350 | elapsed=1.3m | eta=0.0m | sec_step=0.23
[libero_spatial_swap] task 9 ('pick up the black bowl on the wooden cabinet and place it on the plate') ep 1: fail | episode_time=1.4m
[libero_spatial_swap] task 9 ep 2 start | max_steps=350 | instruction='pick up the black bowl on the wooden cabinet and place it on the plate'
[libero_spatial_swap] task 9 ep 2 step 1/350 | elapsed=0.0m | eta=1.4m | sec_step=0.23
[libero_spatial_swap] task 9 ep 2 step 25/350 | elapsed=0.1m | eta=1.2m | sec_step=0.23
[libero_spatial_swap] task 9 ep 2 step 50/350 | elapsed=0.2m | eta=1.1m | sec_step=0.23
[libero_spatial_swap] task 9 ep 2 step 75/350 | elapsed=0.3m | eta=1.0m | sec_step=0.23
[libero_spatial_swap] task 9 ep 2 step 100/350 | elapsed=0.4m | eta=1.0m | sec_step=0.23
[libero_spatial_swap] task 9 ep 2 step 125/350 | elapsed=0.5m | eta=0.9m | sec_step=0.23
[libero_spatial_swap] task 9 ep 2 step 150/350 | elapsed=0.6m | eta=0.8m | sec_step=0.23
[libero_spatial_swap] task 9 ep 2 step 175/350 | elapsed=0.7m | eta=0.7m | sec_step=0.23
[libero_spatial_swap] task 9 ep 2 step 200/350 | elapsed=0.8m | eta=0.6m | sec_step=0.23
[libero_spatial_swap] task 9 ep 2 step 225/350 | elapsed=0.9m | eta=0.5m | sec_step=0.23
[libero_spatial_swap] task 9 ep 2 step 250/350 | elapsed=0.9m | eta=0.4m | sec_step=0.23
[libero_spatial_swap] task 9 ep 2 step 275/350 | elapsed=1.0m | eta=0.3m | sec_step=0.23
[libero_spatial_swap] task 9 ep 2 step 300/350 | elapsed=1.1m | eta=0.2m | sec_step=0.23
[libero_spatial_swap] task 9 ep 2 step 325/350 | elapsed=1.2m | eta=0.1m | sec_step=0.23
[libero_spatial_swap] task 9 ep 2 step 350/350 | elapsed=1.3m | eta=0.0m | sec_step=0.23
[libero_spatial_swap] task 9 ('pick up the black bowl on the wooden cabinet and place it on the plate') ep 2: fail | episode_time=1.4m
[libero_spatial_swap] task 9 ep 3 start | max_steps=350 | instruction='pick up the black bowl on the wooden cabinet and place it on the plate'
[libero_spatial_swap] task 9 ep 3 step 1/350 | elapsed=0.0m | eta=1.4m | sec_step=0.23
[libero_spatial_swap] task 9 ep 3 step 25/350 | elapsed=0.1m | eta=1.2m | sec_step=0.23
[libero_spatial_swap] task 9 ep 3 step 50/350 | elapsed=0.2m | eta=1.1m | sec_step=0.23
[libero_spatial_swap] task 9 ep 3 step 75/350 | elapsed=0.3m | eta=1.0m | sec_step=0.23
[libero_spatial_swap] task 9 ep 3 step 100/350 | elapsed=0.4m | eta=0.9m | sec_step=0.23
[libero_spatial_swap] task 9 ep 3 step 125/350 | elapsed=0.5m | eta=0.9m | sec_step=0.23
[libero_spatial_swap] task 9 ep 3 step 150/350 | elapsed=0.6m | eta=0.8m | sec_step=0.23
[libero_spatial_swap] task 9 ep 3 step 175/350 | elapsed=0.7m | eta=0.7m | sec_step=0.23
[libero_spatial_swap] task 9 ep 3 step 200/350 | elapsed=0.8m | eta=0.6m | sec_step=0.23
[libero_spatial_swap] task 9 ep 3 step 225/350 | elapsed=0.9m | eta=0.5m | sec_step=0.23
[libero_spatial_swap] task 9 ep 3 step 250/350 | elapsed=0.9m | eta=0.4m | sec_step=0.23
[libero_spatial_swap] task 9 ep 3 step 275/350 | elapsed=1.0m | eta=0.3m | sec_step=0.23
[libero_spatial_swap] task 9 ep 3 step 300/350 | elapsed=1.1m | eta=0.2m | sec_step=0.23
[libero_spatial_swap] task 9 ep 3 step 325/350 | elapsed=1.2m | eta=0.1m | sec_step=0.23
[libero_spatial_swap] task 9 ep 3 step 350/350 | elapsed=1.3m | eta=0.0m | sec_step=0.23
[libero_spatial_swap] task 9 ('pick up the black bowl on the wooden cabinet and place it on the plate') ep 3: fail | episode_time=1.3m
[libero_spatial_swap] task 9 ep 4 start | max_steps=350 | instruction='pick up the black bowl on the wooden cabinet and place it on the plate'
[libero_spatial_swap] task 9 ep 4 step 1/350 | elapsed=0.0m | eta=1.4m | sec_step=0.24
[libero_spatial_swap] task 9 ep 4 step 25/350 | elapsed=0.1m | eta=1.2m | sec_step=0.23
[libero_spatial_swap] task 9 ep 4 step 50/350 | elapsed=0.2m | eta=1.1m | sec_step=0.23
[libero_spatial_swap] task 9 ep 4 step 75/350 | elapsed=0.3m | eta=1.0m | sec_step=0.23
[libero_spatial_swap] task 9 ep 4 step 100/350 | elapsed=0.4m | eta=1.0m | sec_step=0.23
[libero_spatial_swap] task 9 ep 4 step 125/350 | elapsed=0.5m | eta=0.9m | sec_step=0.23
[libero_spatial_swap] task 9 ep 4 step 150/350 | elapsed=0.6m | eta=0.8m | sec_step=0.23
[libero_spatial_swap] task 9 ep 4 step 175/350 | elapsed=0.7m | eta=0.7m | sec_step=0.23
[libero_spatial_swap] task 9 ep 4 step 200/350 | elapsed=0.8m | eta=0.6m | sec_step=0.23
[libero_spatial_swap] task 9 ep 4 step 225/350 | elapsed=0.9m | eta=0.5m | sec_step=0.23
[libero_spatial_swap] task 9 ep 4 step 250/350 | elapsed=1.0m | eta=0.4m | sec_step=0.23
[libero_spatial_swap] task 9 ep 4 step 275/350 | elapsed=1.0m | eta=0.3m | sec_step=0.23
[libero_spatial_swap] task 9 ep 4 step 300/350 | elapsed=1.1m | eta=0.2m | sec_step=0.23
[libero_spatial_swap] task 9 ep 4 step 325/350 | elapsed=1.2m | eta=0.1m | sec_step=0.23
[libero_spatial_swap] task 9 ep 4 step 350/350 | elapsed=1.3m | eta=0.0m | sec_step=0.23
[libero_spatial_swap] task 9 ('pick up the black bowl on the wooden cabinet and place it on the plate') ep 4: fail | episode_time=1.4m
[libero_spatial_swap] task 9 ep 5 start | max_steps=350 | instruction='pick up the black bowl on the wooden cabinet and place it on the plate'
[libero_spatial_swap] task 9 ep 5 step 1/350 | elapsed=0.0m | eta=1.4m | sec_step=0.23
[libero_spatial_swap] task 9 ep 5 step 25/350 | elapsed=0.1m | eta=1.2m | sec_step=0.23
[libero_spatial_swap] task 9 ep 5 step 50/350 | elapsed=0.2m | eta=1.2m | sec_step=0.23
[libero_spatial_swap] task 9 ep 5 step 75/350 | elapsed=0.3m | eta=1.1m | sec_step=0.23
[libero_spatial_swap] task 9 ep 5 step 100/350 | elapsed=0.4m | eta=1.0m | sec_step=0.23
[libero_spatial_swap] task 9 ep 5 step 125/350 | elapsed=0.5m | eta=0.9m | sec_step=0.23
[libero_spatial_swap] task 9 ep 5 step 150/350 | elapsed=0.6m | eta=0.8m | sec_step=0.23
[libero_spatial_swap] task 9 ep 5 step 175/350 | elapsed=0.7m | eta=0.7m | sec_step=0.23
[libero_spatial_swap] task 9 ep 5 step 200/350 | elapsed=0.8m | eta=0.6m | sec_step=0.23
[libero_spatial_swap] task 9 ep 5 step 225/350 | elapsed=0.9m | eta=0.5m | sec_step=0.23
[libero_spatial_swap] task 9 ep 5 step 250/350 | elapsed=1.0m | eta=0.4m | sec_step=0.23
[libero_spatial_swap] task 9 ep 5 step 275/350 | elapsed=1.1m | eta=0.3m | sec_step=0.23
[libero_spatial_swap] task 9 ep 5 step 300/350 | elapsed=1.2m | eta=0.2m | sec_step=0.23
[libero_spatial_swap] task 9 ep 5 step 325/350 | elapsed=1.3m | eta=0.1m | sec_step=0.23
[libero_spatial_swap] task 9 ep 5 step 350/350 | elapsed=1.4m | eta=0.0m | sec_step=0.23
[libero_spatial_swap] task 9 ('pick up the black bowl on the wooden cabinet and place it on the plate') ep 5: fail | episode_time=1.4m
[libero_spatial_swap] task 9 ep 6 start | max_steps=350 | instruction='pick up the black bowl on the wooden cabinet and place it on the plate'
[libero_spatial_swap] task 9 ep 6 step 1/350 | elapsed=0.0m | eta=2.2m | sec_step=0.37
[libero_spatial_swap] task 9 ep 6 step 25/350 | elapsed=0.1m | eta=1.3m | sec_step=0.24
[libero_spatial_swap] task 9 ep 6 step 50/350 | elapsed=0.2m | eta=1.2m | sec_step=0.24
[libero_spatial_swap] task 9 ep 6 step 75/350 | elapsed=0.3m | eta=1.1m | sec_step=0.24
[libero_spatial_swap] task 9 ep 6 step 100/350 | elapsed=0.4m | eta=1.0m | sec_step=0.24
[libero_spatial_swap] task 9 ep 6 step 125/350 | elapsed=0.5m | eta=0.9m | sec_step=0.23
[libero_spatial_swap] task 9 ep 6 step 150/350 | elapsed=0.6m | eta=0.8m | sec_step=0.23
[libero_spatial_swap] task 9 ep 6 step 175/350 | elapsed=0.7m | eta=0.7m | sec_step=0.23
[libero_spatial_swap] task 9 ep 6 step 200/350 | elapsed=0.8m | eta=0.6m | sec_step=0.23
[libero_spatial_swap] task 9 ep 6 step 225/350 | elapsed=0.9m | eta=0.5m | sec_step=0.23
[libero_spatial_swap] task 9 ep 6 step 250/350 | elapsed=1.0m | eta=0.4m | sec_step=0.23
[libero_spatial_swap] task 9 ep 6 step 275/350 | elapsed=1.1m | eta=0.3m | sec_step=0.23
[libero_spatial_swap] task 9 ep 6 step 300/350 | elapsed=1.2m | eta=0.2m | sec_step=0.23
[libero_spatial_swap] task 9 ep 6 step 325/350 | elapsed=1.3m | eta=0.1m | sec_step=0.23
[libero_spatial_swap] task 9 ep 6 step 350/350 | elapsed=1.3m | eta=0.0m | sec_step=0.23
[libero_spatial_swap] task 9 ('pick up the black bowl on the wooden cabinet and place it on the plate') ep 6: fail | episode_time=1.4m
[libero_spatial_swap] task 9 ep 7 start | max_steps=350 | instruction='pick up the black bowl on the wooden cabinet and place it on the plate'
[libero_spatial_swap] task 9 ep 7 step 1/350 | elapsed=0.0m | eta=1.4m | sec_step=0.24
[libero_spatial_swap] task 9 ep 7 step 25/350 | elapsed=0.1m | eta=1.2m | sec_step=0.23
[libero_spatial_swap] task 9 ep 7 step 50/350 | elapsed=0.2m | eta=1.1m | sec_step=0.23
[libero_spatial_swap] task 9 ep 7 step 75/350 | elapsed=0.3m | eta=1.1m | sec_step=0.23
[libero_spatial_swap] task 9 ep 7 step 100/350 | elapsed=0.4m | eta=1.0m | sec_step=0.23
[libero_spatial_swap] task 9 ep 7 step 125/350 | elapsed=0.5m | eta=0.9m | sec_step=0.23
[libero_spatial_swap] task 9 ep 7 step 150/350 | elapsed=0.6m | eta=0.8m | sec_step=0.23
[libero_spatial_swap] task 9 ep 7 step 175/350 | elapsed=0.7m | eta=0.7m | sec_step=0.23
[libero_spatial_swap] task 9 ep 7 step 200/350 | elapsed=0.8m | eta=0.6m | sec_step=0.23
[libero_spatial_swap] task 9 ep 7 step 225/350 | elapsed=0.9m | eta=0.5m | sec_step=0.23
[libero_spatial_swap] task 9 ep 7 step 250/350 | elapsed=1.0m | eta=0.4m | sec_step=0.23
[libero_spatial_swap] task 9 ep 7 step 275/350 | elapsed=1.0m | eta=0.3m | sec_step=0.23
[libero_spatial_swap] task 9 ep 7 step 300/350 | elapsed=1.1m | eta=0.2m | sec_step=0.23
[libero_spatial_swap] task 9 ep 7 step 325/350 | elapsed=1.2m | eta=0.1m | sec_step=0.23
[libero_spatial_swap] task 9 ep 7 step 350/350 | elapsed=1.3m | eta=0.0m | sec_step=0.23
[libero_spatial_swap] task 9 ('pick up the black bowl on the wooden cabinet and place it on the plate') ep 7: fail | episode_time=1.4m
[libero_spatial_swap] task 9 ep 8 start | max_steps=350 | instruction='pick up the black bowl on the wooden cabinet and place it on the plate'
[libero_spatial_swap] task 9 ep 8 step 1/350 | elapsed=0.0m | eta=1.4m | sec_step=0.23
[libero_spatial_swap] task 9 ep 8 step 25/350 | elapsed=0.1m | eta=1.2m | sec_step=0.23
[libero_spatial_swap] task 9 ep 8 step 50/350 | elapsed=0.2m | eta=1.1m | sec_step=0.23
[libero_spatial_swap] task 9 ep 8 step 75/350 | elapsed=0.3m | eta=1.0m | sec_step=0.23
[libero_spatial_swap] task 9 ep 8 step 100/350 | elapsed=0.4m | eta=1.0m | sec_step=0.23
[libero_spatial_swap] task 9 ep 8 step 125/350 | elapsed=0.5m | eta=0.9m | sec_step=0.23
[libero_spatial_swap] task 9 ep 8 step 150/350 | elapsed=0.6m | eta=0.8m | sec_step=0.23
[libero_spatial_swap] task 9 ep 8 step 175/350 | elapsed=0.7m | eta=0.7m | sec_step=0.23
[libero_spatial_swap] task 9 ep 8 step 200/350 | elapsed=0.8m | eta=0.6m | sec_step=0.23
[libero_spatial_swap] task 9 ep 8 step 225/350 | elapsed=0.9m | eta=0.5m | sec_step=0.23
[libero_spatial_swap] task 9 ep 8 step 250/350 | elapsed=1.0m | eta=0.4m | sec_step=0.23
[libero_spatial_swap] task 9 ep 8 step 275/350 | elapsed=1.1m | eta=0.3m | sec_step=0.23
[libero_spatial_swap] task 9 ep 8 step 300/350 | elapsed=1.2m | eta=0.2m | sec_step=0.23
[libero_spatial_swap] task 9 ep 8 step 325/350 | elapsed=1.2m | eta=0.1m | sec_step=0.23
[libero_spatial_swap] task 9 ep 8 step 350/350 | elapsed=1.3m | eta=0.0m | sec_step=0.23
[libero_spatial_swap] task 9 ('pick up the black bowl on the wooden cabinet and place it on the plate') ep 8: fail | episode_time=1.4m
[libero_spatial_swap] task 9 ep 9 start | max_steps=350 | instruction='pick up the black bowl on the wooden cabinet and place it on the plate'
[libero_spatial_swap] task 9 ep 9 step 1/350 | elapsed=0.0m | eta=1.4m | sec_step=0.24
[libero_spatial_swap] task 9 ep 9 step 25/350 | elapsed=0.1m | eta=1.2m | sec_step=0.23
[libero_spatial_swap] task 9 ep 9 step 50/350 | elapsed=0.2m | eta=1.1m | sec_step=0.23
[libero_spatial_swap] task 9 ep 9 step 75/350 | elapsed=0.3m | eta=1.0m | sec_step=0.23
[libero_spatial_swap] task 9 ep 9 step 100/350 | elapsed=0.4m | eta=1.0m | sec_step=0.23
[libero_spatial_swap] task 9 ep 9 step 125/350 | elapsed=0.5m | eta=0.9m | sec_step=0.23
[libero_spatial_swap] task 9 ep 9 step 150/350 | elapsed=0.6m | eta=0.8m | sec_step=0.23
[libero_spatial_swap] task 9 ep 9 step 175/350 | elapsed=0.7m | eta=0.7m | sec_step=0.23
[libero_spatial_swap] task 9 ep 9 step 200/350 | elapsed=0.8m | eta=0.6m | sec_step=0.23
[libero_spatial_swap] task 9 ep 9 step 225/350 | elapsed=0.9m | eta=0.5m | sec_step=0.23
[libero_spatial_swap] task 9 ep 9 step 250/350 | elapsed=0.9m | eta=0.4m | sec_step=0.23
[libero_spatial_swap] task 9 ep 9 step 275/350 | elapsed=1.0m | eta=0.3m | sec_step=0.23
[libero_spatial_swap] task 9 ep 9 step 300/350 | elapsed=1.1m | eta=0.2m | sec_step=0.23
[libero_spatial_swap] task 9 ep 9 step 325/350 | elapsed=1.2m | eta=0.1m | sec_step=0.23
[libero_spatial_swap] task 9 ep 9 step 350/350 | elapsed=1.3m | eta=0.0m | sec_step=0.23
[libero_spatial_swap] task 9 ('pick up the black bowl on the wooden cabinet and place it on the plate') ep 9: fail | episode_time=1.3m
Gym has been unmaintained since 2022 and does not support NumPy 2.0 amongst other critical functionality.
Please upgrade to Gymnasium, the maintained drop-in replacement of Gym, or contact the authors of your software and request that they upgrade.
See the migration guide at https://gymnasium.farama.org/introduction/migration_guide/ for additional information.
{
  "success_rate": 0.0,
  "n_eval": 100
}
[split-rollout] wrote results/videos to /home/users/create/smrvmdo/scratch/projects/lapa-depth-modified-levi/rollouts/libero_pro_swap_concat_all_suite_20k_max350/concat20k_model2_libero_spatial_swap_tasks10_eps10_max350
[split-rollout] stopping servers
============================================================
[multi-suite] suite: libero_object_swap
[multi-suite] policy: params::/home/users/create/smrvmdo/scratch/projects/lapa-depth-modified-levi/outputs/128_batch_model2_all_suite/streaming_params_20000
[multi-suite] stage25: /home/users/create/smrvmdo/scratch/projects/lapa-depth-modified-levi/lapa_checkpoints/depth_model/model2.65000.pt
[multi-suite] action bins: /home/users/create/smrvmdo/scratch/projects/lapa-depth-modified-levi/datasets/lapa_libero_v2/action_bins.csv
[multi-suite] output: /home/users/create/smrvmdo/scratch/projects/lapa-depth-modified-levi/rollouts/libero_pro_swap_concat_all_suite_20k_max350/concat20k_model2_libero_object_swap_tasks10_eps10_max350
============================================================
[split-rollout] suite: libero_object_swap
[split-rollout] action fusion: concat
[split-rollout] finetuned policy: params::/home/users/create/smrvmdo/scratch/projects/lapa-depth-modified-levi/outputs/128_batch_model2_all_suite/streaming_params_20000
[split-rollout] action bins: /home/users/create/smrvmdo/scratch/projects/lapa-depth-modified-levi/datasets/lapa_libero_v2/action_bins.csv
[split-rollout] RGB baseline GPU: 1 mesh=1,1,1,1 port=32822
[split-rollout] Stage2.5 GPU: 0 port=32821
[split-rollout] Policy GPU: 2 mesh=1,1,1,1 port=32820
[split-rollout] Simulator EGL GPU: 0
[split-rollout] Task IDs: 0 1 2 3 4 5 6 7 8 9
[split-rollout] Eval per task: 10 | max_steps=350 | progress_freq=25
[split-rollout] waiting for rgb_feature: /home/users/create/smrvmdo/scratch/projects/lapa-depth-modified-levi/rollouts/libero_pro_swap_concat_all_suite_20k_max350/concat20k_model2_libero_object_swap_tasks10_eps10_max350/server_logs/rgb_feature_gpu1.log
[split-rollout] still waiting 30s for rgb_feature
/home/users/create/smrvmdo/scratch/venvs/lapa-depth/lib/python3.10/site-packages/google/api_core/_python_version_support.py:255: FutureWarning: You are using a Python version (3.10.12) which Google will stop supporting in new releases of google.api_core once it reaches its end of life (2026-10-04). Please upgrade to the latest Python version, or at least Python 3.11, to continue receiving updates for google.api_core past that date.
  warnings.warn(message, FutureWarning)
/home/users/create/smrvmdo/scratch/venvs/lapa-depth/lib/python3.10/site-packages/google/api_core/_python_version_support.py:255: FutureWarning: You are using a Python version (3.10.12) which Google will stop supporting in new releases of google.cloud._storage_v2 once it reaches its end of life (2026-10-04). Please upgrade to the latest Python version, or at least Python 3.11, to continue receiving updates for google.cloud._storage_v2 past that date.
  warnings.warn(message, FutureWarning)
/home/users/create/smrvmdo/scratch/venvs/lapa-depth/lib/python3.10/site-packages/google/api_core/_python_version_support.py:255: FutureWarning: You are using a Python version (3.10.12) which Google will stop supporting in new releases of google.cloud.storage_control_v2 once it reaches its end of life (2026-10-04). Please upgrade to the latest Python version, or at least Python 3.11, to continue receiving updates for google.cloud.storage_control_v2 past that date.
  warnings.warn(message, FutureWarning)
{"lapa_rgb_feature_server": {"bundle": "/scratch/users/create/smrvmdo/projects/lapa-depth-modified-levi/Depth_branch", "checkpoint": "params::/home/users/create/smrvmdo/scratch/projects/lapa-depth-modified-levi/lapa_checkpoints/lapa_7b_sth/params", "mesh_dim": "1,1,1,1"}}
[split-rollout] still waiting 60s for rgb_feature
/home/users/create/smrvmdo/scratch/venvs/lapa-depth/lib/python3.10/site-packages/google/api_core/_python_version_support.py:255: FutureWarning: You are using a Python version (3.10.12) which Google will stop supporting in new releases of google.api_core once it reaches its end of life (2026-10-04). Please upgrade to the latest Python version, or at least Python 3.11, to continue receiving updates for google.api_core past that date.
  warnings.warn(message, FutureWarning)
/home/users/create/smrvmdo/scratch/venvs/lapa-depth/lib/python3.10/site-packages/google/api_core/_python_version_support.py:255: FutureWarning: You are using a Python version (3.10.12) which Google will stop supporting in new releases of google.cloud._storage_v2 once it reaches its end of life (2026-10-04). Please upgrade to the latest Python version, or at least Python 3.11, to continue receiving updates for google.cloud._storage_v2 past that date.
  warnings.warn(message, FutureWarning)
/home/users/create/smrvmdo/scratch/venvs/lapa-depth/lib/python3.10/site-packages/google/api_core/_python_version_support.py:255: FutureWarning: You are using a Python version (3.10.12) which Google will stop supporting in new releases of google.cloud.storage_control_v2 once it reaches its end of life (2026-10-04). Please upgrade to the latest Python version, or at least Python 3.11, to continue receiving updates for google.cloud.storage_control_v2 past that date.
  warnings.warn(message, FutureWarning)
{"lapa_rgb_feature_server": {"bundle": "/scratch/users/create/smrvmdo/projects/lapa-depth-modified-levi/Depth_branch", "checkpoint": "params::/home/users/create/smrvmdo/scratch/projects/lapa-depth-modified-levi/lapa_checkpoints/lapa_7b_sth/params", "mesh_dim": "1,1,1,1"}}
[split-rollout] READY rgb_feature
[split-rollout] waiting for stage25: /home/users/create/smrvmdo/scratch/projects/lapa-depth-modified-levi/rollouts/libero_pro_swap_concat_all_suite_20k_max350/concat20k_model2_libero_object_swap_tasks10_eps10_max350/server_logs/stage25_split_gpu0.log
[split-rollout] READY stage25
[split-rollout] waiting for policy: /home/users/create/smrvmdo/scratch/projects/lapa-depth-modified-levi/rollouts/libero_pro_swap_concat_all_suite_20k_max350/concat20k_model2_libero_object_swap_tasks10_eps10_max350/server_logs/policy_gpu2.log
[split-rollout] READY policy
[robosuite WARNING] No private macro file found! (__init__.py:7)
[robosuite WARNING] It is recommended to use a private macro file (__init__.py:8)
[robosuite WARNING] To setup, run: python /home/users/create/smrvmdo/scratch/venvs/libero-pro-sim/lib/python3.8/site-packages/robosuite/scripts/setup_macros.py (__init__.py:9)
[Warning]: datasets path /scratch/users/create/smrvmdo/projects/lapa-depth-modified-levi/datasets/LIBERO-PRO/libero/libero/datasets does not exist!
[info] Using default task order for benchmark 'libero_object_swap' (10 tasks).
[Warning]: datasets path /scratch/users/create/smrvmdo/projects/lapa-depth-modified-levi/datasets/LIBERO-PRO/libero/libero/datasets does not exist!
[libero_object_swap] task 0 ep 0 start | max_steps=350 | instruction='pick up the alphabet soup and place it in the basket'
[libero_object_swap] task 0 ep 0 step 1/350 | elapsed=1.2m | eta=426.4m | sec_step=73.31
[libero_object_swap] task 0 ep 0 step 25/350 | elapsed=1.3m | eta=17.0m | sec_step=3.14
[libero_object_swap] task 0 ep 0 step 50/350 | elapsed=1.4m | eta=8.4m | sec_step=1.68
[libero_object_swap] task 0 ep 0 step 75/350 | elapsed=1.5m | eta=5.5m | sec_step=1.19
[libero_object_swap] task 0 ep 0 step 100/350 | elapsed=1.6m | eta=4.0m | sec_step=0.95
[libero_object_swap] task 0 ep 0 step 125/350 | elapsed=1.7m | eta=3.0m | sec_step=0.80
[libero_object_swap] task 0 ep 0 step 150/350 | elapsed=1.8m | eta=2.4m | sec_step=0.71
[libero_object_swap] task 0 ep 0 step 175/350 | elapsed=1.9m | eta=1.9m | sec_step=0.64
[libero_object_swap] task 0 ep 0 step 200/350 | elapsed=2.0m | eta=1.5m | sec_step=0.59
[libero_object_swap] task 0 ep 0 step 225/350 | elapsed=2.0m | eta=1.1m | sec_step=0.54
[libero_object_swap] task 0 ep 0 step 250/350 | elapsed=2.1m | eta=0.9m | sec_step=0.51
[libero_object_swap] task 0 ep 0 step 275/350 | elapsed=2.2m | eta=0.6m | sec_step=0.49
[libero_object_swap] task 0 ep 0 step 300/350 | elapsed=2.3m | eta=0.4m | sec_step=0.46
[libero_object_swap] task 0 ep 0 step 325/350 | elapsed=2.4m | eta=0.2m | sec_step=0.44
[libero_object_swap] task 0 ep 0 step 350/350 | elapsed=2.5m | eta=0.0m | sec_step=0.43
[libero_object_swap] task 0 ('pick up the alphabet soup and place it in the basket') ep 0: fail | episode_time=2.5m
[libero_object_swap] task 0 ep 1 start | max_steps=350 | instruction='pick up the alphabet soup and place it in the basket'
[libero_object_swap] task 0 ep 1 step 1/350 | elapsed=0.0m | eta=1.3m | sec_step=0.23
[libero_object_swap] task 0 ep 1 step 25/350 | elapsed=0.1m | eta=1.2m | sec_step=0.22
[libero_object_swap] task 0 ep 1 step 50/350 | elapsed=0.2m | eta=1.1m | sec_step=0.22
[libero_object_swap] task 0 ep 1 step 75/350 | elapsed=0.3m | eta=1.0m | sec_step=0.22
[libero_object_swap] task 0 ep 1 step 100/350 | elapsed=0.4m | eta=0.9m | sec_step=0.22
[libero_object_swap] task 0 ep 1 step 125/350 | elapsed=0.5m | eta=0.8m | sec_step=0.22
[libero_object_swap] task 0 ep 1 step 150/350 | elapsed=0.5m | eta=0.7m | sec_step=0.22
[libero_object_swap] task 0 ep 1 step 175/350 | elapsed=0.6m | eta=0.6m | sec_step=0.22
[libero_object_swap] task 0 ep 1 step 200/350 | elapsed=0.7m | eta=0.5m | sec_step=0.22
[libero_object_swap] task 0 ep 1 step 225/350 | elapsed=0.8m | eta=0.5m | sec_step=0.22
[libero_object_swap] task 0 ep 1 step 250/350 | elapsed=0.9m | eta=0.4m | sec_step=0.22
[libero_object_swap] task 0 ep 1 step 275/350 | elapsed=1.0m | eta=0.3m | sec_step=0.22
[libero_object_swap] task 0 ep 1 step 300/350 | elapsed=1.1m | eta=0.2m | sec_step=0.22
[libero_object_swap] task 0 ep 1 step 325/350 | elapsed=1.2m | eta=0.1m | sec_step=0.22
[libero_object_swap] task 0 ep 1 step 350/350 | elapsed=1.3m | eta=0.0m | sec_step=0.22
[libero_object_swap] task 0 ('pick up the alphabet soup and place it in the basket') ep 1: fail | episode_time=1.3m
[libero_object_swap] task 0 ep 2 start | max_steps=350 | instruction='pick up the alphabet soup and place it in the basket'
[libero_object_swap] task 0 ep 2 step 1/350 | elapsed=0.0m | eta=1.3m | sec_step=0.23
[libero_object_swap] task 0 ep 2 step 25/350 | elapsed=0.1m | eta=1.2m | sec_step=0.22
[libero_object_swap] task 0 ep 2 step 50/350 | elapsed=0.2m | eta=1.1m | sec_step=0.22
[libero_object_swap] task 0 ep 2 step 75/350 | elapsed=0.3m | eta=1.0m | sec_step=0.22
[libero_object_swap] task 0 ep 2 step 100/350 | elapsed=0.4m | eta=0.9m | sec_step=0.22
[libero_object_swap] task 0 ep 2 step 125/350 | elapsed=0.5m | eta=0.8m | sec_step=0.22
[libero_object_swap] task 0 ep 2 step 150/350 | elapsed=0.5m | eta=0.7m | sec_step=0.22
[libero_object_swap] task 0 ep 2 step 175/350 | elapsed=0.6m | eta=0.6m | sec_step=0.22
[libero_object_swap] task 0 ep 2 step 200/350 | elapsed=0.7m | eta=0.5m | sec_step=0.22
[libero_object_swap] task 0 ep 2 step 225/350 | elapsed=0.8m | eta=0.5m | sec_step=0.22
[libero_object_swap] task 0 ep 2 step 250/350 | elapsed=0.9m | eta=0.4m | sec_step=0.22
[libero_object_swap] task 0 ep 2 step 275/350 | elapsed=1.0m | eta=0.3m | sec_step=0.22
[libero_object_swap] task 0 ep 2 step 300/350 | elapsed=1.1m | eta=0.2m | sec_step=0.22
[libero_object_swap] task 0 ep 2 step 325/350 | elapsed=1.2m | eta=0.1m | sec_step=0.22
[libero_object_swap] task 0 ep 2 step 350/350 | elapsed=1.3m | eta=0.0m | sec_step=0.22
[libero_object_swap] task 0 ('pick up the alphabet soup and place it in the basket') ep 2: fail | episode_time=1.3m
[libero_object_swap] task 0 ep 3 start | max_steps=350 | instruction='pick up the alphabet soup and place it in the basket'
[libero_object_swap] task 0 ep 3 step 1/350 | elapsed=0.0m | eta=1.3m | sec_step=0.23
[libero_object_swap] task 0 ep 3 step 25/350 | elapsed=0.1m | eta=1.2m | sec_step=0.22
[libero_object_swap] task 0 ep 3 step 50/350 | elapsed=0.2m | eta=1.1m | sec_step=0.22
[libero_object_swap] task 0 ep 3 step 75/350 | elapsed=0.3m | eta=1.0m | sec_step=0.22
[libero_object_swap] task 0 ep 3 step 100/350 | elapsed=0.4m | eta=0.9m | sec_step=0.22
[libero_object_swap] task 0 ep 3 step 125/350 | elapsed=0.5m | eta=0.8m | sec_step=0.22
[libero_object_swap] task 0 ep 3 step 150/350 | elapsed=0.5m | eta=0.7m | sec_step=0.22
[libero_object_swap] task 0 ep 3 step 175/350 | elapsed=0.6m | eta=0.6m | sec_step=0.22
[libero_object_swap] task 0 ep 3 step 200/350 | elapsed=0.7m | eta=0.6m | sec_step=0.22
[libero_object_swap] task 0 ep 3 step 225/350 | elapsed=0.8m | eta=0.5m | sec_step=0.22
[libero_object_swap] task 0 ep 3 step 250/350 | elapsed=0.9m | eta=0.4m | sec_step=0.22
[libero_object_swap] task 0 ep 3 step 275/350 | elapsed=1.0m | eta=0.3m | sec_step=0.22
[libero_object_swap] task 0 ep 3 step 300/350 | elapsed=1.1m | eta=0.2m | sec_step=0.22
[libero_object_swap] task 0 ep 3 step 325/350 | elapsed=1.2m | eta=0.1m | sec_step=0.22
[libero_object_swap] task 0 ep 3 step 350/350 | elapsed=1.3m | eta=0.0m | sec_step=0.22
[libero_object_swap] task 0 ('pick up the alphabet soup and place it in the basket') ep 3: fail | episode_time=1.3m
[libero_object_swap] task 0 ep 4 start | max_steps=350 | instruction='pick up the alphabet soup and place it in the basket'
[libero_object_swap] task 0 ep 4 step 1/350 | elapsed=0.0m | eta=1.3m | sec_step=0.23
[libero_object_swap] task 0 ep 4 step 25/350 | elapsed=0.1m | eta=1.2m | sec_step=0.22
[libero_object_swap] task 0 ep 4 step 50/350 | elapsed=0.2m | eta=1.1m | sec_step=0.22
[libero_object_swap] task 0 ep 4 step 75/350 | elapsed=0.3m | eta=1.0m | sec_step=0.22
[libero_object_swap] task 0 ep 4 step 100/350 | elapsed=0.4m | eta=0.9m | sec_step=0.22
[libero_object_swap] task 0 ep 4 step 125/350 | elapsed=0.5m | eta=0.8m | sec_step=0.22
[libero_object_swap] task 0 ep 4 step 150/350 | elapsed=0.5m | eta=0.7m | sec_step=0.22
[libero_object_swap] task 0 ep 4 step 175/350 | elapsed=0.6m | eta=0.6m | sec_step=0.22
[libero_object_swap] task 0 ep 4 step 200/350 | elapsed=0.7m | eta=0.5m | sec_step=0.22
[libero_object_swap] task 0 ep 4 step 225/350 | elapsed=0.8m | eta=0.5m | sec_step=0.22
[libero_object_swap] task 0 ep 4 step 250/350 | elapsed=0.9m | eta=0.4m | sec_step=0.22
[libero_object_swap] task 0 ep 4 step 275/350 | elapsed=1.0m | eta=0.3m | sec_step=0.22
[libero_object_swap] task 0 ep 4 step 300/350 | elapsed=1.1m | eta=0.2m | sec_step=0.22
[libero_object_swap] task 0 ep 4 step 325/350 | elapsed=1.2m | eta=0.1m | sec_step=0.22
[libero_object_swap] task 0 ep 4 step 350/350 | elapsed=1.3m | eta=0.0m | sec_step=0.22
[libero_object_swap] task 0 ('pick up the alphabet soup and place it in the basket') ep 4: fail | episode_time=1.3m
[libero_object_swap] task 0 ep 5 start | max_steps=350 | instruction='pick up the alphabet soup and place it in the basket'
[libero_object_swap] task 0 ep 5 step 1/350 | elapsed=0.0m | eta=1.3m | sec_step=0.23
[libero_object_swap] task 0 ep 5 step 25/350 | elapsed=0.1m | eta=1.2m | sec_step=0.22
[libero_object_swap] task 0 ep 5 step 50/350 | elapsed=0.2m | eta=1.1m | sec_step=0.22
[libero_object_swap] task 0 ep 5 step 75/350 | elapsed=0.3m | eta=1.0m | sec_step=0.22
[libero_object_swap] task 0 ep 5 step 100/350 | elapsed=0.4m | eta=0.9m | sec_step=0.22
[libero_object_swap] task 0 ep 5 step 125/350 | elapsed=0.5m | eta=0.8m | sec_step=0.22
[libero_object_swap] task 0 ep 5 step 150/350 | elapsed=0.5m | eta=0.7m | sec_step=0.22
[libero_object_swap] task 0 ep 5 step 175/350 | elapsed=0.6m | eta=0.6m | sec_step=0.22
[libero_object_swap] task 0 ep 5 step 200/350 | elapsed=0.7m | eta=0.5m | sec_step=0.22
[libero_object_swap] task 0 ep 5 step 225/350 | elapsed=0.8m | eta=0.5m | sec_step=0.22
[libero_object_swap] task 0 ep 5 step 250/350 | elapsed=0.9m | eta=0.4m | sec_step=0.22
[libero_object_swap] task 0 ep 5 step 275/350 | elapsed=1.0m | eta=0.3m | sec_step=0.22
[libero_object_swap] task 0 ep 5 step 300/350 | elapsed=1.1m | eta=0.2m | sec_step=0.22
[libero_object_swap] task 0 ep 5 step 325/350 | elapsed=1.2m | eta=0.1m | sec_step=0.22
[libero_object_swap] task 0 ep 5 step 350/350 | elapsed=1.3m | eta=0.0m | sec_step=0.22
[libero_object_swap] task 0 ('pick up the alphabet soup and place it in the basket') ep 5: fail | episode_time=1.3m
[libero_object_swap] task 0 ep 6 start | max_steps=350 | instruction='pick up the alphabet soup and place it in the basket'
[libero_object_swap] task 0 ep 6 step 1/350 | elapsed=0.0m | eta=1.3m | sec_step=0.23
[libero_object_swap] task 0 ep 6 step 25/350 | elapsed=0.1m | eta=1.2m | sec_step=0.22
[libero_object_swap] task 0 ep 6 step 50/350 | elapsed=0.2m | eta=1.1m | sec_step=0.22
[libero_object_swap] task 0 ep 6 step 75/350 | elapsed=0.3m | eta=1.0m | sec_step=0.22
[libero_object_swap] task 0 ep 6 step 100/350 | elapsed=0.4m | eta=0.9m | sec_step=0.22
[libero_object_swap] task 0 ep 6 step 125/350 | elapsed=0.5m | eta=0.8m | sec_step=0.22
[libero_object_swap] task 0 ep 6 step 150/350 | elapsed=0.6m | eta=0.7m | sec_step=0.22
[libero_object_swap] task 0 ep 6 step 175/350 | elapsed=0.6m | eta=0.6m | sec_step=0.22
[libero_object_swap] task 0 ep 6 step 200/350 | elapsed=0.7m | eta=0.6m | sec_step=0.22
[libero_object_swap] task 0 ep 6 step 225/350 | elapsed=0.8m | eta=0.5m | sec_step=0.22
[libero_object_swap] task 0 ep 6 step 250/350 | elapsed=0.9m | eta=0.4m | sec_step=0.22
[libero_object_swap] task 0 ep 6 step 275/350 | elapsed=1.0m | eta=0.3m | sec_step=0.22
[libero_object_swap] task 0 ep 6 step 300/350 | elapsed=1.1m | eta=0.2m | sec_step=0.22
[libero_object_swap] task 0 ep 6 step 325/350 | elapsed=1.2m | eta=0.1m | sec_step=0.23
[libero_object_swap] task 0 ep 6 step 350/350 | elapsed=1.3m | eta=0.0m | sec_step=0.23
[libero_object_swap] task 0 ('pick up the alphabet soup and place it in the basket') ep 6: fail | episode_time=1.3m
[libero_object_swap] task 0 ep 7 start | max_steps=350 | instruction='pick up the alphabet soup and place it in the basket'
[libero_object_swap] task 0 ep 7 step 1/350 | elapsed=0.0m | eta=2.2m | sec_step=0.38
[libero_object_swap] task 0 ep 7 step 25/350 | elapsed=0.1m | eta=1.2m | sec_step=0.23
[libero_object_swap] task 0 ep 7 step 50/350 | elapsed=0.2m | eta=1.1m | sec_step=0.22
[libero_object_swap] task 0 ep 7 step 75/350 | elapsed=0.3m | eta=1.0m | sec_step=0.22
[libero_object_swap] task 0 ep 7 step 100/350 | elapsed=0.4m | eta=0.9m | sec_step=0.22
[libero_object_swap] task 0 ep 7 step 125/350 | elapsed=0.5m | eta=0.8m | sec_step=0.22
[libero_object_swap] task 0 ep 7 step 150/350 | elapsed=0.6m | eta=0.7m | sec_step=0.22
[libero_object_swap] task 0 ep 7 step 175/350 | elapsed=0.6m | eta=0.6m | sec_step=0.22
[libero_object_swap] task 0 ep 7 step 200/350 | elapsed=0.7m | eta=0.6m | sec_step=0.22
[libero_object_swap] task 0 ep 7 step 225/350 | elapsed=0.8m | eta=0.5m | sec_step=0.22
[libero_object_swap] task 0 ep 7 step 250/350 | elapsed=0.9m | eta=0.4m | sec_step=0.22
[libero_object_swap] task 0 ep 7 step 275/350 | elapsed=1.0m | eta=0.3m | sec_step=0.22
[libero_object_swap] task 0 ep 7 step 300/350 | elapsed=1.1m | eta=0.2m | sec_step=0.22
[libero_object_swap] task 0 ep 7 step 325/350 | elapsed=1.2m | eta=0.1m | sec_step=0.22
[libero_object_swap] task 0 ep 7 step 350/350 | elapsed=1.3m | eta=0.0m | sec_step=0.22
[libero_object_swap] task 0 ('pick up the alphabet soup and place it in the basket') ep 7: fail | episode_time=1.3m
[libero_object_swap] task 0 ep 8 start | max_steps=350 | instruction='pick up the alphabet soup and place it in the basket'
[libero_object_swap] task 0 ep 8 step 1/350 | elapsed=0.0m | eta=1.4m | sec_step=0.23
[libero_object_swap] task 0 ep 8 step 25/350 | elapsed=0.1m | eta=1.2m | sec_step=0.22
[libero_object_swap] task 0 ep 8 step 50/350 | elapsed=0.2m | eta=1.1m | sec_step=0.22
[libero_object_swap] task 0 ep 8 step 75/350 | elapsed=0.3m | eta=1.0m | sec_step=0.22
[libero_object_swap] task 0 ep 8 step 100/350 | elapsed=0.4m | eta=0.9m | sec_step=0.22
[libero_object_swap] task 0 ep 8 step 125/350 | elapsed=0.5m | eta=0.8m | sec_step=0.22
[libero_object_swap] task 0 ep 8 step 150/350 | elapsed=0.5m | eta=0.7m | sec_step=0.22
[libero_object_swap] task 0 ep 8 step 175/350 | elapsed=0.6m | eta=0.6m | sec_step=0.22
[libero_object_swap] task 0 ep 8 step 200/350 | elapsed=0.7m | eta=0.5m | sec_step=0.22
[libero_object_swap] task 0 ep 8 step 225/350 | elapsed=0.8m | eta=0.5m | sec_step=0.22
[libero_object_swap] task 0 ep 8 step 250/350 | elapsed=0.9m | eta=0.4m | sec_step=0.22
[libero_object_swap] task 0 ep 8 step 275/350 | elapsed=1.0m | eta=0.3m | sec_step=0.22
[libero_object_swap] task 0 ep 8 step 300/350 | elapsed=1.1m | eta=0.2m | sec_step=0.22
[libero_object_swap] task 0 ep 8 step 325/350 | elapsed=1.2m | eta=0.1m | sec_step=0.22
[libero_object_swap] task 0 ep 8 step 350/350 | elapsed=1.3m | eta=0.0m | sec_step=0.22
[libero_object_swap] task 0 ('pick up the alphabet soup and place it in the basket') ep 8: fail | episode_time=1.3m
[libero_object_swap] task 0 ep 9 start | max_steps=350 | instruction='pick up the alphabet soup and place it in the basket'
[libero_object_swap] task 0 ep 9 step 1/350 | elapsed=0.0m | eta=1.3m | sec_step=0.23
[libero_object_swap] task 0 ep 9 step 25/350 | elapsed=0.1m | eta=1.2m | sec_step=0.22
[libero_object_swap] task 0 ep 9 step 50/350 | elapsed=0.2m | eta=1.1m | sec_step=0.22
[libero_object_swap] task 0 ep 9 step 75/350 | elapsed=0.3m | eta=1.0m | sec_step=0.22
[libero_object_swap] task 0 ep 9 step 100/350 | elapsed=0.4m | eta=0.9m | sec_step=0.22
[libero_object_swap] task 0 ep 9 step 125/350 | elapsed=0.5m | eta=0.8m | sec_step=0.22
[libero_object_swap] task 0 ep 9 step 150/350 | elapsed=0.5m | eta=0.7m | sec_step=0.22
[libero_object_swap] task 0 ep 9 step 175/350 | elapsed=0.6m | eta=0.6m | sec_step=0.22
[libero_object_swap] task 0 ep 9 step 200/350 | elapsed=0.7m | eta=0.5m | sec_step=0.22
[libero_object_swap] task 0 ep 9 step 225/350 | elapsed=0.8m | eta=0.5m | sec_step=0.22
[libero_object_swap] task 0 ep 9 step 250/350 | elapsed=0.9m | eta=0.4m | sec_step=0.22
[libero_object_swap] task 0 ep 9 step 275/350 | elapsed=1.0m | eta=0.3m | sec_step=0.22
[libero_object_swap] task 0 ep 9 step 300/350 | elapsed=1.1m | eta=0.2m | sec_step=0.22
[libero_object_swap] task 0 ep 9 step 325/350 | elapsed=1.2m | eta=0.1m | sec_step=0.22
[libero_object_swap] task 0 ep 9 step 350/350 | elapsed=1.3m | eta=0.0m | sec_step=0.22
[libero_object_swap] task 0 ('pick up the alphabet soup and place it in the basket') ep 9: fail | episode_time=1.3m
[Warning]: datasets path /scratch/users/create/smrvmdo/projects/lapa-depth-modified-levi/datasets/LIBERO-PRO/libero/libero/datasets does not exist!
[libero_object_swap] task 1 ep 0 start | max_steps=350 | instruction='pick up the cream cheese and place it in the basket'
[libero_object_swap] task 1 ep 0 step 1/350 | elapsed=0.0m | eta=1.3m | sec_step=0.23
[libero_object_swap] task 1 ep 0 step 25/350 | elapsed=0.1m | eta=1.2m | sec_step=0.22
[libero_object_swap] task 1 ep 0 step 50/350 | elapsed=0.2m | eta=1.1m | sec_step=0.22
[libero_object_swap] task 1 ep 0 step 75/350 | elapsed=0.3m | eta=1.0m | sec_step=0.22
[libero_object_swap] task 1 ep 0 step 100/350 | elapsed=0.4m | eta=0.9m | sec_step=0.22
[libero_object_swap] task 1 ep 0 step 125/350 | elapsed=0.5m | eta=0.8m | sec_step=0.22
[libero_object_swap] task 1 ep 0 step 150/350 | elapsed=0.6m | eta=0.7m | sec_step=0.22
[libero_object_swap] task 1 ep 0 step 175/350 | elapsed=0.6m | eta=0.6m | sec_step=0.22
[libero_object_swap] task 1 ep 0 step 200/350 | elapsed=0.7m | eta=0.5m | sec_step=0.22
[libero_object_swap] task 1 ep 0 step 225/350 | elapsed=0.8m | eta=0.5m | sec_step=0.22
[libero_object_swap] task 1 ep 0 step 250/350 | elapsed=0.9m | eta=0.4m | sec_step=0.22
[libero_object_swap] task 1 ep 0 step 275/350 | elapsed=1.0m | eta=0.3m | sec_step=0.22
[libero_object_swap] task 1 ep 0 step 300/350 | elapsed=1.1m | eta=0.2m | sec_step=0.22
[libero_object_swap] task 1 ep 0 step 325/350 | elapsed=1.2m | eta=0.1m | sec_step=0.22
[libero_object_swap] task 1 ep 0 step 350/350 | elapsed=1.3m | eta=0.0m | sec_step=0.22
[libero_object_swap] task 1 ('pick up the cream cheese and place it in the basket') ep 0: fail | episode_time=1.3m
[libero_object_swap] task 1 ep 1 start | max_steps=350 | instruction='pick up the cream cheese and place it in the basket'
[libero_object_swap] task 1 ep 1 step 1/350 | elapsed=0.0m | eta=1.4m | sec_step=0.23
[libero_object_swap] task 1 ep 1 step 25/350 | elapsed=0.1m | eta=1.2m | sec_step=0.22
[libero_object_swap] task 1 ep 1 step 50/350 | elapsed=0.2m | eta=1.1m | sec_step=0.22
[libero_object_swap] task 1 ep 1 step 75/350 | elapsed=0.3m | eta=1.0m | sec_step=0.22
[libero_object_swap] task 1 ep 1 step 100/350 | elapsed=0.4m | eta=0.9m | sec_step=0.22
[libero_object_swap] task 1 ep 1 step 125/350 | elapsed=0.5m | eta=0.8m | sec_step=0.22
[libero_object_swap] task 1 ep 1 step 150/350 | elapsed=0.6m | eta=0.7m | sec_step=0.22
[libero_object_swap] task 1 ep 1 step 175/350 | elapsed=0.6m | eta=0.6m | sec_step=0.22
[libero_object_swap] task 1 ep 1 step 200/350 | elapsed=0.7m | eta=0.6m | sec_step=0.22
[libero_object_swap] task 1 ep 1 step 225/350 | elapsed=0.8m | eta=0.5m | sec_step=0.22
[libero_object_swap] task 1 ep 1 step 250/350 | elapsed=0.9m | eta=0.4m | sec_step=0.22
[libero_object_swap] task 1 ep 1 step 275/350 | elapsed=1.0m | eta=0.3m | sec_step=0.22
[libero_object_swap] task 1 ep 1 step 300/350 | elapsed=1.1m | eta=0.2m | sec_step=0.22
[libero_object_swap] task 1 ep 1 step 325/350 | elapsed=1.2m | eta=0.1m | sec_step=0.22
[libero_object_swap] task 1 ep 1 step 350/350 | elapsed=1.3m | eta=0.0m | sec_step=0.22
[libero_object_swap] task 1 ('pick up the cream cheese and place it in the basket') ep 1: fail | episode_time=1.3m
[libero_object_swap] task 1 ep 2 start | max_steps=350 | instruction='pick up the cream cheese and place it in the basket'
[libero_object_swap] task 1 ep 2 step 1/350 | elapsed=0.0m | eta=1.3m | sec_step=0.23
[libero_object_swap] task 1 ep 2 step 25/350 | elapsed=0.1m | eta=1.2m | sec_step=0.22
[libero_object_swap] task 1 ep 2 step 50/350 | elapsed=0.2m | eta=1.1m | sec_step=0.22
[libero_object_swap] task 1 ep 2 step 75/350 | elapsed=0.3m | eta=1.0m | sec_step=0.22
[libero_object_swap] task 1 ep 2 step 100/350 | elapsed=0.4m | eta=0.9m | sec_step=0.22
[libero_object_swap] task 1 ep 2 step 125/350 | elapsed=0.5m | eta=0.8m | sec_step=0.22
[libero_object_swap] task 1 ep 2 step 150/350 | elapsed=0.6m | eta=0.7m | sec_step=0.22
[libero_object_swap] task 1 ep 2 step 175/350 | elapsed=0.7m | eta=0.7m | sec_step=0.22
[libero_object_swap] task 1 ep 2 step 200/350 | elapsed=0.7m | eta=0.6m | sec_step=0.22
[libero_object_swap] task 1 ep 2 step 225/350 | elapsed=0.8m | eta=0.5m | sec_step=0.22
[libero_object_swap] task 1 ep 2 step 250/350 | elapsed=0.9m | eta=0.4m | sec_step=0.22
[libero_object_swap] task 1 ep 2 step 275/350 | elapsed=1.0m | eta=0.3m | sec_step=0.22
[libero_object_swap] task 1 ep 2 step 300/350 | elapsed=1.1m | eta=0.2m | sec_step=0.22
[libero_object_swap] task 1 ep 2 step 325/350 | elapsed=1.2m | eta=0.1m | sec_step=0.22
[libero_object_swap] task 1 ep 2 step 350/350 | elapsed=1.3m | eta=0.0m | sec_step=0.22
[libero_object_swap] task 1 ('pick up the cream cheese and place it in the basket') ep 2: fail | episode_time=1.3m
[libero_object_swap] task 1 ep 3 start | max_steps=350 | instruction='pick up the cream cheese and place it in the basket'
[libero_object_swap] task 1 ep 3 step 1/350 | elapsed=0.0m | eta=1.4m | sec_step=0.23
[libero_object_swap] task 1 ep 3 step 25/350 | elapsed=0.1m | eta=1.2m | sec_step=0.22
[libero_object_swap] task 1 ep 3 step 50/350 | elapsed=0.2m | eta=1.1m | sec_step=0.22
[libero_object_swap] task 1 ep 3 step 75/350 | elapsed=0.3m | eta=1.0m | sec_step=0.22
[libero_object_swap] task 1 ep 3 step 100/350 | elapsed=0.4m | eta=0.9m | sec_step=0.22
[libero_object_swap] task 1 ep 3 step 125/350 | elapsed=0.5m | eta=0.8m | sec_step=0.22
[libero_object_swap] task 1 ep 3 step 150/350 | elapsed=0.6m | eta=0.8m | sec_step=0.23
[libero_object_swap] task 1 ep 3 step 175/350 | elapsed=0.7m | eta=0.7m | sec_step=0.23
[libero_object_swap] task 1 ep 3 step 200/350 | elapsed=0.8m | eta=0.6m | sec_step=0.23
[libero_object_swap] task 1 ep 3 step 225/350 | elapsed=0.9m | eta=0.5m | sec_step=0.23
[libero_object_swap] task 1 ep 3 step 250/350 | elapsed=0.9m | eta=0.4m | sec_step=0.23
[libero_object_swap] task 1 ep 3 step 275/350 | elapsed=1.0m | eta=0.3m | sec_step=0.23
[libero_object_swap] task 1 ep 3 step 300/350 | elapsed=1.1m | eta=0.2m | sec_step=0.22
[libero_object_swap] task 1 ep 3 step 325/350 | elapsed=1.2m | eta=0.1m | sec_step=0.22
[libero_object_swap] task 1 ep 3 step 350/350 | elapsed=1.3m | eta=0.0m | sec_step=0.22
[libero_object_swap] task 1 ('pick up the cream cheese and place it in the basket') ep 3: fail | episode_time=1.3m
[libero_object_swap] task 1 ep 4 start | max_steps=350 | instruction='pick up the cream cheese and place it in the basket'
[libero_object_swap] task 1 ep 4 step 1/350 | elapsed=0.0m | eta=1.4m | sec_step=0.23
[libero_object_swap] task 1 ep 4 step 25/350 | elapsed=0.1m | eta=1.2m | sec_step=0.22
[libero_object_swap] task 1 ep 4 step 50/350 | elapsed=0.2m | eta=1.1m | sec_step=0.22
[libero_object_swap] task 1 ep 4 step 75/350 | elapsed=0.3m | eta=1.0m | sec_step=0.22
[libero_object_swap] task 1 ep 4 step 100/350 | elapsed=0.4m | eta=0.9m | sec_step=0.22
[libero_object_swap] task 1 ep 4 step 125/350 | elapsed=0.5m | eta=0.8m | sec_step=0.22
[libero_object_swap] task 1 ep 4 step 150/350 | elapsed=0.5m | eta=0.7m | sec_step=0.22
[libero_object_swap] task 1 ep 4 step 175/350 | elapsed=0.6m | eta=0.6m | sec_step=0.22
[libero_object_swap] task 1 ep 4 step 200/350 | elapsed=0.7m | eta=0.5m | sec_step=0.22
[libero_object_swap] task 1 ep 4 step 225/350 | elapsed=0.8m | eta=0.5m | sec_step=0.22
[libero_object_swap] task 1 ep 4 step 250/350 | elapsed=0.9m | eta=0.4m | sec_step=0.22
[libero_object_swap] task 1 ep 4 step 275/350 | elapsed=1.0m | eta=0.3m | sec_step=0.22
[libero_object_swap] task 1 ep 4 step 300/350 | elapsed=1.1m | eta=0.2m | sec_step=0.22
[libero_object_swap] task 1 ep 4 step 325/350 | elapsed=1.2m | eta=0.1m | sec_step=0.22
[libero_object_swap] task 1 ep 4 step 350/350 | elapsed=1.3m | eta=0.0m | sec_step=0.22
[libero_object_swap] task 1 ('pick up the cream cheese and place it in the basket') ep 4: fail | episode_time=1.3m
[libero_object_swap] task 1 ep 5 start | max_steps=350 | instruction='pick up the cream cheese and place it in the basket'
[libero_object_swap] task 1 ep 5 step 1/350 | elapsed=0.0m | eta=1.3m | sec_step=0.23
[libero_object_swap] task 1 ep 5 step 25/350 | elapsed=0.1m | eta=1.2m | sec_step=0.22
[libero_object_swap] task 1 ep 5 step 50/350 | elapsed=0.2m | eta=1.1m | sec_step=0.22
[libero_object_swap] task 1 ep 5 step 75/350 | elapsed=0.3m | eta=1.0m | sec_step=0.22
[libero_object_swap] task 1 ep 5 step 100/350 | elapsed=0.4m | eta=0.9m | sec_step=0.22
[libero_object_swap] task 1 ep 5 step 125/350 | elapsed=0.5m | eta=0.8m | sec_step=0.22
[libero_object_swap] task 1 ep 5 step 150/350 | elapsed=0.6m | eta=0.7m | sec_step=0.22
[libero_object_swap] task 1 ep 5 step 175/350 | elapsed=0.7m | eta=0.7m | sec_step=0.22
[libero_object_swap] task 1 ep 5 step 200/350 | elapsed=0.7m | eta=0.6m | sec_step=0.22
[libero_object_swap] task 1 ep 5 step 225/350 | elapsed=0.8m | eta=0.5m | sec_step=0.22
[libero_object_swap] task 1 ep 5 step 250/350 | elapsed=0.9m | eta=0.4m | sec_step=0.22
[libero_object_swap] task 1 ep 5 step 275/350 | elapsed=1.0m | eta=0.3m | sec_step=0.22
[libero_object_swap] task 1 ep 5 step 300/350 | elapsed=1.1m | eta=0.2m | sec_step=0.22
[libero_object_swap] task 1 ep 5 step 325/350 | elapsed=1.2m | eta=0.1m | sec_step=0.22
[libero_object_swap] task 1 ep 5 step 350/350 | elapsed=1.3m | eta=0.0m | sec_step=0.22
[libero_object_swap] task 1 ('pick up the cream cheese and place it in the basket') ep 5: fail | episode_time=1.3m
[libero_object_swap] task 1 ep 6 start | max_steps=350 | instruction='pick up the cream cheese and place it in the basket'
[libero_object_swap] task 1 ep 6 step 1/350 | elapsed=0.0m | eta=1.3m | sec_step=0.23
[libero_object_swap] task 1 ep 6 step 25/350 | elapsed=0.1m | eta=1.2m | sec_step=0.22
[libero_object_swap] task 1 ep 6 step 50/350 | elapsed=0.2m | eta=1.1m | sec_step=0.22
[libero_object_swap] task 1 ep 6 step 75/350 | elapsed=0.3m | eta=1.0m | sec_step=0.22
[libero_object_swap] task 1 ep 6 step 100/350 | elapsed=0.4m | eta=0.9m | sec_step=0.22
[libero_object_swap] task 1 ep 6 step 125/350 | elapsed=0.5m | eta=0.8m | sec_step=0.22
[libero_object_swap] task 1 ep 6 step 150/350 | elapsed=0.5m | eta=0.7m | sec_step=0.22
[libero_object_swap] task 1 ep 6 step 175/350 | elapsed=0.6m | eta=0.6m | sec_step=0.22
[libero_object_swap] task 1 ep 6 step 200/350 | elapsed=0.7m | eta=0.5m | sec_step=0.22
[libero_object_swap] task 1 ep 6 step 225/350 | elapsed=0.8m | eta=0.5m | sec_step=0.22
[libero_object_swap] task 1 ep 6 step 250/350 | elapsed=0.9m | eta=0.4m | sec_step=0.22
[libero_object_swap] task 1 ep 6 step 275/350 | elapsed=1.0m | eta=0.3m | sec_step=0.22
[libero_object_swap] task 1 ep 6 step 300/350 | elapsed=1.1m | eta=0.2m | sec_step=0.22
[libero_object_swap] task 1 ep 6 step 325/350 | elapsed=1.2m | eta=0.1m | sec_step=0.22
[libero_object_swap] task 1 ep 6 step 350/350 | elapsed=1.3m | eta=0.0m | sec_step=0.22
[libero_object_swap] task 1 ('pick up the cream cheese and place it in the basket') ep 6: fail | episode_time=1.3m
[libero_object_swap] task 1 ep 7 start | max_steps=350 | instruction='pick up the cream cheese and place it in the basket'
[libero_object_swap] task 1 ep 7 step 1/350 | elapsed=0.0m | eta=1.4m | sec_step=0.24
[libero_object_swap] task 1 ep 7 step 25/350 | elapsed=0.1m | eta=1.2m | sec_step=0.22
[libero_object_swap] task 1 ep 7 step 50/350 | elapsed=0.2m | eta=1.1m | sec_step=0.22
[libero_object_swap] task 1 ep 7 step 75/350 | elapsed=0.3m | eta=1.0m | sec_step=0.22
[libero_object_swap] task 1 ep 7 step 100/350 | elapsed=0.4m | eta=0.9m | sec_step=0.22
[libero_object_swap] task 1 ep 7 step 125/350 | elapsed=0.5m | eta=0.8m | sec_step=0.22
[libero_object_swap] task 1 ep 7 step 150/350 | elapsed=0.6m | eta=0.7m | sec_step=0.22
[libero_object_swap] task 1 ep 7 step 175/350 | elapsed=0.6m | eta=0.6m | sec_step=0.22
[libero_object_swap] task 1 ep 7 step 200/350 | elapsed=0.7m | eta=0.6m | sec_step=0.22
[libero_object_swap] task 1 ep 7 step 225/350 | elapsed=0.8m | eta=0.5m | sec_step=0.22
[libero_object_swap] task 1 ep 7 step 250/350 | elapsed=0.9m | eta=0.4m | sec_step=0.22
[libero_object_swap] task 1 ep 7 step 275/350 | elapsed=1.0m | eta=0.3m | sec_step=0.22
[libero_object_swap] task 1 ep 7 step 300/350 | elapsed=1.1m | eta=0.2m | sec_step=0.22
[libero_object_swap] task 1 ep 7 step 325/350 | elapsed=1.2m | eta=0.1m | sec_step=0.22
[libero_object_swap] task 1 ep 7 step 350/350 | elapsed=1.3m | eta=0.0m | sec_step=0.22
[libero_object_swap] task 1 ('pick up the cream cheese and place it in the basket') ep 7: fail | episode_time=1.3m
[libero_object_swap] task 1 ep 8 start | max_steps=350 | instruction='pick up the cream cheese and place it in the basket'
[libero_object_swap] task 1 ep 8 step 1/350 | elapsed=0.0m | eta=1.4m | sec_step=0.24
[libero_object_swap] task 1 ep 8 step 25/350 | elapsed=0.1m | eta=1.2m | sec_step=0.23
[libero_object_swap] task 1 ep 8 step 50/350 | elapsed=0.2m | eta=1.1m | sec_step=0.23
[libero_object_swap] task 1 ep 8 step 75/350 | elapsed=0.3m | eta=1.0m | sec_step=0.23
[libero_object_swap] task 1 ep 8 step 100/350 | elapsed=0.4m | eta=0.9m | sec_step=0.22
[libero_object_swap] task 1 ep 8 step 125/350 | elapsed=0.5m | eta=0.8m | sec_step=0.22
[libero_object_swap] task 1 ep 8 step 150/350 | elapsed=0.6m | eta=0.7m | sec_step=0.22
[libero_object_swap] task 1 ep 8 step 175/350 | elapsed=0.7m | eta=0.7m | sec_step=0.22
[libero_object_swap] task 1 ep 8 step 200/350 | elapsed=0.7m | eta=0.6m | sec_step=0.22
[libero_object_swap] task 1 ep 8 step 225/350 | elapsed=0.8m | eta=0.5m | sec_step=0.22
[libero_object_swap] task 1 ep 8 step 250/350 | elapsed=0.9m | eta=0.4m | sec_step=0.22
[libero_object_swap] task 1 ep 8 step 275/350 | elapsed=1.0m | eta=0.3m | sec_step=0.22
[libero_object_swap] task 1 ep 8 step 300/350 | elapsed=1.1m | eta=0.2m | sec_step=0.22
[libero_object_swap] task 1 ep 8 step 325/350 | elapsed=1.2m | eta=0.1m | sec_step=0.22
[libero_object_swap] task 1 ep 8 step 350/350 | elapsed=1.3m | eta=0.0m | sec_step=0.22
[libero_object_swap] task 1 ('pick up the cream cheese and place it in the basket') ep 8: fail | episode_time=1.3m
[libero_object_swap] task 1 ep 9 start | max_steps=350 | instruction='pick up the cream cheese and place it in the basket'
[libero_object_swap] task 1 ep 9 step 1/350 | elapsed=0.0m | eta=3.6m | sec_step=0.62
[libero_object_swap] task 1 ep 9 step 25/350 | elapsed=0.1m | eta=1.3m | sec_step=0.24
[libero_object_swap] task 1 ep 9 step 50/350 | elapsed=0.2m | eta=1.2m | sec_step=0.23
[libero_object_swap] task 1 ep 9 step 75/350 | elapsed=0.3m | eta=1.0m | sec_step=0.23
[libero_object_swap] task 1 ep 9 step 100/350 | elapsed=0.4m | eta=0.9m | sec_step=0.23
[libero_object_swap] task 1 ep 9 step 125/350 | elapsed=0.5m | eta=0.9m | sec_step=0.23
[libero_object_swap] task 1 ep 9 step 150/350 | elapsed=0.6m | eta=0.8m | sec_step=0.23
[libero_object_swap] task 1 ep 9 step 175/350 | elapsed=0.7m | eta=0.7m | sec_step=0.23
[libero_object_swap] task 1 ep 9 step 200/350 | elapsed=0.8m | eta=0.6m | sec_step=0.23
[libero_object_swap] task 1 ep 9 step 225/350 | elapsed=0.9m | eta=0.5m | sec_step=0.23
[libero_object_swap] task 1 ep 9 step 250/350 | elapsed=1.0m | eta=0.4m | sec_step=0.23
[libero_object_swap] task 1 ep 9 step 275/350 | elapsed=1.0m | eta=0.3m | sec_step=0.23
[libero_object_swap] task 1 ep 9 step 300/350 | elapsed=1.1m | eta=0.2m | sec_step=0.23
[libero_object_swap] task 1 ep 9 step 325/350 | elapsed=1.2m | eta=0.1m | sec_step=0.23
[libero_object_swap] task 1 ep 9 step 350/350 | elapsed=1.3m | eta=0.0m | sec_step=0.23
[libero_object_swap] task 1 ('pick up the cream cheese and place it in the basket') ep 9: fail | episode_time=1.4m
[Warning]: datasets path /scratch/users/create/smrvmdo/projects/lapa-depth-modified-levi/datasets/LIBERO-PRO/libero/libero/datasets does not exist!
[libero_object_swap] task 2 ep 0 start | max_steps=350 | instruction='pick up the salad dressing and place it in the basket'
[libero_object_swap] task 2 ep 0 step 1/350 | elapsed=0.0m | eta=1.4m | sec_step=0.24
[libero_object_swap] task 2 ep 0 step 25/350 | elapsed=0.1m | eta=1.2m | sec_step=0.22
[libero_object_swap] task 2 ep 0 step 50/350 | elapsed=0.2m | eta=1.1m | sec_step=0.22
[libero_object_swap] task 2 ep 0 step 75/350 | elapsed=0.3m | eta=1.0m | sec_step=0.22
[libero_object_swap] task 2 ep 0 step 100/350 | elapsed=0.4m | eta=0.9m | sec_step=0.22
[libero_object_swap] task 2 ep 0 step 125/350 | elapsed=0.5m | eta=0.8m | sec_step=0.22
[libero_object_swap] task 2 ep 0 step 150/350 | elapsed=0.6m | eta=0.7m | sec_step=0.22
[libero_object_swap] task 2 ep 0 step 175/350 | elapsed=0.7m | eta=0.7m | sec_step=0.22
[libero_object_swap] task 2 ep 0 step 200/350 | elapsed=0.7m | eta=0.6m | sec_step=0.22
[libero_object_swap] task 2 ep 0 step 225/350 | elapsed=0.8m | eta=0.5m | sec_step=0.22
[libero_object_swap] task 2 ep 0 step 250/350 | elapsed=0.9m | eta=0.4m | sec_step=0.22
[libero_object_swap] task 2 ep 0 step 275/350 | elapsed=1.0m | eta=0.3m | sec_step=0.22
[libero_object_swap] task 2 ep 0 step 300/350 | elapsed=1.1m | eta=0.2m | sec_step=0.22
[libero_object_swap] task 2 ep 0 step 325/350 | elapsed=1.2m | eta=0.1m | sec_step=0.22
[libero_object_swap] task 2 ep 0 step 350/350 | elapsed=1.3m | eta=0.0m | sec_step=0.22
[libero_object_swap] task 2 ('pick up the salad dressing and place it in the basket') ep 0: fail | episode_time=1.3m
[libero_object_swap] task 2 ep 1 start | max_steps=350 | instruction='pick up the salad dressing and place it in the basket'
[libero_object_swap] task 2 ep 1 step 1/350 | elapsed=0.0m | eta=5.0m | sec_step=0.86
[libero_object_swap] task 2 ep 1 step 25/350 | elapsed=0.1m | eta=1.3m | sec_step=0.25
[libero_object_swap] task 2 ep 1 step 50/350 | elapsed=0.2m | eta=1.2m | sec_step=0.24
[libero_object_swap] task 2 ep 1 step 75/350 | elapsed=0.3m | eta=1.1m | sec_step=0.24
[libero_object_swap] task 2 ep 1 step 100/350 | elapsed=0.4m | eta=1.0m | sec_step=0.23
[libero_object_swap] task 2 ep 1 step 125/350 | elapsed=0.5m | eta=0.9m | sec_step=0.23
[libero_object_swap] task 2 ep 1 step 150/350 | elapsed=0.6m | eta=0.8m | sec_step=0.23
[libero_object_swap] task 2 ep 1 step 175/350 | elapsed=0.7m | eta=0.7m | sec_step=0.23
[libero_object_swap] task 2 ep 1 step 200/350 | elapsed=0.8m | eta=0.6m | sec_step=0.23
[libero_object_swap] task 2 ep 1 step 225/350 | elapsed=0.9m | eta=0.5m | sec_step=0.23
[libero_object_swap] task 2 ep 1 step 250/350 | elapsed=0.9m | eta=0.4m | sec_step=0.23
[libero_object_swap] task 2 ep 1 step 275/350 | elapsed=1.0m | eta=0.3m | sec_step=0.23
[libero_object_swap] task 2 ep 1 step 300/350 | elapsed=1.1m | eta=0.2m | sec_step=0.23
[libero_object_swap] task 2 ep 1 step 325/350 | elapsed=1.2m | eta=0.1m | sec_step=0.23
[libero_object_swap] task 2 ep 1 step 350/350 | elapsed=1.3m | eta=0.0m | sec_step=0.23
[libero_object_swap] task 2 ('pick up the salad dressing and place it in the basket') ep 1: fail | episode_time=1.4m
[libero_object_swap] task 2 ep 2 start | max_steps=350 | instruction='pick up the salad dressing and place it in the basket'
[libero_object_swap] task 2 ep 2 step 1/350 | elapsed=0.0m | eta=1.3m | sec_step=0.23
[libero_object_swap] task 2 ep 2 step 25/350 | elapsed=0.1m | eta=1.2m | sec_step=0.22
[libero_object_swap] task 2 ep 2 step 50/350 | elapsed=0.2m | eta=1.1m | sec_step=0.22
[libero_object_swap] task 2 ep 2 step 75/350 | elapsed=0.3m | eta=1.0m | sec_step=0.22
[libero_object_swap] task 2 ep 2 step 100/350 | elapsed=0.4m | eta=0.9m | sec_step=0.22
[libero_object_swap] task 2 ep 2 step 125/350 | elapsed=0.5m | eta=0.8m | sec_step=0.22
[libero_object_swap] task 2 ep 2 step 150/350 | elapsed=0.6m | eta=0.7m | sec_step=0.22
[libero_object_swap] task 2 ep 2 step 175/350 | elapsed=0.7m | eta=0.7m | sec_step=0.22
[libero_object_swap] task 2 ep 2 step 200/350 | elapsed=0.7m | eta=0.6m | sec_step=0.22
[libero_object_swap] task 2 ep 2 step 225/350 | elapsed=0.8m | eta=0.5m | sec_step=0.22
[libero_object_swap] task 2 ep 2 step 250/350 | elapsed=0.9m | eta=0.4m | sec_step=0.22
[libero_object_swap] task 2 ep 2 step 275/350 | elapsed=1.0m | eta=0.3m | sec_step=0.22
[libero_object_swap] task 2 ep 2 step 300/350 | elapsed=1.1m | eta=0.2m | sec_step=0.22
[libero_object_swap] task 2 ep 2 step 325/350 | elapsed=1.2m | eta=0.1m | sec_step=0.22
[libero_object_swap] task 2 ep 2 step 350/350 | elapsed=1.3m | eta=0.0m | sec_step=0.22
[libero_object_swap] task 2 ('pick up the salad dressing and place it in the basket') ep 2: fail | episode_time=1.3m
[libero_object_swap] task 2 ep 3 start | max_steps=350 | instruction='pick up the salad dressing and place it in the basket'
[libero_object_swap] task 2 ep 3 step 1/350 | elapsed=0.0m | eta=1.3m | sec_step=0.23
[libero_object_swap] task 2 ep 3 step 25/350 | elapsed=0.1m | eta=1.2m | sec_step=0.22
[libero_object_swap] task 2 ep 3 step 50/350 | elapsed=0.2m | eta=1.1m | sec_step=0.22
[libero_object_swap] task 2 ep 3 step 75/350 | elapsed=0.3m | eta=1.0m | sec_step=0.22
[libero_object_swap] task 2 ep 3 step 100/350 | elapsed=0.4m | eta=0.9m | sec_step=0.22
[libero_object_swap] task 2 ep 3 step 125/350 | elapsed=0.5m | eta=0.8m | sec_step=0.22
[libero_object_swap] task 2 ep 3 step 150/350 | elapsed=0.6m | eta=0.7m | sec_step=0.22
[libero_object_swap] task 2 ep 3 step 175/350 | elapsed=0.6m | eta=0.6m | sec_step=0.22
[libero_object_swap] task 2 ep 3 step 200/350 | elapsed=0.7m | eta=0.6m | sec_step=0.22
[libero_object_swap] task 2 ep 3 step 225/350 | elapsed=0.8m | eta=0.5m | sec_step=0.22
[libero_object_swap] task 2 ep 3 step 250/350 | elapsed=0.9m | eta=0.4m | sec_step=0.22
[libero_object_swap] task 2 ep 3 step 275/350 | elapsed=1.0m | eta=0.3m | sec_step=0.22
[libero_object_swap] task 2 ep 3 step 300/350 | elapsed=1.1m | eta=0.2m | sec_step=0.22
[libero_object_swap] task 2 ep 3 step 325/350 | elapsed=1.2m | eta=0.1m | sec_step=0.22
[libero_object_swap] task 2 ep 3 step 350/350 | elapsed=1.3m | eta=0.0m | sec_step=0.22
[libero_object_swap] task 2 ('pick up the salad dressing and place it in the basket') ep 3: fail | episode_time=1.3m
[libero_object_swap] task 2 ep 4 start | max_steps=350 | instruction='pick up the salad dressing and place it in the basket'
[libero_object_swap] task 2 ep 4 step 1/350 | elapsed=0.0m | eta=1.4m | sec_step=0.23
[libero_object_swap] task 2 ep 4 step 25/350 | elapsed=0.1m | eta=1.2m | sec_step=0.22
[libero_object_swap] task 2 ep 4 step 50/350 | elapsed=0.2m | eta=1.1m | sec_step=0.22
[libero_object_swap] task 2 ep 4 step 75/350 | elapsed=0.3m | eta=1.0m | sec_step=0.22
[libero_object_swap] task 2 ep 4 step 100/350 | elapsed=0.4m | eta=0.9m | sec_step=0.22
[libero_object_swap] task 2 ep 4 step 125/350 | elapsed=0.5m | eta=0.8m | sec_step=0.22
[libero_object_swap] task 2 ep 4 step 150/350 | elapsed=0.6m | eta=0.8m | sec_step=0.23
[libero_object_swap] task 2 ep 4 step 175/350 | elapsed=0.7m | eta=0.7m | sec_step=0.23
[libero_object_swap] task 2 ep 4 step 200/350 | elapsed=0.8m | eta=0.6m | sec_step=0.23
[libero_object_swap] task 2 ep 4 step 225/350 | elapsed=0.8m | eta=0.5m | sec_step=0.23
[libero_object_swap] task 2 ep 4 step 250/350 | elapsed=0.9m | eta=0.4m | sec_step=0.22
[libero_object_swap] task 2 ep 4 step 275/350 | elapsed=1.0m | eta=0.3m | sec_step=0.22
[libero_object_swap] task 2 ep 4 step 300/350 | elapsed=1.1m | eta=0.2m | sec_step=0.22
[libero_object_swap] task 2 ep 4 step 325/350 | elapsed=1.2m | eta=0.1m | sec_step=0.22
[libero_object_swap] task 2 ep 4 step 350/350 | elapsed=1.3m | eta=0.0m | sec_step=0.22
[libero_object_swap] task 2 ('pick up the salad dressing and place it in the basket') ep 4: fail | episode_time=1.3m
[libero_object_swap] task 2 ep 5 start | max_steps=350 | instruction='pick up the salad dressing and place it in the basket'
[libero_object_swap] task 2 ep 5 step 1/350 | elapsed=0.0m | eta=1.3m | sec_step=0.23
[libero_object_swap] task 2 ep 5 step 25/350 | elapsed=0.1m | eta=1.2m | sec_step=0.22
[libero_object_swap] task 2 ep 5 step 50/350 | elapsed=0.2m | eta=1.1m | sec_step=0.22
[libero_object_swap] task 2 ep 5 step 75/350 | elapsed=0.3m | eta=1.0m | sec_step=0.22
[libero_object_swap] task 2 ep 5 step 100/350 | elapsed=0.4m | eta=0.9m | sec_step=0.22
[libero_object_swap] task 2 ep 5 step 125/350 | elapsed=0.5m | eta=0.8m | sec_step=0.22
[libero_object_swap] task 2 ep 5 step 150/350 | elapsed=0.6m | eta=0.7m | sec_step=0.22
[libero_object_swap] task 2 ep 5 step 175/350 | elapsed=0.6m | eta=0.6m | sec_step=0.22
[libero_object_swap] task 2 ep 5 step 200/350 | elapsed=0.7m | eta=0.6m | sec_step=0.22
[libero_object_swap] task 2 ep 5 step 225/350 | elapsed=0.8m | eta=0.5m | sec_step=0.22
[libero_object_swap] task 2 ep 5 step 250/350 | elapsed=0.9m | eta=0.4m | sec_step=0.22
[libero_object_swap] task 2 ep 5 step 275/350 | elapsed=1.0m | eta=0.3m | sec_step=0.22
[libero_object_swap] task 2 ep 5 step 300/350 | elapsed=1.1m | eta=0.2m | sec_step=0.22
[libero_object_swap] task 2 ep 5 step 325/350 | elapsed=1.2m | eta=0.1m | sec_step=0.22
[libero_object_swap] task 2 ep 5 step 350/350 | elapsed=1.3m | eta=0.0m | sec_step=0.22
[libero_object_swap] task 2 ('pick up the salad dressing and place it in the basket') ep 5: fail | episode_time=1.3m
[libero_object_swap] task 2 ep 6 start | max_steps=350 | instruction='pick up the salad dressing and place it in the basket'
[libero_object_swap] task 2 ep 6 step 1/350 | elapsed=0.0m | eta=1.4m | sec_step=0.25
[libero_object_swap] task 2 ep 6 step 25/350 | elapsed=0.1m | eta=1.2m | sec_step=0.22
[libero_object_swap] task 2 ep 6 step 50/350 | elapsed=0.2m | eta=1.1m | sec_step=0.22
[libero_object_swap] task 2 ep 6 step 75/350 | elapsed=0.3m | eta=1.0m | sec_step=0.22
[libero_object_swap] task 2 ep 6 step 100/350 | elapsed=0.4m | eta=0.9m | sec_step=0.22
[libero_object_swap] task 2 ep 6 step 125/350 | elapsed=0.5m | eta=0.8m | sec_step=0.22
[libero_object_swap] task 2 ep 6 step 150/350 | elapsed=0.6m | eta=0.7m | sec_step=0.22
[libero_object_swap] task 2 ep 6 step 175/350 | elapsed=0.7m | eta=0.7m | sec_step=0.22
[libero_object_swap] task 2 ep 6 step 200/350 | elapsed=0.7m | eta=0.6m | sec_step=0.22
[libero_object_swap] task 2 ep 6 step 225/350 | elapsed=0.8m | eta=0.5m | sec_step=0.23
[libero_object_swap] task 2 ep 6 step 250/350 | elapsed=0.9m | eta=0.4m | sec_step=0.23
[libero_object_swap] task 2 ep 6 step 275/350 | elapsed=1.0m | eta=0.3m | sec_step=0.22
[libero_object_swap] task 2 ep 6 step 300/350 | elapsed=1.1m | eta=0.2m | sec_step=0.22
[libero_object_swap] task 2 ep 6 step 325/350 | elapsed=1.2m | eta=0.1m | sec_step=0.22
[libero_object_swap] task 2 ep 6 step 350/350 | elapsed=1.3m | eta=0.0m | sec_step=0.22
[libero_object_swap] task 2 ('pick up the salad dressing and place it in the basket') ep 6: fail | episode_time=1.3m
[libero_object_swap] task 2 ep 7 start | max_steps=350 | instruction='pick up the salad dressing and place it in the basket'
[libero_object_swap] task 2 ep 7 step 1/350 | elapsed=0.0m | eta=1.3m | sec_step=0.22
[libero_object_swap] task 2 ep 7 step 25/350 | elapsed=0.1m | eta=1.2m | sec_step=0.22
[libero_object_swap] task 2 ep 7 step 50/350 | elapsed=0.2m | eta=1.1m | sec_step=0.22
[libero_object_swap] task 2 ep 7 step 75/350 | elapsed=0.3m | eta=1.0m | sec_step=0.22
[libero_object_swap] task 2 ep 7 step 100/350 | elapsed=0.4m | eta=0.9m | sec_step=0.22
[libero_object_swap] task 2 ep 7 step 125/350 | elapsed=0.5m | eta=0.8m | sec_step=0.22
[libero_object_swap] task 2 ep 7 step 150/350 | elapsed=0.6m | eta=0.7m | sec_step=0.22
[libero_object_swap] task 2 ep 7 step 175/350 | elapsed=0.7m | eta=0.7m | sec_step=0.22
[libero_object_swap] task 2 ep 7 step 200/350 | elapsed=0.7m | eta=0.6m | sec_step=0.22
[libero_object_swap] task 2 ep 7 step 225/350 | elapsed=0.8m | eta=0.5m | sec_step=0.22
[libero_object_swap] task 2 ep 7 step 250/350 | elapsed=0.9m | eta=0.4m | sec_step=0.22
[libero_object_swap] task 2 ep 7 step 275/350 | elapsed=1.0m | eta=0.3m | sec_step=0.22
[libero_object_swap] task 2 ep 7 step 300/350 | elapsed=1.1m | eta=0.2m | sec_step=0.22
[libero_object_swap] task 2 ep 7 step 325/350 | elapsed=1.2m | eta=0.1m | sec_step=0.22
[libero_object_swap] task 2 ep 7 step 350/350 | elapsed=1.3m | eta=0.0m | sec_step=0.22
[libero_object_swap] task 2 ('pick up the salad dressing and place it in the basket') ep 7: fail | episode_time=1.3m
[libero_object_swap] task 2 ep 8 start | max_steps=350 | instruction='pick up the salad dressing and place it in the basket'
[libero_object_swap] task 2 ep 8 step 1/350 | elapsed=0.0m | eta=1.3m | sec_step=0.23
[libero_object_swap] task 2 ep 8 step 25/350 | elapsed=0.1m | eta=1.2m | sec_step=0.22
[libero_object_swap] task 2 ep 8 step 50/350 | elapsed=0.2m | eta=1.1m | sec_step=0.22
[libero_object_swap] task 2 ep 8 step 75/350 | elapsed=0.3m | eta=1.0m | sec_step=0.22
[libero_object_swap] task 2 ep 8 step 100/350 | elapsed=0.4m | eta=0.9m | sec_step=0.22
[libero_object_swap] task 2 ep 8 step 125/350 | elapsed=0.5m | eta=0.8m | sec_step=0.22
[libero_object_swap] task 2 ep 8 step 150/350 | elapsed=0.6m | eta=0.7m | sec_step=0.22
[libero_object_swap] task 2 ep 8 step 175/350 | elapsed=0.7m | eta=0.7m | sec_step=0.22
[libero_object_swap] task 2 ep 8 step 200/350 | elapsed=0.7m | eta=0.6m | sec_step=0.22
[libero_object_swap] task 2 ep 8 step 225/350 | elapsed=0.8m | eta=0.5m | sec_step=0.23
[libero_object_swap] task 2 ep 8 step 250/350 | elapsed=0.9m | eta=0.4m | sec_step=0.23
[libero_object_swap] task 2 ep 8 step 275/350 | elapsed=1.0m | eta=0.3m | sec_step=0.23
[libero_object_swap] task 2 ep 8 step 300/350 | elapsed=1.1m | eta=0.2m | sec_step=0.23
[libero_object_swap] task 2 ep 8 step 325/350 | elapsed=1.2m | eta=0.1m | sec_step=0.23
[libero_object_swap] task 2 ep 8 step 350/350 | elapsed=1.3m | eta=0.0m | sec_step=0.23
[libero_object_swap] task 2 ('pick up the salad dressing and place it in the basket') ep 8: fail | episode_time=1.3m
[libero_object_swap] task 2 ep 9 start | max_steps=350 | instruction='pick up the salad dressing and place it in the basket'
[libero_object_swap] task 2 ep 9 step 1/350 | elapsed=0.0m | eta=1.3m | sec_step=0.23
[libero_object_swap] task 2 ep 9 step 25/350 | elapsed=0.1m | eta=1.2m | sec_step=0.22
[libero_object_swap] task 2 ep 9 step 50/350 | elapsed=0.2m | eta=1.1m | sec_step=0.22
[libero_object_swap] task 2 ep 9 step 75/350 | elapsed=0.3m | eta=1.0m | sec_step=0.22
[libero_object_swap] task 2 ep 9 step 100/350 | elapsed=0.4m | eta=0.9m | sec_step=0.22
[libero_object_swap] task 2 ep 9 step 125/350 | elapsed=0.5m | eta=0.8m | sec_step=0.22
[libero_object_swap] task 2 ep 9 step 150/350 | elapsed=0.6m | eta=0.7m | sec_step=0.22
[libero_object_swap] task 2 ep 9 step 175/350 | elapsed=0.6m | eta=0.6m | sec_step=0.22
[libero_object_swap] task 2 ep 9 step 200/350 | elapsed=0.7m | eta=0.6m | sec_step=0.22
[libero_object_swap] task 2 ep 9 step 225/350 | elapsed=0.8m | eta=0.5m | sec_step=0.22
[libero_object_swap] task 2 ep 9 step 250/350 | elapsed=0.9m | eta=0.4m | sec_step=0.22
[libero_object_swap] task 2 ep 9 step 275/350 | elapsed=1.0m | eta=0.3m | sec_step=0.22
[libero_object_swap] task 2 ep 9 step 300/350 | elapsed=1.1m | eta=0.2m | sec_step=0.22
[libero_object_swap] task 2 ep 9 step 325/350 | elapsed=1.2m | eta=0.1m | sec_step=0.22
[libero_object_swap] task 2 ep 9 step 350/350 | elapsed=1.3m | eta=0.0m | sec_step=0.22
[libero_object_swap] task 2 ('pick up the salad dressing and place it in the basket') ep 9: fail | episode_time=1.3m
[Warning]: datasets path /scratch/users/create/smrvmdo/projects/lapa-depth-modified-levi/datasets/LIBERO-PRO/libero/libero/datasets does not exist!
[libero_object_swap] task 3 ep 0 start | max_steps=350 | instruction='pick up the bbq sauce and place it in the basket'
[libero_object_swap] task 3 ep 0 step 1/350 | elapsed=0.0m | eta=1.3m | sec_step=0.23
[libero_object_swap] task 3 ep 0 step 25/350 | elapsed=0.1m | eta=1.2m | sec_step=0.22
[libero_object_swap] task 3 ep 0 step 50/350 | elapsed=0.2m | eta=1.1m | sec_step=0.22
[libero_object_swap] task 3 ep 0 step 75/350 | elapsed=0.3m | eta=1.0m | sec_step=0.22
[libero_object_swap] task 3 ep 0 step 100/350 | elapsed=0.4m | eta=0.9m | sec_step=0.22
[libero_object_swap] task 3 ep 0 step 125/350 | elapsed=0.5m | eta=0.8m | sec_step=0.22
[libero_object_swap] task 3 ep 0 step 150/350 | elapsed=0.6m | eta=0.7m | sec_step=0.22
[libero_object_swap] task 3 ep 0 step 175/350 | elapsed=0.6m | eta=0.6m | sec_step=0.22
[libero_object_swap] task 3 ep 0 step 200/350 | elapsed=0.7m | eta=0.6m | sec_step=0.22
[libero_object_swap] task 3 ep 0 step 225/350 | elapsed=0.8m | eta=0.5m | sec_step=0.22
[libero_object_swap] task 3 ep 0 step 250/350 | elapsed=0.9m | eta=0.4m | sec_step=0.22
[libero_object_swap] task 3 ep 0 step 275/350 | elapsed=1.0m | eta=0.3m | sec_step=0.22
[libero_object_swap] task 3 ep 0 step 300/350 | elapsed=1.1m | eta=0.2m | sec_step=0.22
[libero_object_swap] task 3 ep 0 step 325/350 | elapsed=1.2m | eta=0.1m | sec_step=0.22
[libero_object_swap] task 3 ep 0 step 350/350 | elapsed=1.3m | eta=0.0m | sec_step=0.22
[libero_object_swap] task 3 ('pick up the bbq sauce and place it in the basket') ep 0: fail | episode_time=1.3m
[libero_object_swap] task 3 ep 1 start | max_steps=350 | instruction='pick up the bbq sauce and place it in the basket'
[libero_object_swap] task 3 ep 1 step 1/350 | elapsed=0.0m | eta=1.3m | sec_step=0.23
[libero_object_swap] task 3 ep 1 step 25/350 | elapsed=0.1m | eta=1.2m | sec_step=0.22
[libero_object_swap] task 3 ep 1 step 50/350 | elapsed=0.2m | eta=1.1m | sec_step=0.22
[libero_object_swap] task 3 ep 1 step 75/350 | elapsed=0.3m | eta=1.0m | sec_step=0.22
[libero_object_swap] task 3 ep 1 step 100/350 | elapsed=0.4m | eta=0.9m | sec_step=0.22
[libero_object_swap] task 3 ep 1 step 125/350 | elapsed=0.5m | eta=0.8m | sec_step=0.22
[libero_object_swap] task 3 ep 1 step 150/350 | elapsed=0.6m | eta=0.7m | sec_step=0.22
[libero_object_swap] task 3 ep 1 step 175/350 | elapsed=0.6m | eta=0.6m | sec_step=0.22
[libero_object_swap] task 3 ep 1 step 200/350 | elapsed=0.7m | eta=0.6m | sec_step=0.22
[libero_object_swap] task 3 ep 1 step 225/350 | elapsed=0.8m | eta=0.5m | sec_step=0.22
[libero_object_swap] task 3 ep 1 step 250/350 | elapsed=0.9m | eta=0.4m | sec_step=0.22
[libero_object_swap] task 3 ep 1 step 275/350 | elapsed=1.0m | eta=0.3m | sec_step=0.22
[libero_object_swap] task 3 ep 1 step 300/350 | elapsed=1.1m | eta=0.2m | sec_step=0.22
[libero_object_swap] task 3 ep 1 step 325/350 | elapsed=1.2m | eta=0.1m | sec_step=0.22
[libero_object_swap] task 3 ep 1 step 350/350 | elapsed=1.3m | eta=0.0m | sec_step=0.22
[libero_object_swap] task 3 ('pick up the bbq sauce and place it in the basket') ep 1: fail | episode_time=1.3m
[libero_object_swap] task 3 ep 2 start | max_steps=350 | instruction='pick up the bbq sauce and place it in the basket'
[libero_object_swap] task 3 ep 2 step 1/350 | elapsed=0.0m | eta=1.4m | sec_step=0.25
[libero_object_swap] task 3 ep 2 step 25/350 | elapsed=0.1m | eta=1.2m | sec_step=0.22
[libero_object_swap] task 3 ep 2 step 50/350 | elapsed=0.2m | eta=1.1m | sec_step=0.23
[libero_object_swap] task 3 ep 2 step 75/350 | elapsed=0.3m | eta=1.0m | sec_step=0.22
[libero_object_swap] task 3 ep 2 step 100/350 | elapsed=0.4m | eta=0.9m | sec_step=0.22
[libero_object_swap] task 3 ep 2 step 125/350 | elapsed=0.5m | eta=0.8m | sec_step=0.22
[libero_object_swap] task 3 ep 2 step 150/350 | elapsed=0.6m | eta=0.7m | sec_step=0.22
[libero_object_swap] task 3 ep 2 step 175/350 | elapsed=0.7m | eta=0.7m | sec_step=0.22
[libero_object_swap] task 3 ep 2 step 200/350 | elapsed=0.7m | eta=0.6m | sec_step=0.22
[libero_object_swap] task 3 ep 2 step 225/350 | elapsed=0.8m | eta=0.5m | sec_step=0.22
[libero_object_swap] task 3 ep 2 step 250/350 | elapsed=0.9m | eta=0.4m | sec_step=0.22
[libero_object_swap] task 3 ep 2 step 275/350 | elapsed=1.0m | eta=0.3m | sec_step=0.22
[libero_object_swap] task 3 ep 2 step 300/350 | elapsed=1.1m | eta=0.2m | sec_step=0.22
[libero_object_swap] task 3 ep 2 step 325/350 | elapsed=1.2m | eta=0.1m | sec_step=0.22
[libero_object_swap] task 3 ep 2 step 350/350 | elapsed=1.3m | eta=0.0m | sec_step=0.22
[libero_object_swap] task 3 ('pick up the bbq sauce and place it in the basket') ep 2: fail | episode_time=1.3m
[libero_object_swap] task 3 ep 3 start | max_steps=350 | instruction='pick up the bbq sauce and place it in the basket'
[libero_object_swap] task 3 ep 3 step 1/350 | elapsed=0.0m | eta=1.3m | sec_step=0.23
[libero_object_swap] task 3 ep 3 step 25/350 | elapsed=0.1m | eta=1.2m | sec_step=0.22
[libero_object_swap] task 3 ep 3 step 50/350 | elapsed=0.2m | eta=1.1m | sec_step=0.22
[libero_object_swap] task 3 ep 3 step 75/350 | elapsed=0.3m | eta=1.0m | sec_step=0.22
[libero_object_swap] task 3 ep 3 step 100/350 | elapsed=0.4m | eta=0.9m | sec_step=0.22
[libero_object_swap] task 3 ep 3 step 125/350 | elapsed=0.5m | eta=0.8m | sec_step=0.22
[libero_object_swap] task 3 ep 3 step 150/350 | elapsed=0.6m | eta=0.7m | sec_step=0.22
[libero_object_swap] task 3 ep 3 step 175/350 | elapsed=0.6m | eta=0.6m | sec_step=0.22
[libero_object_swap] task 3 ep 3 step 200/350 | elapsed=0.7m | eta=0.6m | sec_step=0.22
[libero_object_swap] task 3 ep 3 step 225/350 | elapsed=0.8m | eta=0.5m | sec_step=0.22
[libero_object_swap] task 3 ep 3 step 250/350 | elapsed=0.9m | eta=0.4m | sec_step=0.22
[libero_object_swap] task 3 ep 3 step 275/350 | elapsed=1.0m | eta=0.3m | sec_step=0.22
[libero_object_swap] task 3 ep 3 step 300/350 | elapsed=1.1m | eta=0.2m | sec_step=0.22
[libero_object_swap] task 3 ep 3 step 325/350 | elapsed=1.2m | eta=0.1m | sec_step=0.22
[libero_object_swap] task 3 ep 3 step 350/350 | elapsed=1.3m | eta=0.0m | sec_step=0.22
[libero_object_swap] task 3 ('pick up the bbq sauce and place it in the basket') ep 3: fail | episode_time=1.3m
[libero_object_swap] task 3 ep 4 start | max_steps=350 | instruction='pick up the bbq sauce and place it in the basket'
[libero_object_swap] task 3 ep 4 step 1/350 | elapsed=0.0m | eta=1.3m | sec_step=0.23
[libero_object_swap] task 3 ep 4 step 25/350 | elapsed=0.1m | eta=1.2m | sec_step=0.22
[libero_object_swap] task 3 ep 4 step 50/350 | elapsed=0.2m | eta=1.1m | sec_step=0.22
[libero_object_swap] task 3 ep 4 step 75/350 | elapsed=0.3m | eta=1.0m | sec_step=0.22
[libero_object_swap] task 3 ep 4 step 100/350 | elapsed=0.4m | eta=0.9m | sec_step=0.23
[libero_object_swap] task 3 ep 4 step 125/350 | elapsed=0.5m | eta=0.8m | sec_step=0.22
[libero_object_swap] task 3 ep 4 step 150/350 | elapsed=0.6m | eta=0.7m | sec_step=0.22
[libero_object_swap] task 3 ep 4 step 175/350 | elapsed=0.7m | eta=0.7m | sec_step=0.22
[libero_object_swap] task 3 ep 4 step 200/350 | elapsed=0.7m | eta=0.6m | sec_step=0.22
[libero_object_swap] task 3 ep 4 step 225/350 | elapsed=0.8m | eta=0.5m | sec_step=0.22
[libero_object_swap] task 3 ep 4 step 250/350 | elapsed=0.9m | eta=0.4m | sec_step=0.22
[libero_object_swap] task 3 ep 4 step 275/350 | elapsed=1.0m | eta=0.3m | sec_step=0.22
[libero_object_swap] task 3 ep 4 step 300/350 | elapsed=1.1m | eta=0.2m | sec_step=0.22
[libero_object_swap] task 3 ep 4 step 325/350 | elapsed=1.2m | eta=0.1m | sec_step=0.22
[libero_object_swap] task 3 ep 4 step 350/350 | elapsed=1.3m | eta=0.0m | sec_step=0.22
[libero_object_swap] task 3 ('pick up the bbq sauce and place it in the basket') ep 4: fail | episode_time=1.3m
[libero_object_swap] task 3 ep 5 start | max_steps=350 | instruction='pick up the bbq sauce and place it in the basket'
[libero_object_swap] task 3 ep 5 step 1/350 | elapsed=0.0m | eta=1.3m | sec_step=0.23
[libero_object_swap] task 3 ep 5 step 25/350 | elapsed=0.1m | eta=1.2m | sec_step=0.22
[libero_object_swap] task 3 ep 5 step 50/350 | elapsed=0.2m | eta=1.1m | sec_step=0.22
[libero_object_swap] task 3 ep 5 step 75/350 | elapsed=0.3m | eta=1.0m | sec_step=0.22
[libero_object_swap] task 3 ep 5 step 100/350 | elapsed=0.4m | eta=0.9m | sec_step=0.22
[libero_object_swap] task 3 ep 5 step 125/350 | elapsed=0.5m | eta=0.8m | sec_step=0.22
[libero_object_swap] task 3 ep 5 step 150/350 | elapsed=0.6m | eta=0.7m | sec_step=0.22
[libero_object_swap] task 3 ep 5 step 175/350 | elapsed=0.6m | eta=0.6m | sec_step=0.22
[libero_object_swap] task 3 ep 5 step 200/350 | elapsed=0.7m | eta=0.6m | sec_step=0.22
[libero_object_swap] task 3 ep 5 step 225/350 | elapsed=0.8m | eta=0.5m | sec_step=0.22
[libero_object_swap] task 3 ep 5 step 250/350 | elapsed=0.9m | eta=0.4m | sec_step=0.22
[libero_object_swap] task 3 ep 5 step 275/350 | elapsed=1.0m | eta=0.3m | sec_step=0.22
[libero_object_swap] task 3 ep 5 step 300/350 | elapsed=1.1m | eta=0.2m | sec_step=0.22
[libero_object_swap] task 3 ep 5 step 325/350 | elapsed=1.2m | eta=0.1m | sec_step=0.22
[libero_object_swap] task 3 ep 5 step 350/350 | elapsed=1.3m | eta=0.0m | sec_step=0.22
[libero_object_swap] task 3 ('pick up the bbq sauce and place it in the basket') ep 5: fail | episode_time=1.3m
[libero_object_swap] task 3 ep 6 start | max_steps=350 | instruction='pick up the bbq sauce and place it in the basket'
[libero_object_swap] task 3 ep 6 step 1/350 | elapsed=0.0m | eta=1.5m | sec_step=0.26
[libero_object_swap] task 3 ep 6 step 25/350 | elapsed=0.1m | eta=1.2m | sec_step=0.23
[libero_object_swap] task 3 ep 6 step 50/350 | elapsed=0.2m | eta=1.1m | sec_step=0.23
[libero_object_swap] task 3 ep 6 step 75/350 | elapsed=0.3m | eta=1.0m | sec_step=0.23
[libero_object_swap] task 3 ep 6 step 100/350 | elapsed=0.4m | eta=0.9m | sec_step=0.22
[libero_object_swap] task 3 ep 6 step 125/350 | elapsed=0.5m | eta=0.9m | sec_step=0.23
[libero_object_swap] task 3 ep 6 step 150/350 | elapsed=0.6m | eta=0.8m | sec_step=0.23
[libero_object_swap] task 3 ep 6 step 175/350 | elapsed=0.7m | eta=0.7m | sec_step=0.23
[libero_object_swap] task 3 ep 6 step 200/350 | elapsed=0.8m | eta=0.6m | sec_step=0.23
[libero_object_swap] task 3 ep 6 step 225/350 | elapsed=0.9m | eta=0.5m | sec_step=0.23
[libero_object_swap] task 3 ep 6 step 250/350 | elapsed=0.9m | eta=0.4m | sec_step=0.23
[libero_object_swap] task 3 ep 6 step 275/350 | elapsed=1.0m | eta=0.3m | sec_step=0.23
[libero_object_swap] task 3 ep 6 step 300/350 | elapsed=1.1m | eta=0.2m | sec_step=0.23
[libero_object_swap] task 3 ep 6 step 325/350 | elapsed=1.2m | eta=0.1m | sec_step=0.23
[libero_object_swap] task 3 ep 6 step 350/350 | elapsed=1.3m | eta=0.0m | sec_step=0.22
[libero_object_swap] task 3 ('pick up the bbq sauce and place it in the basket') ep 6: fail | episode_time=1.3m
[libero_object_swap] task 3 ep 7 start | max_steps=350 | instruction='pick up the bbq sauce and place it in the basket'
[libero_object_swap] task 3 ep 7 step 1/350 | elapsed=0.0m | eta=1.3m | sec_step=0.23
[libero_object_swap] task 3 ep 7 step 25/350 | elapsed=0.1m | eta=1.2m | sec_step=0.22
[libero_object_swap] task 3 ep 7 step 50/350 | elapsed=0.2m | eta=1.1m | sec_step=0.22
[libero_object_swap] task 3 ep 7 step 75/350 | elapsed=0.3m | eta=1.0m | sec_step=0.22
[libero_object_swap] task 3 ep 7 step 100/350 | elapsed=0.4m | eta=0.9m | sec_step=0.22
[libero_object_swap] task 3 ep 7 step 125/350 | elapsed=0.5m | eta=0.8m | sec_step=0.22
[libero_object_swap] task 3 ep 7 step 150/350 | elapsed=0.6m | eta=0.7m | sec_step=0.22
[libero_object_swap] task 3 ep 7 step 175/350 | elapsed=0.6m | eta=0.6m | sec_step=0.22
[libero_object_swap] task 3 ep 7 step 200/350 | elapsed=0.7m | eta=0.6m | sec_step=0.22
[libero_object_swap] task 3 ep 7 step 225/350 | elapsed=0.8m | eta=0.5m | sec_step=0.22
[libero_object_swap] task 3 ep 7 step 250/350 | elapsed=0.9m | eta=0.4m | sec_step=0.22
[libero_object_swap] task 3 ep 7 step 275/350 | elapsed=1.0m | eta=0.3m | sec_step=0.22
[libero_object_swap] task 3 ep 7 step 300/350 | elapsed=1.1m | eta=0.2m | sec_step=0.22
[libero_object_swap] task 3 ep 7 step 325/350 | elapsed=1.2m | eta=0.1m | sec_step=0.22
[libero_object_swap] task 3 ep 7 step 350/350 | elapsed=1.3m | eta=0.0m | sec_step=0.22
[libero_object_swap] task 3 ('pick up the bbq sauce and place it in the basket') ep 7: fail | episode_time=1.3m
[libero_object_swap] task 3 ep 8 start | max_steps=350 | instruction='pick up the bbq sauce and place it in the basket'
[libero_object_swap] task 3 ep 8 step 1/350 | elapsed=0.0m | eta=1.3m | sec_step=0.22
[libero_object_swap] task 3 ep 8 step 25/350 | elapsed=0.1m | eta=1.2m | sec_step=0.22
[libero_object_swap] task 3 ep 8 step 50/350 | elapsed=0.2m | eta=1.1m | sec_step=0.22
[libero_object_swap] task 3 ep 8 step 75/350 | elapsed=0.3m | eta=1.0m | sec_step=0.22
[libero_object_swap] task 3 ep 8 step 100/350 | elapsed=0.4m | eta=0.9m | sec_step=0.22
[libero_object_swap] task 3 ep 8 step 125/350 | elapsed=0.5m | eta=0.8m | sec_step=0.22
[libero_object_swap] task 3 ep 8 step 150/350 | elapsed=0.6m | eta=0.7m | sec_step=0.22
[libero_object_swap] task 3 ep 8 step 175/350 | elapsed=0.6m | eta=0.6m | sec_step=0.22
[libero_object_swap] task 3 ep 8 step 200/350 | elapsed=0.7m | eta=0.6m | sec_step=0.22
[libero_object_swap] task 3 ep 8 step 225/350 | elapsed=0.8m | eta=0.5m | sec_step=0.22
[libero_object_swap] task 3 ep 8 step 250/350 | elapsed=0.9m | eta=0.4m | sec_step=0.22
[libero_object_swap] task 3 ep 8 step 275/350 | elapsed=1.0m | eta=0.3m | sec_step=0.22
[libero_object_swap] task 3 ep 8 step 300/350 | elapsed=1.1m | eta=0.2m | sec_step=0.22
[libero_object_swap] task 3 ep 8 step 325/350 | elapsed=1.2m | eta=0.1m | sec_step=0.22
[libero_object_swap] task 3 ep 8 step 350/350 | elapsed=1.3m | eta=0.0m | sec_step=0.22
[libero_object_swap] task 3 ('pick up the bbq sauce and place it in the basket') ep 8: fail | episode_time=1.3m
[libero_object_swap] task 3 ep 9 start | max_steps=350 | instruction='pick up the bbq sauce and place it in the basket'
[libero_object_swap] task 3 ep 9 step 1/350 | elapsed=0.0m | eta=1.3m | sec_step=0.23
[libero_object_swap] task 3 ep 9 step 25/350 | elapsed=0.1m | eta=1.2m | sec_step=0.22
[libero_object_swap] task 3 ep 9 step 50/350 | elapsed=0.2m | eta=1.1m | sec_step=0.22
[libero_object_swap] task 3 ep 9 step 75/350 | elapsed=0.3m | eta=1.0m | sec_step=0.22
[libero_object_swap] task 3 ep 9 step 100/350 | elapsed=0.4m | eta=0.9m | sec_step=0.22
[libero_object_swap] task 3 ep 9 step 125/350 | elapsed=0.5m | eta=0.8m | sec_step=0.22
[libero_object_swap] task 3 ep 9 step 150/350 | elapsed=0.6m | eta=0.7m | sec_step=0.22
[libero_object_swap] task 3 ep 9 step 175/350 | elapsed=0.6m | eta=0.6m | sec_step=0.22
[libero_object_swap] task 3 ep 9 step 200/350 | elapsed=0.7m | eta=0.6m | sec_step=0.22
[libero_object_swap] task 3 ep 9 step 225/350 | elapsed=0.8m | eta=0.5m | sec_step=0.22
[libero_object_swap] task 3 ep 9 step 250/350 | elapsed=0.9m | eta=0.4m | sec_step=0.22
[libero_object_swap] task 3 ep 9 step 275/350 | elapsed=1.0m | eta=0.3m | sec_step=0.22
[libero_object_swap] task 3 ep 9 step 300/350 | elapsed=1.1m | eta=0.2m | sec_step=0.22
[libero_object_swap] task 3 ep 9 step 325/350 | elapsed=1.2m | eta=0.1m | sec_step=0.22
[libero_object_swap] task 3 ep 9 step 350/350 | elapsed=1.3m | eta=0.0m | sec_step=0.22
[libero_object_swap] task 3 ('pick up the bbq sauce and place it in the basket') ep 9: fail | episode_time=1.3m
[Warning]: datasets path /scratch/users/create/smrvmdo/projects/lapa-depth-modified-levi/datasets/LIBERO-PRO/libero/libero/datasets does not exist!
[libero_object_swap] task 4 ep 0 start | max_steps=350 | instruction='pick up the ketchup and place it in the basket'
[libero_object_swap] task 4 ep 0 step 1/350 | elapsed=0.0m | eta=1.3m | sec_step=0.23
[libero_object_swap] task 4 ep 0 step 25/350 | elapsed=0.1m | eta=1.2m | sec_step=0.22
[libero_object_swap] task 4 ep 0 step 50/350 | elapsed=0.2m | eta=1.1m | sec_step=0.22
[libero_object_swap] task 4 ep 0 step 75/350 | elapsed=0.3m | eta=1.0m | sec_step=0.22
[libero_object_swap] task 4 ep 0 step 100/350 | elapsed=0.4m | eta=0.9m | sec_step=0.22
[libero_object_swap] task 4 ep 0 step 125/350 | elapsed=0.5m | eta=0.8m | sec_step=0.22
[libero_object_swap] task 4 ep 0 step 150/350 | elapsed=0.6m | eta=0.7m | sec_step=0.22
[libero_object_swap] task 4 ep 0 step 175/350 | elapsed=0.6m | eta=0.6m | sec_step=0.22
[libero_object_swap] task 4 ep 0 step 200/350 | elapsed=0.7m | eta=0.6m | sec_step=0.22
[libero_object_swap] task 4 ep 0 step 225/350 | elapsed=0.8m | eta=0.5m | sec_step=0.22
[libero_object_swap] task 4 ep 0 step 250/350 | elapsed=0.9m | eta=0.4m | sec_step=0.22
[libero_object_swap] task 4 ep 0 step 275/350 | elapsed=1.0m | eta=0.3m | sec_step=0.22
[libero_object_swap] task 4 ep 0 step 300/350 | elapsed=1.1m | eta=0.2m | sec_step=0.22
[libero_object_swap] task 4 ep 0 step 325/350 | elapsed=1.2m | eta=0.1m | sec_step=0.22
[libero_object_swap] task 4 ep 0 step 350/350 | elapsed=1.3m | eta=0.0m | sec_step=0.22
[libero_object_swap] task 4 ('pick up the ketchup and place it in the basket') ep 0: fail | episode_time=1.3m
[libero_object_swap] task 4 ep 1 start | max_steps=350 | instruction='pick up the ketchup and place it in the basket'
[libero_object_swap] task 4 ep 1 step 1/350 | elapsed=0.0m | eta=1.3m | sec_step=0.23
[libero_object_swap] task 4 ep 1 step 25/350 | elapsed=0.1m | eta=1.2m | sec_step=0.22
[libero_object_swap] task 4 ep 1 step 50/350 | elapsed=0.2m | eta=1.1m | sec_step=0.22
[libero_object_swap] task 4 ep 1 step 75/350 | elapsed=0.3m | eta=1.0m | sec_step=0.22
[libero_object_swap] task 4 ep 1 step 100/350 | elapsed=0.4m | eta=0.9m | sec_step=0.22
[libero_object_swap] task 4 ep 1 step 125/350 | elapsed=0.5m | eta=0.8m | sec_step=0.22
[libero_object_swap] task 4 ep 1 step 150/350 | elapsed=0.6m | eta=0.7m | sec_step=0.22
[libero_object_swap] task 4 ep 1 step 175/350 | elapsed=0.6m | eta=0.6m | sec_step=0.22
[libero_object_swap] task 4 ep 1 step 200/350 | elapsed=0.7m | eta=0.6m | sec_step=0.22
[libero_object_swap] task 4 ep 1 step 225/350 | elapsed=0.8m | eta=0.5m | sec_step=0.22
[libero_object_swap] task 4 ep 1 step 250/350 | elapsed=0.9m | eta=0.4m | sec_step=0.22
[libero_object_swap] task 4 ep 1 step 275/350 | elapsed=1.0m | eta=0.3m | sec_step=0.22
[libero_object_swap] task 4 ep 1 step 300/350 | elapsed=1.1m | eta=0.2m | sec_step=0.22
[libero_object_swap] task 4 ep 1 step 325/350 | elapsed=1.2m | eta=0.1m | sec_step=0.22
[libero_object_swap] task 4 ep 1 step 350/350 | elapsed=1.3m | eta=0.0m | sec_step=0.22
[libero_object_swap] task 4 ('pick up the ketchup and place it in the basket') ep 1: fail | episode_time=1.3m
[libero_object_swap] task 4 ep 2 start | max_steps=350 | instruction='pick up the ketchup and place it in the basket'
[libero_object_swap] task 4 ep 2 step 1/350 | elapsed=0.0m | eta=1.3m | sec_step=0.23
[libero_object_swap] task 4 ep 2 step 25/350 | elapsed=0.1m | eta=1.2m | sec_step=0.22
[libero_object_swap] task 4 ep 2 step 50/350 | elapsed=0.2m | eta=1.1m | sec_step=0.22
[libero_object_swap] task 4 ep 2 step 75/350 | elapsed=0.3m | eta=1.0m | sec_step=0.22
[libero_object_swap] task 4 ep 2 step 100/350 | elapsed=0.4m | eta=0.9m | sec_step=0.22
[libero_object_swap] task 4 ep 2 step 125/350 | elapsed=0.5m | eta=0.8m | sec_step=0.22
[libero_object_swap] task 4 ep 2 step 150/350 | elapsed=0.6m | eta=0.7m | sec_step=0.22
[libero_object_swap] task 4 ep 2 step 175/350 | elapsed=0.6m | eta=0.6m | sec_step=0.22
[libero_object_swap] task 4 ep 2 step 200/350 | elapsed=0.7m | eta=0.6m | sec_step=0.22
[libero_object_swap] task 4 ep 2 step 225/350 | elapsed=0.8m | eta=0.5m | sec_step=0.22
[libero_object_swap] task 4 ep 2 step 250/350 | elapsed=0.9m | eta=0.4m | sec_step=0.22
[libero_object_swap] task 4 ep 2 step 275/350 | elapsed=1.0m | eta=0.3m | sec_step=0.22
[libero_object_swap] task 4 ep 2 step 300/350 | elapsed=1.1m | eta=0.2m | sec_step=0.22
[libero_object_swap] task 4 ep 2 step 325/350 | elapsed=1.2m | eta=0.1m | sec_step=0.22
[libero_object_swap] task 4 ep 2 step 350/350 | elapsed=1.3m | eta=0.0m | sec_step=0.22
[libero_object_swap] task 4 ('pick up the ketchup and place it in the basket') ep 2: fail | episode_time=1.3m
[libero_object_swap] task 4 ep 3 start | max_steps=350 | instruction='pick up the ketchup and place it in the basket'
[libero_object_swap] task 4 ep 3 step 1/350 | elapsed=0.0m | eta=1.3m | sec_step=0.23
[libero_object_swap] task 4 ep 3 step 25/350 | elapsed=0.1m | eta=1.2m | sec_step=0.22
[libero_object_swap] task 4 ep 3 step 50/350 | elapsed=0.2m | eta=1.1m | sec_step=0.22
[libero_object_swap] task 4 ep 3 step 75/350 | elapsed=0.3m | eta=1.0m | sec_step=0.22
[libero_object_swap] task 4 ep 3 step 100/350 | elapsed=0.4m | eta=0.9m | sec_step=0.22
[libero_object_swap] task 4 ep 3 step 125/350 | elapsed=0.5m | eta=0.8m | sec_step=0.22
[libero_object_swap] task 4 ep 3 step 150/350 | elapsed=0.6m | eta=0.7m | sec_step=0.22
[libero_object_swap] task 4 ep 3 step 175/350 | elapsed=0.6m | eta=0.6m | sec_step=0.22
[libero_object_swap] task 4 ep 3 step 200/350 | elapsed=0.7m | eta=0.6m | sec_step=0.22
[libero_object_swap] task 4 ep 3 step 225/350 | elapsed=0.8m | eta=0.5m | sec_step=0.22
[libero_object_swap] task 4 ep 3 step 250/350 | elapsed=0.9m | eta=0.4m | sec_step=0.22
[libero_object_swap] task 4 ep 3 step 275/350 | elapsed=1.0m | eta=0.3m | sec_step=0.22
[libero_object_swap] task 4 ep 3 step 300/350 | elapsed=1.1m | eta=0.2m | sec_step=0.22
[libero_object_swap] task 4 ep 3 step 325/350 | elapsed=1.2m | eta=0.1m | sec_step=0.22
[libero_object_swap] task 4 ep 3 step 350/350 | elapsed=1.3m | eta=0.0m | sec_step=0.22
[libero_object_swap] task 4 ('pick up the ketchup and place it in the basket') ep 3: fail | episode_time=1.3m
[libero_object_swap] task 4 ep 4 start | max_steps=350 | instruction='pick up the ketchup and place it in the basket'
[libero_object_swap] task 4 ep 4 step 1/350 | elapsed=0.0m | eta=4.4m | sec_step=0.76
[libero_object_swap] task 4 ep 4 step 25/350 | elapsed=0.1m | eta=1.3m | sec_step=0.24
[libero_object_swap] task 4 ep 4 step 50/350 | elapsed=0.2m | eta=1.2m | sec_step=0.23
[libero_object_swap] task 4 ep 4 step 75/350 | elapsed=0.3m | eta=1.0m | sec_step=0.23
[libero_object_swap] task 4 ep 4 step 100/350 | elapsed=0.4m | eta=0.9m | sec_step=0.23
[libero_object_swap] task 4 ep 4 step 125/350 | elapsed=0.5m | eta=0.8m | sec_step=0.23
[libero_object_swap] task 4 ep 4 step 150/350 | elapsed=0.6m | eta=0.7m | sec_step=0.22
[libero_object_swap] task 4 ep 4 step 175/350 | elapsed=0.7m | eta=0.7m | sec_step=0.22
[libero_object_swap] task 4 ep 4 step 200/350 | elapsed=0.7m | eta=0.6m | sec_step=0.22
[libero_object_swap] task 4 ep 4 step 225/350 | elapsed=0.8m | eta=0.5m | sec_step=0.22
[libero_object_swap] task 4 ep 4 step 250/350 | elapsed=0.9m | eta=0.4m | sec_step=0.22
[libero_object_swap] task 4 ep 4 step 275/350 | elapsed=1.0m | eta=0.3m | sec_step=0.22
[libero_object_swap] task 4 ep 4 step 300/350 | elapsed=1.1m | eta=0.2m | sec_step=0.22
[libero_object_swap] task 4 ep 4 step 325/350 | elapsed=1.2m | eta=0.1m | sec_step=0.22
[libero_object_swap] task 4 ep 4 step 350/350 | elapsed=1.3m | eta=0.0m | sec_step=0.22
[libero_object_swap] task 4 ('pick up the ketchup and place it in the basket') ep 4: fail | episode_time=1.3m
[libero_object_swap] task 4 ep 5 start | max_steps=350 | instruction='pick up the ketchup and place it in the basket'
[libero_object_swap] task 4 ep 5 step 1/350 | elapsed=0.0m | eta=2.1m | sec_step=0.36
[libero_object_swap] task 4 ep 5 step 25/350 | elapsed=0.1m | eta=1.2m | sec_step=0.22
[libero_object_swap] task 4 ep 5 step 50/350 | elapsed=0.2m | eta=1.1m | sec_step=0.22
[libero_object_swap] task 4 ep 5 step 75/350 | elapsed=0.3m | eta=1.0m | sec_step=0.22
[libero_object_swap] task 4 ep 5 step 100/350 | elapsed=0.4m | eta=0.9m | sec_step=0.22
[libero_object_swap] task 4 ep 5 step 125/350 | elapsed=0.5m | eta=0.8m | sec_step=0.22
[libero_object_swap] task 4 ep 5 step 150/350 | elapsed=0.6m | eta=0.7m | sec_step=0.22
[libero_object_swap] task 4 ep 5 step 175/350 | elapsed=0.6m | eta=0.6m | sec_step=0.22
[libero_object_swap] task 4 ep 5 step 200/350 | elapsed=0.7m | eta=0.6m | sec_step=0.22
[libero_object_swap] task 4 ep 5 step 225/350 | elapsed=0.8m | eta=0.5m | sec_step=0.22
[libero_object_swap] task 4 ep 5 step 250/350 | elapsed=0.9m | eta=0.4m | sec_step=0.22
[libero_object_swap] task 4 ep 5 step 275/350 | elapsed=1.0m | eta=0.3m | sec_step=0.22
[libero_object_swap] task 4 ep 5 step 300/350 | elapsed=1.1m | eta=0.2m | sec_step=0.22
[libero_object_swap] task 4 ep 5 step 325/350 | elapsed=1.2m | eta=0.1m | sec_step=0.22
[libero_object_swap] task 4 ep 5 step 350/350 | elapsed=1.3m | eta=0.0m | sec_step=0.22
[libero_object_swap] task 4 ('pick up the ketchup and place it in the basket') ep 5: fail | episode_time=1.3m
[libero_object_swap] task 4 ep 6 start | max_steps=350 | instruction='pick up the ketchup and place it in the basket'
[libero_object_swap] task 4 ep 6 step 1/350 | elapsed=0.0m | eta=1.3m | sec_step=0.22
[libero_object_swap] task 4 ep 6 step 25/350 | elapsed=0.1m | eta=1.2m | sec_step=0.22
[libero_object_swap] task 4 ep 6 step 50/350 | elapsed=0.2m | eta=1.1m | sec_step=0.22
[libero_object_swap] task 4 ep 6 step 75/350 | elapsed=0.3m | eta=1.0m | sec_step=0.22
[libero_object_swap] task 4 ep 6 step 100/350 | elapsed=0.4m | eta=0.9m | sec_step=0.22
[libero_object_swap] task 4 ep 6 step 125/350 | elapsed=0.5m | eta=0.8m | sec_step=0.22
[libero_object_swap] task 4 ep 6 step 150/350 | elapsed=0.6m | eta=0.7m | sec_step=0.22
[libero_object_swap] task 4 ep 6 step 175/350 | elapsed=0.6m | eta=0.6m | sec_step=0.22
[libero_object_swap] task 4 ep 6 step 200/350 | elapsed=0.7m | eta=0.6m | sec_step=0.22
[libero_object_swap] task 4 ep 6 step 225/350 | elapsed=0.8m | eta=0.5m | sec_step=0.22
[libero_object_swap] task 4 ep 6 step 250/350 | elapsed=0.9m | eta=0.4m | sec_step=0.22
[libero_object_swap] task 4 ep 6 step 275/350 | elapsed=1.0m | eta=0.3m | sec_step=0.22
[libero_object_swap] task 4 ep 6 step 300/350 | elapsed=1.1m | eta=0.2m | sec_step=0.22
[libero_object_swap] task 4 ep 6 step 325/350 | elapsed=1.2m | eta=0.1m | sec_step=0.22
[libero_object_swap] task 4 ep 6 step 350/350 | elapsed=1.3m | eta=0.0m | sec_step=0.22
[libero_object_swap] task 4 ('pick up the ketchup and place it in the basket') ep 6: fail | episode_time=1.3m
[libero_object_swap] task 4 ep 7 start | max_steps=350 | instruction='pick up the ketchup and place it in the basket'
[libero_object_swap] task 4 ep 7 step 1/350 | elapsed=0.0m | eta=1.3m | sec_step=0.23
[libero_object_swap] task 4 ep 7 step 25/350 | elapsed=0.1m | eta=1.2m | sec_step=0.22
[libero_object_swap] task 4 ep 7 step 50/350 | elapsed=0.2m | eta=1.1m | sec_step=0.22
[libero_object_swap] task 4 ep 7 step 75/350 | elapsed=0.3m | eta=1.0m | sec_step=0.22
[libero_object_swap] task 4 ep 7 step 100/350 | elapsed=0.4m | eta=0.9m | sec_step=0.22
[libero_object_swap] task 4 ep 7 step 125/350 | elapsed=0.5m | eta=0.8m | sec_step=0.22
[libero_object_swap] task 4 ep 7 step 150/350 | elapsed=0.6m | eta=0.7m | sec_step=0.22
[libero_object_swap] task 4 ep 7 step 175/350 | elapsed=0.7m | eta=0.7m | sec_step=0.22
[libero_object_swap] task 4 ep 7 step 200/350 | elapsed=0.7m | eta=0.6m | sec_step=0.22
[libero_object_swap] task 4 ep 7 step 225/350 | elapsed=0.8m | eta=0.5m | sec_step=0.22
[libero_object_swap] task 4 ep 7 step 250/350 | elapsed=0.9m | eta=0.4m | sec_step=0.22
[libero_object_swap] task 4 ep 7 step 275/350 | elapsed=1.0m | eta=0.3m | sec_step=0.22
[libero_object_swap] task 4 ep 7 step 300/350 | elapsed=1.1m | eta=0.2m | sec_step=0.22
[libero_object_swap] task 4 ep 7 step 325/350 | elapsed=1.2m | eta=0.1m | sec_step=0.22
[libero_object_swap] task 4 ep 7 step 350/350 | elapsed=1.3m | eta=0.0m | sec_step=0.22
[libero_object_swap] task 4 ('pick up the ketchup and place it in the basket') ep 7: fail | episode_time=1.3m
[libero_object_swap] task 4 ep 8 start | max_steps=350 | instruction='pick up the ketchup and place it in the basket'
[libero_object_swap] task 4 ep 8 step 1/350 | elapsed=0.0m | eta=1.4m | sec_step=0.23
[libero_object_swap] task 4 ep 8 step 25/350 | elapsed=0.1m | eta=1.2m | sec_step=0.22
[libero_object_swap] task 4 ep 8 step 50/350 | elapsed=0.2m | eta=1.1m | sec_step=0.22
[libero_object_swap] task 4 ep 8 step 75/350 | elapsed=0.3m | eta=1.0m | sec_step=0.22
[libero_object_swap] task 4 ep 8 step 100/350 | elapsed=0.4m | eta=0.9m | sec_step=0.22
[libero_object_swap] task 4 ep 8 step 125/350 | elapsed=0.5m | eta=0.8m | sec_step=0.22
[libero_object_swap] task 4 ep 8 step 150/350 | elapsed=0.6m | eta=0.7m | sec_step=0.22
[libero_object_swap] task 4 ep 8 step 175/350 | elapsed=0.6m | eta=0.6m | sec_step=0.22
[libero_object_swap] task 4 ep 8 step 200/350 | elapsed=0.7m | eta=0.6m | sec_step=0.22
[libero_object_swap] task 4 ep 8 step 225/350 | elapsed=0.8m | eta=0.5m | sec_step=0.22
[libero_object_swap] task 4 ep 8 step 250/350 | elapsed=0.9m | eta=0.4m | sec_step=0.22
[libero_object_swap] task 4 ep 8 step 275/350 | elapsed=1.0m | eta=0.3m | sec_step=0.22
[libero_object_swap] task 4 ep 8 step 300/350 | elapsed=1.1m | eta=0.2m | sec_step=0.22
[libero_object_swap] task 4 ep 8 step 325/350 | elapsed=1.2m | eta=0.1m | sec_step=0.22
[libero_object_swap] task 4 ep 8 step 350/350 | elapsed=1.3m | eta=0.0m | sec_step=0.22
[libero_object_swap] task 4 ('pick up the ketchup and place it in the basket') ep 8: fail | episode_time=1.3m
[libero_object_swap] task 4 ep 9 start | max_steps=350 | instruction='pick up the ketchup and place it in the basket'
[libero_object_swap] task 4 ep 9 step 1/350 | elapsed=0.0m | eta=1.4m | sec_step=0.23
[libero_object_swap] task 4 ep 9 step 25/350 | elapsed=0.1m | eta=1.2m | sec_step=0.22
[libero_object_swap] task 4 ep 9 step 50/350 | elapsed=0.2m | eta=1.1m | sec_step=0.22
[libero_object_swap] task 4 ep 9 step 75/350 | elapsed=0.3m | eta=1.0m | sec_step=0.22
[libero_object_swap] task 4 ep 9 step 100/350 | elapsed=0.4m | eta=0.9m | sec_step=0.22
[libero_object_swap] task 4 ep 9 step 125/350 | elapsed=0.5m | eta=0.8m | sec_step=0.22
[libero_object_swap] task 4 ep 9 step 150/350 | elapsed=0.6m | eta=0.7m | sec_step=0.22
[libero_object_swap] task 4 ep 9 step 175/350 | elapsed=0.6m | eta=0.6m | sec_step=0.22
[libero_object_swap] task 4 ep 9 step 200/350 | elapsed=0.7m | eta=0.6m | sec_step=0.22
[libero_object_swap] task 4 ep 9 step 225/350 | elapsed=0.8m | eta=0.5m | sec_step=0.22
[libero_object_swap] task 4 ep 9 step 250/350 | elapsed=0.9m | eta=0.4m | sec_step=0.22
[libero_object_swap] task 4 ep 9 step 275/350 | elapsed=1.0m | eta=0.3m | sec_step=0.22
[libero_object_swap] task 4 ep 9 step 300/350 | elapsed=1.1m | eta=0.2m | sec_step=0.22
[libero_object_swap] task 4 ep 9 step 325/350 | elapsed=1.2m | eta=0.1m | sec_step=0.22
[libero_object_swap] task 4 ep 9 step 350/350 | elapsed=1.3m | eta=0.0m | sec_step=0.22
[libero_object_swap] task 4 ('pick up the ketchup and place it in the basket') ep 9: fail | episode_time=1.3m
[Warning]: datasets path /scratch/users/create/smrvmdo/projects/lapa-depth-modified-levi/datasets/LIBERO-PRO/libero/libero/datasets does not exist!
[libero_object_swap] task 5 ep 0 start | max_steps=350 | instruction='pick up the tomato sauce and place it in the basket'
[libero_object_swap] task 5 ep 0 step 1/350 | elapsed=0.0m | eta=1.3m | sec_step=0.23
[libero_object_swap] task 5 ep 0 step 25/350 | elapsed=0.1m | eta=1.2m | sec_step=0.22
[libero_object_swap] task 5 ep 0 step 50/350 | elapsed=0.2m | eta=1.1m | sec_step=0.22
[libero_object_swap] task 5 ep 0 step 75/350 | elapsed=0.3m | eta=1.0m | sec_step=0.22
[libero_object_swap] task 5 ep 0 step 100/350 | elapsed=0.4m | eta=0.9m | sec_step=0.22
[libero_object_swap] task 5 ep 0 step 125/350 | elapsed=0.5m | eta=0.8m | sec_step=0.22
[libero_object_swap] task 5 ep 0 step 150/350 | elapsed=0.6m | eta=0.7m | sec_step=0.22
[libero_object_swap] task 5 ep 0 step 175/350 | elapsed=0.6m | eta=0.6m | sec_step=0.22
[libero_object_swap] task 5 ep 0 step 200/350 | elapsed=0.7m | eta=0.6m | sec_step=0.22
[libero_object_swap] task 5 ep 0 step 225/350 | elapsed=0.8m | eta=0.5m | sec_step=0.22
[libero_object_swap] task 5 ep 0 step 250/350 | elapsed=0.9m | eta=0.4m | sec_step=0.22
[libero_object_swap] task 5 ep 0 step 275/350 | elapsed=1.0m | eta=0.3m | sec_step=0.22
[libero_object_swap] task 5 ep 0 step 300/350 | elapsed=1.1m | eta=0.2m | sec_step=0.22
[libero_object_swap] task 5 ep 0 step 325/350 | elapsed=1.2m | eta=0.1m | sec_step=0.22
[libero_object_swap] task 5 ep 0 step 350/350 | elapsed=1.3m | eta=0.0m | sec_step=0.22
[libero_object_swap] task 5 ('pick up the tomato sauce and place it in the basket') ep 0: fail | episode_time=1.3m
[libero_object_swap] task 5 ep 1 start | max_steps=350 | instruction='pick up the tomato sauce and place it in the basket'
[libero_object_swap] task 5 ep 1 step 1/350 | elapsed=0.0m | eta=1.3m | sec_step=0.23
[libero_object_swap] task 5 ep 1 step 25/350 | elapsed=0.1m | eta=1.2m | sec_step=0.22
[libero_object_swap] task 5 ep 1 step 50/350 | elapsed=0.2m | eta=1.1m | sec_step=0.22
[libero_object_swap] task 5 ep 1 step 75/350 | elapsed=0.3m | eta=1.0m | sec_step=0.22
[libero_object_swap] task 5 ep 1 step 100/350 | elapsed=0.4m | eta=0.9m | sec_step=0.22
[libero_object_swap] task 5 ep 1 step 125/350 | elapsed=0.5m | eta=0.8m | sec_step=0.22
[libero_object_swap] task 5 ep 1 step 150/350 | elapsed=0.6m | eta=0.7m | sec_step=0.22
[libero_object_swap] task 5 ep 1 step 175/350 | elapsed=0.7m | eta=0.7m | sec_step=0.22
[libero_object_swap] task 5 ep 1 step 200/350 | elapsed=0.7m | eta=0.6m | sec_step=0.22
[libero_object_swap] task 5 ep 1 step 225/350 | elapsed=0.8m | eta=0.5m | sec_step=0.22
[libero_object_swap] task 5 ep 1 step 250/350 | elapsed=0.9m | eta=0.4m | sec_step=0.23
[libero_object_swap] task 5 ep 1 step 275/350 | elapsed=1.0m | eta=0.3m | sec_step=0.23
[libero_object_swap] task 5 ep 1 step 300/350 | elapsed=1.1m | eta=0.2m | sec_step=0.23
[libero_object_swap] task 5 ep 1 step 325/350 | elapsed=1.2m | eta=0.1m | sec_step=0.23
[libero_object_swap] task 5 ep 1 step 350/350 | elapsed=1.3m | eta=0.0m | sec_step=0.22
[libero_object_swap] task 5 ('pick up the tomato sauce and place it in the basket') ep 1: fail | episode_time=1.3m
[libero_object_swap] task 5 ep 2 start | max_steps=350 | instruction='pick up the tomato sauce and place it in the basket'
[libero_object_swap] task 5 ep 2 step 1/350 | elapsed=0.0m | eta=1.3m | sec_step=0.23
[libero_object_swap] task 5 ep 2 step 25/350 | elapsed=0.1m | eta=1.2m | sec_step=0.22
[libero_object_swap] task 5 ep 2 step 50/350 | elapsed=0.2m | eta=1.1m | sec_step=0.22
[libero_object_swap] task 5 ep 2 step 75/350 | elapsed=0.3m | eta=1.0m | sec_step=0.22
[libero_object_swap] task 5 ep 2 step 100/350 | elapsed=0.4m | eta=0.9m | sec_step=0.22
[libero_object_swap] task 5 ep 2 step 125/350 | elapsed=0.5m | eta=0.8m | sec_step=0.22
[libero_object_swap] task 5 ep 2 step 150/350 | elapsed=0.6m | eta=0.7m | sec_step=0.22
[libero_object_swap] task 5 ep 2 step 175/350 | elapsed=0.6m | eta=0.6m | sec_step=0.22
[libero_object_swap] task 5 ep 2 step 200/350 | elapsed=0.7m | eta=0.6m | sec_step=0.22
[libero_object_swap] task 5 ep 2 step 225/350 | elapsed=0.8m | eta=0.5m | sec_step=0.22
[libero_object_swap] task 5 ep 2 step 250/350 | elapsed=0.9m | eta=0.4m | sec_step=0.22
[libero_object_swap] task 5 ep 2 step 275/350 | elapsed=1.0m | eta=0.3m | sec_step=0.22
[libero_object_swap] task 5 ep 2 step 300/350 | elapsed=1.1m | eta=0.2m | sec_step=0.22
[libero_object_swap] task 5 ep 2 step 325/350 | elapsed=1.2m | eta=0.1m | sec_step=0.22
[libero_object_swap] task 5 ep 2 step 350/350 | elapsed=1.3m | eta=0.0m | sec_step=0.22
[libero_object_swap] task 5 ('pick up the tomato sauce and place it in the basket') ep 2: fail | episode_time=1.3m
[libero_object_swap] task 5 ep 3 start | max_steps=350 | instruction='pick up the tomato sauce and place it in the basket'
[libero_object_swap] task 5 ep 3 step 1/350 | elapsed=0.0m | eta=1.4m | sec_step=0.23
[libero_object_swap] task 5 ep 3 step 25/350 | elapsed=0.1m | eta=1.2m | sec_step=0.22
[libero_object_swap] task 5 ep 3 step 50/350 | elapsed=0.2m | eta=1.1m | sec_step=0.22
[libero_object_swap] task 5 ep 3 step 75/350 | elapsed=0.3m | eta=1.0m | sec_step=0.22
[libero_object_swap] task 5 ep 3 step 100/350 | elapsed=0.4m | eta=0.9m | sec_step=0.22
[libero_object_swap] task 5 ep 3 step 125/350 | elapsed=0.5m | eta=0.8m | sec_step=0.22
[libero_object_swap] task 5 ep 3 step 150/350 | elapsed=0.6m | eta=0.7m | sec_step=0.22
[libero_object_swap] task 5 ep 3 step 175/350 | elapsed=0.6m | eta=0.6m | sec_step=0.22
[libero_object_swap] task 5 ep 3 step 200/350 | elapsed=0.7m | eta=0.6m | sec_step=0.22
[libero_object_swap] task 5 ep 3 step 225/350 | elapsed=0.8m | eta=0.5m | sec_step=0.22
[libero_object_swap] task 5 ep 3 step 250/350 | elapsed=0.9m | eta=0.4m | sec_step=0.22
[libero_object_swap] task 5 ep 3 step 275/350 | elapsed=1.0m | eta=0.3m | sec_step=0.22
[libero_object_swap] task 5 ep 3 step 300/350 | elapsed=1.1m | eta=0.2m | sec_step=0.22
[libero_object_swap] task 5 ep 3 step 325/350 | elapsed=1.2m | eta=0.1m | sec_step=0.22
[libero_object_swap] task 5 ep 3 step 350/350 | elapsed=1.3m | eta=0.0m | sec_step=0.22
[libero_object_swap] task 5 ('pick up the tomato sauce and place it in the basket') ep 3: fail | episode_time=1.3m
[libero_object_swap] task 5 ep 4 start | max_steps=350 | instruction='pick up the tomato sauce and place it in the basket'
[libero_object_swap] task 5 ep 4 step 1/350 | elapsed=0.0m | eta=1.3m | sec_step=0.23
[libero_object_swap] task 5 ep 4 step 25/350 | elapsed=0.1m | eta=1.2m | sec_step=0.22
[libero_object_swap] task 5 ep 4 step 50/350 | elapsed=0.2m | eta=1.1m | sec_step=0.22
[libero_object_swap] task 5 ep 4 step 75/350 | elapsed=0.3m | eta=1.0m | sec_step=0.22
[libero_object_swap] task 5 ep 4 step 100/350 | elapsed=0.4m | eta=0.9m | sec_step=0.22
[libero_object_swap] task 5 ep 4 step 125/350 | elapsed=0.5m | eta=0.8m | sec_step=0.22
[libero_object_swap] task 5 ep 4 step 150/350 | elapsed=0.6m | eta=0.7m | sec_step=0.22
[libero_object_swap] task 5 ep 4 step 175/350 | elapsed=0.6m | eta=0.6m | sec_step=0.22
[libero_object_swap] task 5 ep 4 step 200/350 | elapsed=0.7m | eta=0.6m | sec_step=0.22
[libero_object_swap] task 5 ep 4 step 225/350 | elapsed=0.8m | eta=0.5m | sec_step=0.22
[libero_object_swap] task 5 ep 4 step 250/350 | elapsed=0.9m | eta=0.4m | sec_step=0.22
[libero_object_swap] task 5 ep 4 step 275/350 | elapsed=1.0m | eta=0.3m | sec_step=0.22
[libero_object_swap] task 5 ep 4 step 300/350 | elapsed=1.1m | eta=0.2m | sec_step=0.22
[libero_object_swap] task 5 ep 4 step 325/350 | elapsed=1.2m | eta=0.1m | sec_step=0.22
[libero_object_swap] task 5 ep 4 step 350/350 | elapsed=1.3m | eta=0.0m | sec_step=0.22
[libero_object_swap] task 5 ('pick up the tomato sauce and place it in the basket') ep 4: fail | episode_time=1.3m
[libero_object_swap] task 5 ep 5 start | max_steps=350 | instruction='pick up the tomato sauce and place it in the basket'
[libero_object_swap] task 5 ep 5 step 1/350 | elapsed=0.0m | eta=1.3m | sec_step=0.23
[libero_object_swap] task 5 ep 5 step 25/350 | elapsed=0.1m | eta=1.2m | sec_step=0.22
[libero_object_swap] task 5 ep 5 step 50/350 | elapsed=0.2m | eta=1.1m | sec_step=0.22
[libero_object_swap] task 5 ep 5 step 75/350 | elapsed=0.3m | eta=1.0m | sec_step=0.22
[libero_object_swap] task 5 ep 5 step 100/350 | elapsed=0.4m | eta=0.9m | sec_step=0.22
[libero_object_swap] task 5 ep 5 step 125/350 | elapsed=0.5m | eta=0.8m | sec_step=0.22
[libero_object_swap] task 5 ep 5 step 150/350 | elapsed=0.6m | eta=0.7m | sec_step=0.22
[libero_object_swap] task 5 ep 5 step 175/350 | elapsed=0.6m | eta=0.6m | sec_step=0.22
[libero_object_swap] task 5 ep 5 step 200/350 | elapsed=0.7m | eta=0.6m | sec_step=0.22
[libero_object_swap] task 5 ep 5 step 225/350 | elapsed=0.8m | eta=0.5m | sec_step=0.22
[libero_object_swap] task 5 ep 5 step 250/350 | elapsed=0.9m | eta=0.4m | sec_step=0.22
[libero_object_swap] task 5 ep 5 step 275/350 | elapsed=1.0m | eta=0.3m | sec_step=0.22
[libero_object_swap] task 5 ep 5 step 300/350 | elapsed=1.1m | eta=0.2m | sec_step=0.22
[libero_object_swap] task 5 ep 5 step 325/350 | elapsed=1.2m | eta=0.1m | sec_step=0.22
[libero_object_swap] task 5 ep 5 step 350/350 | elapsed=1.3m | eta=0.0m | sec_step=0.22
[libero_object_swap] task 5 ('pick up the tomato sauce and place it in the basket') ep 5: fail | episode_time=1.3m
[libero_object_swap] task 5 ep 6 start | max_steps=350 | instruction='pick up the tomato sauce and place it in the basket'
[libero_object_swap] task 5 ep 6 step 1/350 | elapsed=0.0m | eta=1.4m | sec_step=0.24
[libero_object_swap] task 5 ep 6 step 25/350 | elapsed=0.1m | eta=1.2m | sec_step=0.22
[libero_object_swap] task 5 ep 6 step 50/350 | elapsed=0.2m | eta=1.1m | sec_step=0.22
[libero_object_swap] task 5 ep 6 step 75/350 | elapsed=0.3m | eta=1.0m | sec_step=0.22
[libero_object_swap] task 5 ep 6 step 100/350 | elapsed=0.4m | eta=0.9m | sec_step=0.22
[libero_object_swap] task 5 ep 6 step 125/350 | elapsed=0.5m | eta=0.8m | sec_step=0.22
[libero_object_swap] task 5 ep 6 step 150/350 | elapsed=0.6m | eta=0.7m | sec_step=0.22
[libero_object_swap] task 5 ep 6 step 175/350 | elapsed=0.6m | eta=0.6m | sec_step=0.22
[libero_object_swap] task 5 ep 6 step 200/350 | elapsed=0.7m | eta=0.6m | sec_step=0.22
[libero_object_swap] task 5 ep 6 step 225/350 | elapsed=0.8m | eta=0.5m | sec_step=0.22
[libero_object_swap] task 5 ep 6 step 250/350 | elapsed=0.9m | eta=0.4m | sec_step=0.22
[libero_object_swap] task 5 ep 6 step 275/350 | elapsed=1.0m | eta=0.3m | sec_step=0.22
[libero_object_swap] task 5 ep 6 step 300/350 | elapsed=1.1m | eta=0.2m | sec_step=0.22
[libero_object_swap] task 5 ep 6 step 325/350 | elapsed=1.2m | eta=0.1m | sec_step=0.22
[libero_object_swap] task 5 ep 6 step 350/350 | elapsed=1.3m | eta=0.0m | sec_step=0.22
[libero_object_swap] task 5 ('pick up the tomato sauce and place it in the basket') ep 6: fail | episode_time=1.3m
[libero_object_swap] task 5 ep 7 start | max_steps=350 | instruction='pick up the tomato sauce and place it in the basket'
[libero_object_swap] task 5 ep 7 step 1/350 | elapsed=0.0m | eta=1.4m | sec_step=0.24
[libero_object_swap] task 5 ep 7 step 25/350 | elapsed=0.1m | eta=1.2m | sec_step=0.22
[libero_object_swap] task 5 ep 7 step 50/350 | elapsed=0.2m | eta=1.1m | sec_step=0.23
[libero_object_swap] task 5 ep 7 step 75/350 | elapsed=0.3m | eta=1.0m | sec_step=0.23
[libero_object_swap] task 5 ep 7 step 100/350 | elapsed=0.4m | eta=0.9m | sec_step=0.22
[libero_object_swap] task 5 ep 7 step 125/350 | elapsed=0.5m | eta=0.8m | sec_step=0.22
[libero_object_swap] task 5 ep 7 step 150/350 | elapsed=0.6m | eta=0.7m | sec_step=0.22
[libero_object_swap] task 5 ep 7 step 175/350 | elapsed=0.6m | eta=0.6m | sec_step=0.22
[libero_object_swap] task 5 ep 7 step 200/350 | elapsed=0.7m | eta=0.6m | sec_step=0.22
[libero_object_swap] task 5 ep 7 step 225/350 | elapsed=0.8m | eta=0.5m | sec_step=0.22
[libero_object_swap] task 5 ep 7 step 250/350 | elapsed=0.9m | eta=0.4m | sec_step=0.22
[libero_object_swap] task 5 ep 7 step 275/350 | elapsed=1.0m | eta=0.3m | sec_step=0.22
[libero_object_swap] task 5 ep 7 step 300/350 | elapsed=1.1m | eta=0.2m | sec_step=0.22
[libero_object_swap] task 5 ep 7 step 325/350 | elapsed=1.2m | eta=0.1m | sec_step=0.22
[libero_object_swap] task 5 ep 7 step 350/350 | elapsed=1.3m | eta=0.0m | sec_step=0.22
[libero_object_swap] task 5 ('pick up the tomato sauce and place it in the basket') ep 7: fail | episode_time=1.3m
[libero_object_swap] task 5 ep 8 start | max_steps=350 | instruction='pick up the tomato sauce and place it in the basket'
[libero_object_swap] task 5 ep 8 step 1/350 | elapsed=0.0m | eta=1.7m | sec_step=0.30
[libero_object_swap] task 5 ep 8 step 25/350 | elapsed=0.1m | eta=1.2m | sec_step=0.22
[libero_object_swap] task 5 ep 8 step 50/350 | elapsed=0.2m | eta=1.1m | sec_step=0.22
[libero_object_swap] task 5 ep 8 step 75/350 | elapsed=0.3m | eta=1.0m | sec_step=0.22
[libero_object_swap] task 5 ep 8 step 100/350 | elapsed=0.4m | eta=0.9m | sec_step=0.22
[libero_object_swap] task 5 ep 8 step 125/350 | elapsed=0.5m | eta=0.8m | sec_step=0.22
[libero_object_swap] task 5 ep 8 step 150/350 | elapsed=0.6m | eta=0.7m | sec_step=0.22
[libero_object_swap] task 5 ep 8 step 175/350 | elapsed=0.6m | eta=0.6m | sec_step=0.22
[libero_object_swap] task 5 ep 8 step 200/350 | elapsed=0.7m | eta=0.6m | sec_step=0.22
[libero_object_swap] task 5 ep 8 step 225/350 | elapsed=0.8m | eta=0.5m | sec_step=0.22
[libero_object_swap] task 5 ep 8 step 250/350 | elapsed=0.9m | eta=0.4m | sec_step=0.22
[libero_object_swap] task 5 ep 8 step 275/350 | elapsed=1.0m | eta=0.3m | sec_step=0.22
[libero_object_swap] task 5 ep 8 step 300/350 | elapsed=1.1m | eta=0.2m | sec_step=0.22
[libero_object_swap] task 5 ep 8 step 325/350 | elapsed=1.2m | eta=0.1m | sec_step=0.22
[libero_object_swap] task 5 ep 8 step 350/350 | elapsed=1.3m | eta=0.0m | sec_step=0.22
[libero_object_swap] task 5 ('pick up the tomato sauce and place it in the basket') ep 8: fail | episode_time=1.3m
[libero_object_swap] task 5 ep 9 start | max_steps=350 | instruction='pick up the tomato sauce and place it in the basket'
[libero_object_swap] task 5 ep 9 step 1/350 | elapsed=0.0m | eta=1.9m | sec_step=0.33
[libero_object_swap] task 5 ep 9 step 25/350 | elapsed=0.1m | eta=1.2m | sec_step=0.23
[libero_object_swap] task 5 ep 9 step 50/350 | elapsed=0.2m | eta=1.1m | sec_step=0.22
[libero_object_swap] task 5 ep 9 step 75/350 | elapsed=0.3m | eta=1.0m | sec_step=0.22
[libero_object_swap] task 5 ep 9 step 100/350 | elapsed=0.4m | eta=0.9m | sec_step=0.22
[libero_object_swap] task 5 ep 9 step 125/350 | elapsed=0.5m | eta=0.8m | sec_step=0.22
[libero_object_swap] task 5 ep 9 step 150/350 | elapsed=0.6m | eta=0.8m | sec_step=0.23
[libero_object_swap] task 5 ep 9 step 175/350 | elapsed=0.7m | eta=0.7m | sec_step=0.23
[libero_object_swap] task 5 ep 9 step 200/350 | elapsed=0.8m | eta=0.6m | sec_step=0.23
[libero_object_swap] task 5 ep 9 step 225/350 | elapsed=0.8m | eta=0.5m | sec_step=0.23
[libero_object_swap] task 5 ep 9 step 250/350 | elapsed=0.9m | eta=0.4m | sec_step=0.23
[libero_object_swap] task 5 ep 9 step 275/350 | elapsed=1.0m | eta=0.3m | sec_step=0.23
[libero_object_swap] task 5 ep 9 step 300/350 | elapsed=1.1m | eta=0.2m | sec_step=0.23
[libero_object_swap] task 5 ep 9 step 325/350 | elapsed=1.2m | eta=0.1m | sec_step=0.23
[libero_object_swap] task 5 ep 9 step 350/350 | elapsed=1.3m | eta=0.0m | sec_step=0.22
[libero_object_swap] task 5 ('pick up the tomato sauce and place it in the basket') ep 9: fail | episode_time=1.3m
[Warning]: datasets path /scratch/users/create/smrvmdo/projects/lapa-depth-modified-levi/datasets/LIBERO-PRO/libero/libero/datasets does not exist!
[libero_object_swap] task 6 ep 0 start | max_steps=350 | instruction='pick up the butter and place it in the basket'
[libero_object_swap] task 6 ep 0 step 1/350 | elapsed=0.0m | eta=1.4m | sec_step=0.23
[libero_object_swap] task 6 ep 0 step 25/350 | elapsed=0.1m | eta=1.2m | sec_step=0.22
[libero_object_swap] task 6 ep 0 step 50/350 | elapsed=0.2m | eta=1.1m | sec_step=0.22
[libero_object_swap] task 6 ep 0 step 75/350 | elapsed=0.3m | eta=1.0m | sec_step=0.22
[libero_object_swap] task 6 ep 0 step 100/350 | elapsed=0.4m | eta=0.9m | sec_step=0.22
[libero_object_swap] task 6 ep 0 step 125/350 | elapsed=0.5m | eta=0.8m | sec_step=0.22
[libero_object_swap] task 6 ep 0 step 150/350 | elapsed=0.6m | eta=0.7m | sec_step=0.22
[libero_object_swap] task 6 ep 0 step 175/350 | elapsed=0.7m | eta=0.7m | sec_step=0.22
[libero_object_swap] task 6 ep 0 step 200/350 | elapsed=0.7m | eta=0.6m | sec_step=0.22
[libero_object_swap] task 6 ep 0 step 225/350 | elapsed=0.8m | eta=0.5m | sec_step=0.22
[libero_object_swap] task 6 ep 0 step 250/350 | elapsed=0.9m | eta=0.4m | sec_step=0.22
[libero_object_swap] task 6 ep 0 step 275/350 | elapsed=1.0m | eta=0.3m | sec_step=0.22
[libero_object_swap] task 6 ep 0 step 300/350 | elapsed=1.1m | eta=0.2m | sec_step=0.22
[libero_object_swap] task 6 ep 0 step 325/350 | elapsed=1.2m | eta=0.1m | sec_step=0.22
[libero_object_swap] task 6 ep 0 step 350/350 | elapsed=1.3m | eta=0.0m | sec_step=0.22
[libero_object_swap] task 6 ('pick up the butter and place it in the basket') ep 0: fail | episode_time=1.3m
[libero_object_swap] task 6 ep 1 start | max_steps=350 | instruction='pick up the butter and place it in the basket'
[libero_object_swap] task 6 ep 1 step 1/350 | elapsed=0.0m | eta=1.4m | sec_step=0.25
[libero_object_swap] task 6 ep 1 step 25/350 | elapsed=0.1m | eta=1.2m | sec_step=0.22
[libero_object_swap] task 6 ep 1 step 50/350 | elapsed=0.2m | eta=1.1m | sec_step=0.22
[libero_object_swap] task 6 ep 1 step 75/350 | elapsed=0.3m | eta=1.0m | sec_step=0.22
[libero_object_swap] task 6 ep 1 step 100/350 | elapsed=0.4m | eta=0.9m | sec_step=0.22
[libero_object_swap] task 6 ep 1 step 125/350 | elapsed=0.5m | eta=0.8m | sec_step=0.22
[libero_object_swap] task 6 ep 1 step 150/350 | elapsed=0.6m | eta=0.7m | sec_step=0.22
[libero_object_swap] task 6 ep 1 step 175/350 | elapsed=0.7m | eta=0.7m | sec_step=0.22
[libero_object_swap] task 6 ep 1 step 200/350 | elapsed=0.7m | eta=0.6m | sec_step=0.22
[libero_object_swap] task 6 ep 1 step 225/350 | elapsed=0.8m | eta=0.5m | sec_step=0.22
[libero_object_swap] task 6 ep 1 step 250/350 | elapsed=0.9m | eta=0.4m | sec_step=0.22
[libero_object_swap] task 6 ep 1 step 275/350 | elapsed=1.0m | eta=0.3m | sec_step=0.22
[libero_object_swap] task 6 ep 1 step 300/350 | elapsed=1.1m | eta=0.2m | sec_step=0.22
[libero_object_swap] task 6 ep 1 step 325/350 | elapsed=1.2m | eta=0.1m | sec_step=0.22
[libero_object_swap] task 6 ep 1 step 350/350 | elapsed=1.3m | eta=0.0m | sec_step=0.22
[libero_object_swap] task 6 ('pick up the butter and place it in the basket') ep 1: fail | episode_time=1.3m
[libero_object_swap] task 6 ep 2 start | max_steps=350 | instruction='pick up the butter and place it in the basket'
[libero_object_swap] task 6 ep 2 step 1/350 | elapsed=0.0m | eta=1.3m | sec_step=0.22
[libero_object_swap] task 6 ep 2 step 25/350 | elapsed=0.1m | eta=1.2m | sec_step=0.22
[libero_object_swap] task 6 ep 2 step 50/350 | elapsed=0.2m | eta=1.1m | sec_step=0.22
[libero_object_swap] task 6 ep 2 step 75/350 | elapsed=0.3m | eta=1.0m | sec_step=0.22
[libero_object_swap] task 6 ep 2 step 100/350 | elapsed=0.4m | eta=0.9m | sec_step=0.22
[libero_object_swap] task 6 ep 2 step 125/350 | elapsed=0.5m | eta=0.8m | sec_step=0.22
[libero_object_swap] task 6 ep 2 step 150/350 | elapsed=0.6m | eta=0.7m | sec_step=0.22
[libero_object_swap] task 6 ep 2 step 175/350 | elapsed=0.7m | eta=0.7m | sec_step=0.22
[libero_object_swap] task 6 ep 2 step 200/350 | elapsed=0.7m | eta=0.6m | sec_step=0.22
[libero_object_swap] task 6 ep 2 step 225/350 | elapsed=0.8m | eta=0.5m | sec_step=0.22
[libero_object_swap] task 6 ep 2 step 250/350 | elapsed=0.9m | eta=0.4m | sec_step=0.22
[libero_object_swap] task 6 ep 2 step 275/350 | elapsed=1.0m | eta=0.3m | sec_step=0.22
[libero_object_swap] task 6 ep 2 step 300/350 | elapsed=1.1m | eta=0.2m | sec_step=0.22
[libero_object_swap] task 6 ep 2 step 325/350 | elapsed=1.2m | eta=0.1m | sec_step=0.22
[libero_object_swap] task 6 ep 2 step 350/350 | elapsed=1.3m | eta=0.0m | sec_step=0.22
[libero_object_swap] task 6 ('pick up the butter and place it in the basket') ep 2: fail | episode_time=1.3m
[libero_object_swap] task 6 ep 3 start | max_steps=350 | instruction='pick up the butter and place it in the basket'
[libero_object_swap] task 6 ep 3 step 1/350 | elapsed=0.0m | eta=1.3m | sec_step=0.23
[libero_object_swap] task 6 ep 3 step 25/350 | elapsed=0.1m | eta=1.2m | sec_step=0.22
[libero_object_swap] task 6 ep 3 step 50/350 | elapsed=0.2m | eta=1.1m | sec_step=0.22
[libero_object_swap] task 6 ep 3 step 75/350 | elapsed=0.3m | eta=1.0m | sec_step=0.22
[libero_object_swap] task 6 ep 3 step 100/350 | elapsed=0.4m | eta=0.9m | sec_step=0.22
[libero_object_swap] task 6 ep 3 step 125/350 | elapsed=0.5m | eta=0.8m | sec_step=0.22
[libero_object_swap] task 6 ep 3 step 150/350 | elapsed=0.6m | eta=0.7m | sec_step=0.22
[libero_object_swap] task 6 ep 3 step 175/350 | elapsed=0.6m | eta=0.6m | sec_step=0.22
[libero_object_swap] task 6 ep 3 step 200/350 | elapsed=0.7m | eta=0.6m | sec_step=0.22
[libero_object_swap] task 6 ep 3 step 225/350 | elapsed=0.8m | eta=0.5m | sec_step=0.22
[libero_object_swap] task 6 ep 3 step 250/350 | elapsed=0.9m | eta=0.4m | sec_step=0.22
[libero_object_swap] task 6 ep 3 step 275/350 | elapsed=1.0m | eta=0.3m | sec_step=0.22
[libero_object_swap] task 6 ep 3 step 300/350 | elapsed=1.1m | eta=0.2m | sec_step=0.22
[libero_object_swap] task 6 ep 3 step 325/350 | elapsed=1.2m | eta=0.1m | sec_step=0.22
[libero_object_swap] task 6 ep 3 step 350/350 | elapsed=1.3m | eta=0.0m | sec_step=0.22
[libero_object_swap] task 6 ('pick up the butter and place it in the basket') ep 3: fail | episode_time=1.3m
[libero_object_swap] task 6 ep 4 start | max_steps=350 | instruction='pick up the butter and place it in the basket'
[libero_object_swap] task 6 ep 4 step 1/350 | elapsed=0.0m | eta=1.3m | sec_step=0.23
[libero_object_swap] task 6 ep 4 step 25/350 | elapsed=0.1m | eta=1.2m | sec_step=0.22
[libero_object_swap] task 6 ep 4 step 50/350 | elapsed=0.2m | eta=1.1m | sec_step=0.22
[libero_object_swap] task 6 ep 4 step 75/350 | elapsed=0.3m | eta=1.0m | sec_step=0.22
[libero_object_swap] task 6 ep 4 step 100/350 | elapsed=0.4m | eta=0.9m | sec_step=0.22
[libero_object_swap] task 6 ep 4 step 125/350 | elapsed=0.5m | eta=0.8m | sec_step=0.22
[libero_object_swap] task 6 ep 4 step 150/350 | elapsed=0.6m | eta=0.7m | sec_step=0.22
[libero_object_swap] task 6 ep 4 step 175/350 | elapsed=0.6m | eta=0.6m | sec_step=0.22
[libero_object_swap] task 6 ep 4 step 200/350 | elapsed=0.7m | eta=0.6m | sec_step=0.22
[libero_object_swap] task 6 ep 4 step 225/350 | elapsed=0.8m | eta=0.5m | sec_step=0.22
[libero_object_swap] task 6 ep 4 step 250/350 | elapsed=0.9m | eta=0.4m | sec_step=0.22
[libero_object_swap] task 6 ep 4 step 275/350 | elapsed=1.0m | eta=0.3m | sec_step=0.22
[libero_object_swap] task 6 ep 4 step 300/350 | elapsed=1.1m | eta=0.2m | sec_step=0.22
[libero_object_swap] task 6 ep 4 step 325/350 | elapsed=1.2m | eta=0.1m | sec_step=0.22
[libero_object_swap] task 6 ep 4 step 350/350 | elapsed=1.3m | eta=0.0m | sec_step=0.22
[libero_object_swap] task 6 ('pick up the butter and place it in the basket') ep 4: fail | episode_time=1.3m
[libero_object_swap] task 6 ep 5 start | max_steps=350 | instruction='pick up the butter and place it in the basket'
[libero_object_swap] task 6 ep 5 step 1/350 | elapsed=0.0m | eta=1.4m | sec_step=0.24
[libero_object_swap] task 6 ep 5 step 25/350 | elapsed=0.1m | eta=1.2m | sec_step=0.22
[libero_object_swap] task 6 ep 5 step 50/350 | elapsed=0.2m | eta=1.1m | sec_step=0.22
[libero_object_swap] task 6 ep 5 step 75/350 | elapsed=0.3m | eta=1.0m | sec_step=0.22
[libero_object_swap] task 6 ep 5 step 100/350 | elapsed=0.4m | eta=0.9m | sec_step=0.22
[libero_object_swap] task 6 ep 5 step 125/350 | elapsed=0.5m | eta=0.8m | sec_step=0.22
[libero_object_swap] task 6 ep 5 step 150/350 | elapsed=0.6m | eta=0.7m | sec_step=0.22
[libero_object_swap] task 6 ep 5 step 175/350 | elapsed=0.7m | eta=0.7m | sec_step=0.22
[libero_object_swap] task 6 ep 5 step 200/350 | elapsed=0.7m | eta=0.6m | sec_step=0.22
[libero_object_swap] task 6 ep 5 step 225/350 | elapsed=0.8m | eta=0.5m | sec_step=0.22
[libero_object_swap] task 6 ep 5 step 250/350 | elapsed=0.9m | eta=0.4m | sec_step=0.22
[libero_object_swap] task 6 ep 5 step 275/350 | elapsed=1.0m | eta=0.3m | sec_step=0.22
[libero_object_swap] task 6 ep 5 step 300/350 | elapsed=1.1m | eta=0.2m | sec_step=0.22
[libero_object_swap] task 6 ep 5 step 325/350 | elapsed=1.2m | eta=0.1m | sec_step=0.22
[libero_object_swap] task 6 ep 5 step 350/350 | elapsed=1.3m | eta=0.0m | sec_step=0.22
[libero_object_swap] task 6 ('pick up the butter and place it in the basket') ep 5: fail | episode_time=1.3m
[libero_object_swap] task 6 ep 6 start | max_steps=350 | instruction='pick up the butter and place it in the basket'
[libero_object_swap] task 6 ep 6 step 1/350 | elapsed=0.0m | eta=1.3m | sec_step=0.23
[libero_object_swap] task 6 ep 6 step 25/350 | elapsed=0.1m | eta=1.2m | sec_step=0.22
[libero_object_swap] task 6 ep 6 step 50/350 | elapsed=0.2m | eta=1.1m | sec_step=0.22
[libero_object_swap] task 6 ep 6 step 75/350 | elapsed=0.3m | eta=1.0m | sec_step=0.22
[libero_object_swap] task 6 ep 6 step 100/350 | elapsed=0.4m | eta=0.9m | sec_step=0.22
[libero_object_swap] task 6 ep 6 step 125/350 | elapsed=0.5m | eta=0.8m | sec_step=0.22
[libero_object_swap] task 6 ep 6 step 150/350 | elapsed=0.6m | eta=0.7m | sec_step=0.22
[libero_object_swap] task 6 ep 6 step 175/350 | elapsed=0.6m | eta=0.6m | sec_step=0.22
[libero_object_swap] task 6 ep 6 step 200/350 | elapsed=0.7m | eta=0.6m | sec_step=0.22
[libero_object_swap] task 6 ep 6 step 225/350 | elapsed=0.8m | eta=0.5m | sec_step=0.22
[libero_object_swap] task 6 ep 6 step 250/350 | elapsed=0.9m | eta=0.4m | sec_step=0.22
[libero_object_swap] task 6 ep 6 step 275/350 | elapsed=1.0m | eta=0.3m | sec_step=0.22
[libero_object_swap] task 6 ep 6 step 300/350 | elapsed=1.1m | eta=0.2m | sec_step=0.22
[libero_object_swap] task 6 ep 6 step 325/350 | elapsed=1.2m | eta=0.1m | sec_step=0.22
[libero_object_swap] task 6 ep 6 step 350/350 | elapsed=1.3m | eta=0.0m | sec_step=0.22
[libero_object_swap] task 6 ('pick up the butter and place it in the basket') ep 6: fail | episode_time=1.3m
[libero_object_swap] task 6 ep 7 start | max_steps=350 | instruction='pick up the butter and place it in the basket'
[libero_object_swap] task 6 ep 7 step 1/350 | elapsed=0.0m | eta=4.9m | sec_step=0.84
[libero_object_swap] task 6 ep 7 step 25/350 | elapsed=0.1m | eta=1.3m | sec_step=0.25
[libero_object_swap] task 6 ep 7 step 50/350 | elapsed=0.2m | eta=1.2m | sec_step=0.23
[libero_object_swap] task 6 ep 7 step 75/350 | elapsed=0.3m | eta=1.1m | sec_step=0.23
[libero_object_swap] task 6 ep 7 step 100/350 | elapsed=0.4m | eta=1.0m | sec_step=0.23
[libero_object_swap] task 6 ep 7 step 125/350 | elapsed=0.5m | eta=0.9m | sec_step=0.23
[libero_object_swap] task 6 ep 7 step 150/350 | elapsed=0.6m | eta=0.8m | sec_step=0.23
[libero_object_swap] task 6 ep 7 step 175/350 | elapsed=0.7m | eta=0.7m | sec_step=0.22
[libero_object_swap] task 6 ep 7 step 200/350 | elapsed=0.7m | eta=0.6m | sec_step=0.22
[libero_object_swap] task 6 ep 7 step 225/350 | elapsed=0.8m | eta=0.5m | sec_step=0.22
[libero_object_swap] task 6 ep 7 step 250/350 | elapsed=0.9m | eta=0.4m | sec_step=0.22
[libero_object_swap] task 6 ep 7 step 275/350 | elapsed=1.0m | eta=0.3m | sec_step=0.22
[libero_object_swap] task 6 ep 7 step 300/350 | elapsed=1.1m | eta=0.2m | sec_step=0.22
[libero_object_swap] task 6 ep 7 step 325/350 | elapsed=1.2m | eta=0.1m | sec_step=0.22
[libero_object_swap] task 6 ep 7 step 350/350 | elapsed=1.3m | eta=0.0m | sec_step=0.22
[libero_object_swap] task 6 ('pick up the butter and place it in the basket') ep 7: fail | episode_time=1.3m
[libero_object_swap] task 6 ep 8 start | max_steps=350 | instruction='pick up the butter and place it in the basket'
[libero_object_swap] task 6 ep 8 step 1/350 | elapsed=0.0m | eta=1.3m | sec_step=0.23
[libero_object_swap] task 6 ep 8 step 25/350 | elapsed=0.1m | eta=1.2m | sec_step=0.22
[libero_object_swap] task 6 ep 8 step 50/350 | elapsed=0.2m | eta=1.1m | sec_step=0.22
[libero_object_swap] task 6 ep 8 step 75/350 | elapsed=0.3m | eta=1.0m | sec_step=0.22
[libero_object_swap] task 6 ep 8 step 100/350 | elapsed=0.4m | eta=0.9m | sec_step=0.22
[libero_object_swap] task 6 ep 8 step 125/350 | elapsed=0.5m | eta=0.8m | sec_step=0.22
[libero_object_swap] task 6 ep 8 step 150/350 | elapsed=0.6m | eta=0.7m | sec_step=0.22
[libero_object_swap] task 6 ep 8 step 175/350 | elapsed=0.6m | eta=0.6m | sec_step=0.22
[libero_object_swap] task 6 ep 8 step 200/350 | elapsed=0.7m | eta=0.6m | sec_step=0.22
[libero_object_swap] task 6 ep 8 step 225/350 | elapsed=0.8m | eta=0.5m | sec_step=0.22
[libero_object_swap] task 6 ep 8 step 250/350 | elapsed=0.9m | eta=0.4m | sec_step=0.22
[libero_object_swap] task 6 ep 8 step 275/350 | elapsed=1.0m | eta=0.3m | sec_step=0.22
[libero_object_swap] task 6 ep 8 step 300/350 | elapsed=1.1m | eta=0.2m | sec_step=0.22
[libero_object_swap] task 6 ep 8 step 325/350 | elapsed=1.2m | eta=0.1m | sec_step=0.22
[libero_object_swap] task 6 ep 8 step 350/350 | elapsed=1.3m | eta=0.0m | sec_step=0.22
[libero_object_swap] task 6 ('pick up the butter and place it in the basket') ep 8: fail | episode_time=1.3m
[libero_object_swap] task 6 ep 9 start | max_steps=350 | instruction='pick up the butter and place it in the basket'
[libero_object_swap] task 6 ep 9 step 1/350 | elapsed=0.0m | eta=1.4m | sec_step=0.23
[libero_object_swap] task 6 ep 9 step 25/350 | elapsed=0.1m | eta=1.2m | sec_step=0.22
[libero_object_swap] task 6 ep 9 step 50/350 | elapsed=0.2m | eta=1.1m | sec_step=0.22
[libero_object_swap] task 6 ep 9 step 75/350 | elapsed=0.3m | eta=1.0m | sec_step=0.22
[libero_object_swap] task 6 ep 9 step 100/350 | elapsed=0.4m | eta=0.9m | sec_step=0.22
[libero_object_swap] task 6 ep 9 step 125/350 | elapsed=0.5m | eta=0.8m | sec_step=0.22
[libero_object_swap] task 6 ep 9 step 150/350 | elapsed=0.6m | eta=0.7m | sec_step=0.22
[libero_object_swap] task 6 ep 9 step 175/350 | elapsed=0.6m | eta=0.6m | sec_step=0.22
[libero_object_swap] task 6 ep 9 step 200/350 | elapsed=0.7m | eta=0.6m | sec_step=0.22
[libero_object_swap] task 6 ep 9 step 225/350 | elapsed=0.8m | eta=0.5m | sec_step=0.22
[libero_object_swap] task 6 ep 9 step 250/350 | elapsed=0.9m | eta=0.4m | sec_step=0.22
[libero_object_swap] task 6 ep 9 step 275/350 | elapsed=1.0m | eta=0.3m | sec_step=0.22
[libero_object_swap] task 6 ep 9 step 300/350 | elapsed=1.1m | eta=0.2m | sec_step=0.22
[libero_object_swap] task 6 ep 9 step 325/350 | elapsed=1.2m | eta=0.1m | sec_step=0.22
[libero_object_swap] task 6 ep 9 step 350/350 | elapsed=1.3m | eta=0.0m | sec_step=0.22
[libero_object_swap] task 6 ('pick up the butter and place it in the basket') ep 9: fail | episode_time=1.3m
[Warning]: datasets path /scratch/users/create/smrvmdo/projects/lapa-depth-modified-levi/datasets/LIBERO-PRO/libero/libero/datasets does not exist!
[libero_object_swap] task 7 ep 0 start | max_steps=350 | instruction='pick up the milk and place it in the basket'
[libero_object_swap] task 7 ep 0 step 1/350 | elapsed=0.0m | eta=1.3m | sec_step=0.23
[libero_object_swap] task 7 ep 0 step 25/350 | elapsed=0.1m | eta=1.2m | sec_step=0.22
[libero_object_swap] task 7 ep 0 step 50/350 | elapsed=0.2m | eta=1.1m | sec_step=0.22
[libero_object_swap] task 7 ep 0 step 75/350 | elapsed=0.3m | eta=1.0m | sec_step=0.22
[libero_object_swap] task 7 ep 0 step 100/350 | elapsed=0.4m | eta=0.9m | sec_step=0.22
[libero_object_swap] task 7 ep 0 step 125/350 | elapsed=0.5m | eta=0.8m | sec_step=0.22
[libero_object_swap] task 7 ep 0 step 150/350 | elapsed=0.6m | eta=0.7m | sec_step=0.22
[libero_object_swap] task 7 ep 0 step 175/350 | elapsed=0.7m | eta=0.7m | sec_step=0.22
[libero_object_swap] task 7 ep 0 step 200/350 | elapsed=0.7m | eta=0.6m | sec_step=0.22
[libero_object_swap] task 7 ep 0 step 225/350 | elapsed=0.8m | eta=0.5m | sec_step=0.22
[libero_object_swap] task 7 ep 0 step 250/350 | elapsed=0.9m | eta=0.4m | sec_step=0.22
[libero_object_swap] task 7 ep 0 step 275/350 | elapsed=1.0m | eta=0.3m | sec_step=0.22
[libero_object_swap] task 7 ep 0 step 300/350 | elapsed=1.1m | eta=0.2m | sec_step=0.22
[libero_object_swap] task 7 ep 0 step 325/350 | elapsed=1.2m | eta=0.1m | sec_step=0.22
[libero_object_swap] task 7 ep 0 step 350/350 | elapsed=1.3m | eta=0.0m | sec_step=0.22
[libero_object_swap] task 7 ('pick up the milk and place it in the basket') ep 0: fail | episode_time=1.3m
[libero_object_swap] task 7 ep 1 start | max_steps=350 | instruction='pick up the milk and place it in the basket'
[libero_object_swap] task 7 ep 1 step 1/350 | elapsed=0.0m | eta=1.3m | sec_step=0.22
[libero_object_swap] task 7 ep 1 step 25/350 | elapsed=0.1m | eta=1.2m | sec_step=0.22
[libero_object_swap] task 7 ep 1 step 50/350 | elapsed=0.2m | eta=1.1m | sec_step=0.22
[libero_object_swap] task 7 ep 1 step 75/350 | elapsed=0.3m | eta=1.0m | sec_step=0.22
[libero_object_swap] task 7 ep 1 step 100/350 | elapsed=0.4m | eta=0.9m | sec_step=0.22
[libero_object_swap] task 7 ep 1 step 125/350 | elapsed=0.5m | eta=0.8m | sec_step=0.22
[libero_object_swap] task 7 ep 1 step 150/350 | elapsed=0.6m | eta=0.7m | sec_step=0.22
[libero_object_swap] task 7 ep 1 step 175/350 | elapsed=0.6m | eta=0.6m | sec_step=0.22
[libero_object_swap] task 7 ep 1 step 200/350 | elapsed=0.7m | eta=0.6m | sec_step=0.22
[libero_object_swap] task 7 ep 1 step 225/350 | elapsed=0.8m | eta=0.5m | sec_step=0.22
[libero_object_swap] task 7 ep 1 step 250/350 | elapsed=0.9m | eta=0.4m | sec_step=0.22
[libero_object_swap] task 7 ep 1 step 275/350 | elapsed=1.0m | eta=0.3m | sec_step=0.22
[libero_object_swap] task 7 ep 1 step 300/350 | elapsed=1.1m | eta=0.2m | sec_step=0.22
[libero_object_swap] task 7 ep 1 step 325/350 | elapsed=1.2m | eta=0.1m | sec_step=0.22
[libero_object_swap] task 7 ep 1 step 350/350 | elapsed=1.3m | eta=0.0m | sec_step=0.22
[libero_object_swap] task 7 ('pick up the milk and place it in the basket') ep 1: fail | episode_time=1.3m
[libero_object_swap] task 7 ep 2 start | max_steps=350 | instruction='pick up the milk and place it in the basket'
[libero_object_swap] task 7 ep 2 step 1/350 | elapsed=0.0m | eta=1.3m | sec_step=0.23
[libero_object_swap] task 7 ep 2 step 25/350 | elapsed=0.1m | eta=1.2m | sec_step=0.22
[libero_object_swap] task 7 ep 2 step 50/350 | elapsed=0.2m | eta=1.1m | sec_step=0.22
[libero_object_swap] task 7 ep 2 step 75/350 | elapsed=0.3m | eta=1.0m | sec_step=0.22
[libero_object_swap] task 7 ep 2 step 100/350 | elapsed=0.4m | eta=0.9m | sec_step=0.22
[libero_object_swap] task 7 ep 2 step 125/350 | elapsed=0.5m | eta=0.8m | sec_step=0.22
[libero_object_swap] task 7 ep 2 step 150/350 | elapsed=0.6m | eta=0.7m | sec_step=0.22
[libero_object_swap] task 7 ep 2 step 175/350 | elapsed=0.7m | eta=0.7m | sec_step=0.22
[libero_object_swap] task 7 ep 2 step 200/350 | elapsed=0.7m | eta=0.6m | sec_step=0.22
[libero_object_swap] task 7 ep 2 step 225/350 | elapsed=0.8m | eta=0.5m | sec_step=0.22
[libero_object_swap] task 7 ep 2 step 250/350 | elapsed=0.9m | eta=0.4m | sec_step=0.22
[libero_object_swap] task 7 ep 2 step 275/350 | elapsed=1.0m | eta=0.3m | sec_step=0.22
[libero_object_swap] task 7 ep 2 step 300/350 | elapsed=1.1m | eta=0.2m | sec_step=0.22
[libero_object_swap] task 7 ep 2 step 325/350 | elapsed=1.2m | eta=0.1m | sec_step=0.22
[libero_object_swap] task 7 ep 2 step 350/350 | elapsed=1.3m | eta=0.0m | sec_step=0.22
[libero_object_swap] task 7 ('pick up the milk and place it in the basket') ep 2: fail | episode_time=1.3m
[libero_object_swap] task 7 ep 3 start | max_steps=350 | instruction='pick up the milk and place it in the basket'
[libero_object_swap] task 7 ep 3 step 1/350 | elapsed=0.0m | eta=1.4m | sec_step=0.23
[libero_object_swap] task 7 ep 3 step 25/350 | elapsed=0.1m | eta=1.2m | sec_step=0.22
[libero_object_swap] task 7 ep 3 step 50/350 | elapsed=0.2m | eta=1.1m | sec_step=0.22
[libero_object_swap] task 7 ep 3 step 75/350 | elapsed=0.3m | eta=1.0m | sec_step=0.22
[libero_object_swap] task 7 ep 3 step 100/350 | elapsed=0.4m | eta=0.9m | sec_step=0.22
[libero_object_swap] task 7 ep 3 step 125/350 | elapsed=0.5m | eta=0.8m | sec_step=0.22
[libero_object_swap] task 7 ep 3 step 150/350 | elapsed=0.6m | eta=0.7m | sec_step=0.22
[libero_object_swap] task 7 ep 3 step 175/350 | elapsed=0.6m | eta=0.6m | sec_step=0.22
[libero_object_swap] task 7 ep 3 step 200/350 | elapsed=0.7m | eta=0.6m | sec_step=0.22
[libero_object_swap] task 7 ep 3 step 225/350 | elapsed=0.8m | eta=0.5m | sec_step=0.22
[libero_object_swap] task 7 ep 3 step 250/350 | elapsed=0.9m | eta=0.4m | sec_step=0.22
[libero_object_swap] task 7 ep 3 step 275/350 | elapsed=1.0m | eta=0.3m | sec_step=0.22
[libero_object_swap] task 7 ep 3 step 300/350 | elapsed=1.1m | eta=0.2m | sec_step=0.22
[libero_object_swap] task 7 ep 3 step 325/350 | elapsed=1.2m | eta=0.1m | sec_step=0.22
[libero_object_swap] task 7 ep 3 step 350/350 | elapsed=1.3m | eta=0.0m | sec_step=0.22
[libero_object_swap] task 7 ('pick up the milk and place it in the basket') ep 3: fail | episode_time=1.3m
[libero_object_swap] task 7 ep 4 start | max_steps=350 | instruction='pick up the milk and place it in the basket'
[libero_object_swap] task 7 ep 4 step 1/350 | elapsed=0.0m | eta=1.3m | sec_step=0.23
[libero_object_swap] task 7 ep 4 step 25/350 | elapsed=0.1m | eta=1.2m | sec_step=0.22
[libero_object_swap] task 7 ep 4 step 50/350 | elapsed=0.2m | eta=1.1m | sec_step=0.22
[libero_object_swap] task 7 ep 4 step 75/350 | elapsed=0.3m | eta=1.0m | sec_step=0.22
[libero_object_swap] task 7 ep 4 step 100/350 | elapsed=0.4m | eta=0.9m | sec_step=0.22
[libero_object_swap] task 7 ep 4 step 125/350 | elapsed=0.5m | eta=0.8m | sec_step=0.22
[libero_object_swap] task 7 ep 4 step 150/350 | elapsed=0.6m | eta=0.7m | sec_step=0.22
[libero_object_swap] task 7 ep 4 step 175/350 | elapsed=0.6m | eta=0.6m | sec_step=0.22
[libero_object_swap] task 7 ep 4 step 200/350 | elapsed=0.7m | eta=0.6m | sec_step=0.22
[libero_object_swap] task 7 ep 4 step 225/350 | elapsed=0.8m | eta=0.5m | sec_step=0.22
[libero_object_swap] task 7 ep 4 step 250/350 | elapsed=0.9m | eta=0.4m | sec_step=0.22
[libero_object_swap] task 7 ep 4 step 275/350 | elapsed=1.0m | eta=0.3m | sec_step=0.22
[libero_object_swap] task 7 ep 4 step 300/350 | elapsed=1.1m | eta=0.2m | sec_step=0.22
[libero_object_swap] task 7 ep 4 step 325/350 | elapsed=1.2m | eta=0.1m | sec_step=0.22
[libero_object_swap] task 7 ep 4 step 350/350 | elapsed=1.3m | eta=0.0m | sec_step=0.22
[libero_object_swap] task 7 ('pick up the milk and place it in the basket') ep 4: fail | episode_time=1.3m
[libero_object_swap] task 7 ep 5 start | max_steps=350 | instruction='pick up the milk and place it in the basket'
[libero_object_swap] task 7 ep 5 step 1/350 | elapsed=0.0m | eta=1.3m | sec_step=0.23
[libero_object_swap] task 7 ep 5 step 25/350 | elapsed=0.1m | eta=1.2m | sec_step=0.22
[libero_object_swap] task 7 ep 5 step 50/350 | elapsed=0.2m | eta=1.1m | sec_step=0.22
[libero_object_swap] task 7 ep 5 step 75/350 | elapsed=0.3m | eta=1.0m | sec_step=0.22
[libero_object_swap] task 7 ep 5 step 100/350 | elapsed=0.4m | eta=0.9m | sec_step=0.22
[libero_object_swap] task 7 ep 5 step 125/350 | elapsed=0.5m | eta=0.8m | sec_step=0.22
[libero_object_swap] task 7 ep 5 step 150/350 | elapsed=0.6m | eta=0.7m | sec_step=0.22
[libero_object_swap] task 7 ep 5 step 175/350 | elapsed=0.6m | eta=0.6m | sec_step=0.22
[libero_object_swap] task 7 ep 5 step 200/350 | elapsed=0.7m | eta=0.6m | sec_step=0.22
[libero_object_swap] task 7 ep 5 step 225/350 | elapsed=0.8m | eta=0.5m | sec_step=0.22
[libero_object_swap] task 7 ep 5 step 250/350 | elapsed=0.9m | eta=0.4m | sec_step=0.22
[libero_object_swap] task 7 ep 5 step 275/350 | elapsed=1.0m | eta=0.3m | sec_step=0.22
[libero_object_swap] task 7 ep 5 step 300/350 | elapsed=1.1m | eta=0.2m | sec_step=0.22
[libero_object_swap] task 7 ep 5 step 325/350 | elapsed=1.2m | eta=0.1m | sec_step=0.22
[libero_object_swap] task 7 ep 5 step 350/350 | elapsed=1.3m | eta=0.0m | sec_step=0.22
[libero_object_swap] task 7 ('pick up the milk and place it in the basket') ep 5: fail | episode_time=1.3m
[libero_object_swap] task 7 ep 6 start | max_steps=350 | instruction='pick up the milk and place it in the basket'
[libero_object_swap] task 7 ep 6 step 1/350 | elapsed=0.0m | eta=1.3m | sec_step=0.22
[libero_object_swap] task 7 ep 6 step 25/350 | elapsed=0.1m | eta=1.2m | sec_step=0.22
[libero_object_swap] task 7 ep 6 step 50/350 | elapsed=0.2m | eta=1.1m | sec_step=0.22
[libero_object_swap] task 7 ep 6 step 75/350 | elapsed=0.3m | eta=1.0m | sec_step=0.22
[libero_object_swap] task 7 ep 6 step 100/350 | elapsed=0.4m | eta=0.9m | sec_step=0.22
[libero_object_swap] task 7 ep 6 step 125/350 | elapsed=0.5m | eta=0.8m | sec_step=0.22
[libero_object_swap] task 7 ep 6 step 150/350 | elapsed=0.6m | eta=0.7m | sec_step=0.22
[libero_object_swap] task 7 ep 6 step 175/350 | elapsed=0.6m | eta=0.6m | sec_step=0.22
[libero_object_swap] task 7 ep 6 step 200/350 | elapsed=0.7m | eta=0.6m | sec_step=0.22
[libero_object_swap] task 7 ep 6 step 225/350 | elapsed=0.8m | eta=0.5m | sec_step=0.22
[libero_object_swap] task 7 ep 6 step 250/350 | elapsed=0.9m | eta=0.4m | sec_step=0.22
[libero_object_swap] task 7 ep 6 step 275/350 | elapsed=1.0m | eta=0.3m | sec_step=0.22
[libero_object_swap] task 7 ep 6 step 300/350 | elapsed=1.1m | eta=0.2m | sec_step=0.22
[libero_object_swap] task 7 ep 6 step 325/350 | elapsed=1.2m | eta=0.1m | sec_step=0.22
[libero_object_swap] task 7 ep 6 step 350/350 | elapsed=1.3m | eta=0.0m | sec_step=0.22
[libero_object_swap] task 7 ('pick up the milk and place it in the basket') ep 6: fail | episode_time=1.3m
[libero_object_swap] task 7 ep 7 start | max_steps=350 | instruction='pick up the milk and place it in the basket'
[libero_object_swap] task 7 ep 7 step 1/350 | elapsed=0.0m | eta=1.4m | sec_step=0.24
[libero_object_swap] task 7 ep 7 step 25/350 | elapsed=0.1m | eta=1.2m | sec_step=0.22
[libero_object_swap] task 7 ep 7 step 50/350 | elapsed=0.2m | eta=1.1m | sec_step=0.22
[libero_object_swap] task 7 ep 7 step 75/350 | elapsed=0.3m | eta=1.0m | sec_step=0.22
[libero_object_swap] task 7 ep 7 step 100/350 | elapsed=0.4m | eta=0.9m | sec_step=0.22
[libero_object_swap] task 7 ep 7 step 125/350 | elapsed=0.5m | eta=0.8m | sec_step=0.22
[libero_object_swap] task 7 ep 7 step 150/350 | elapsed=0.6m | eta=0.7m | sec_step=0.22
[libero_object_swap] task 7 ep 7 step 175/350 | elapsed=0.6m | eta=0.6m | sec_step=0.22
[libero_object_swap] task 7 ep 7 step 200/350 | elapsed=0.7m | eta=0.6m | sec_step=0.22
[libero_object_swap] task 7 ep 7 step 225/350 | elapsed=0.8m | eta=0.5m | sec_step=0.22
[libero_object_swap] task 7 ep 7 step 250/350 | elapsed=0.9m | eta=0.4m | sec_step=0.22
[libero_object_swap] task 7 ep 7 step 275/350 | elapsed=1.0m | eta=0.3m | sec_step=0.22
[libero_object_swap] task 7 ep 7 step 300/350 | elapsed=1.1m | eta=0.2m | sec_step=0.22
[libero_object_swap] task 7 ep 7 step 325/350 | elapsed=1.2m | eta=0.1m | sec_step=0.22
[libero_object_swap] task 7 ep 7 step 350/350 | elapsed=1.3m | eta=0.0m | sec_step=0.22
[libero_object_swap] task 7 ('pick up the milk and place it in the basket') ep 7: fail | episode_time=1.3m
[libero_object_swap] task 7 ep 8 start | max_steps=350 | instruction='pick up the milk and place it in the basket'
[libero_object_swap] task 7 ep 8 step 1/350 | elapsed=0.0m | eta=1.3m | sec_step=0.23
[libero_object_swap] task 7 ep 8 step 25/350 | elapsed=0.1m | eta=1.2m | sec_step=0.22
[libero_object_swap] task 7 ep 8 step 50/350 | elapsed=0.2m | eta=1.1m | sec_step=0.22
[libero_object_swap] task 7 ep 8 step 75/350 | elapsed=0.3m | eta=1.0m | sec_step=0.22
[libero_object_swap] task 7 ep 8 step 100/350 | elapsed=0.4m | eta=0.9m | sec_step=0.22
[libero_object_swap] task 7 ep 8 step 125/350 | elapsed=0.5m | eta=0.8m | sec_step=0.22
[libero_object_swap] task 7 ep 8 step 150/350 | elapsed=0.6m | eta=0.7m | sec_step=0.22
[libero_object_swap] task 7 ep 8 step 175/350 | elapsed=0.6m | eta=0.6m | sec_step=0.22
[libero_object_swap] task 7 ep 8 step 200/350 | elapsed=0.7m | eta=0.6m | sec_step=0.22
[libero_object_swap] task 7 ep 8 step 225/350 | elapsed=0.8m | eta=0.5m | sec_step=0.22
[libero_object_swap] task 7 ep 8 step 250/350 | elapsed=0.9m | eta=0.4m | sec_step=0.22
[libero_object_swap] task 7 ep 8 step 275/350 | elapsed=1.0m | eta=0.3m | sec_step=0.22
[libero_object_swap] task 7 ep 8 step 300/350 | elapsed=1.1m | eta=0.2m | sec_step=0.22
[libero_object_swap] task 7 ep 8 step 325/350 | elapsed=1.2m | eta=0.1m | sec_step=0.22
[libero_object_swap] task 7 ep 8 step 350/350 | elapsed=1.3m | eta=0.0m | sec_step=0.22
[libero_object_swap] task 7 ('pick up the milk and place it in the basket') ep 8: fail | episode_time=1.3m
[libero_object_swap] task 7 ep 9 start | max_steps=350 | instruction='pick up the milk and place it in the basket'
[libero_object_swap] task 7 ep 9 step 1/350 | elapsed=0.0m | eta=1.3m | sec_step=0.23
[libero_object_swap] task 7 ep 9 step 25/350 | elapsed=0.1m | eta=1.2m | sec_step=0.22
[libero_object_swap] task 7 ep 9 step 50/350 | elapsed=0.2m | eta=1.1m | sec_step=0.22
[libero_object_swap] task 7 ep 9 step 75/350 | elapsed=0.3m | eta=1.0m | sec_step=0.22
[libero_object_swap] task 7 ep 9 step 100/350 | elapsed=0.4m | eta=0.9m | sec_step=0.22
[libero_object_swap] task 7 ep 9 step 125/350 | elapsed=0.5m | eta=0.8m | sec_step=0.22
[libero_object_swap] task 7 ep 9 step 150/350 | elapsed=0.6m | eta=0.7m | sec_step=0.22
[libero_object_swap] task 7 ep 9 step 175/350 | elapsed=0.6m | eta=0.6m | sec_step=0.22
[libero_object_swap] task 7 ep 9 step 200/350 | elapsed=0.7m | eta=0.6m | sec_step=0.22
[libero_object_swap] task 7 ep 9 step 225/350 | elapsed=0.8m | eta=0.5m | sec_step=0.22
[libero_object_swap] task 7 ep 9 step 250/350 | elapsed=0.9m | eta=0.4m | sec_step=0.22
[libero_object_swap] task 7 ep 9 step 275/350 | elapsed=1.0m | eta=0.3m | sec_step=0.22
[libero_object_swap] task 7 ep 9 step 300/350 | elapsed=1.1m | eta=0.2m | sec_step=0.22
[libero_object_swap] task 7 ep 9 step 325/350 | elapsed=1.2m | eta=0.1m | sec_step=0.22
[libero_object_swap] task 7 ep 9 step 350/350 | elapsed=1.3m | eta=0.0m | sec_step=0.22
[libero_object_swap] task 7 ('pick up the milk and place it in the basket') ep 9: fail | episode_time=1.3m
[Warning]: datasets path /scratch/users/create/smrvmdo/projects/lapa-depth-modified-levi/datasets/LIBERO-PRO/libero/libero/datasets does not exist!
[libero_object_swap] task 8 ep 0 start | max_steps=350 | instruction='pick up the chocolate pudding and place it in the basket'
[libero_object_swap] task 8 ep 0 step 1/350 | elapsed=0.0m | eta=3.4m | sec_step=0.58
[libero_object_swap] task 8 ep 0 step 25/350 | elapsed=0.1m | eta=1.3m | sec_step=0.23
[libero_object_swap] task 8 ep 0 step 50/350 | elapsed=0.2m | eta=1.1m | sec_step=0.23
[libero_object_swap] task 8 ep 0 step 75/350 | elapsed=0.3m | eta=1.0m | sec_step=0.22
[libero_object_swap] task 8 ep 0 step 100/350 | elapsed=0.4m | eta=0.9m | sec_step=0.22
[libero_object_swap] task 8 ep 0 step 125/350 | elapsed=0.5m | eta=0.8m | sec_step=0.22
[libero_object_swap] task 8 ep 0 step 150/350 | elapsed=0.6m | eta=0.7m | sec_step=0.22
[libero_object_swap] task 8 ep 0 step 175/350 | elapsed=0.6m | eta=0.6m | sec_step=0.22
[libero_object_swap] task 8 ep 0 step 200/350 | elapsed=0.7m | eta=0.6m | sec_step=0.22
[libero_object_swap] task 8 ep 0 step 225/350 | elapsed=0.8m | eta=0.5m | sec_step=0.22
[libero_object_swap] task 8 ep 0 step 250/350 | elapsed=0.9m | eta=0.4m | sec_step=0.22
[libero_object_swap] task 8 ep 0 step 275/350 | elapsed=1.0m | eta=0.3m | sec_step=0.22
[libero_object_swap] task 8 ep 0 step 300/350 | elapsed=1.1m | eta=0.2m | sec_step=0.22
[libero_object_swap] task 8 ep 0 step 325/350 | elapsed=1.2m | eta=0.1m | sec_step=0.22
[libero_object_swap] task 8 ep 0 step 350/350 | elapsed=1.3m | eta=0.0m | sec_step=0.22
[libero_object_swap] task 8 ('pick up the chocolate pudding and place it in the basket') ep 0: fail | episode_time=1.3m
[libero_object_swap] task 8 ep 1 start | max_steps=350 | instruction='pick up the chocolate pudding and place it in the basket'
[libero_object_swap] task 8 ep 1 step 1/350 | elapsed=0.0m | eta=1.4m | sec_step=0.24
[libero_object_swap] task 8 ep 1 step 25/350 | elapsed=0.1m | eta=1.2m | sec_step=0.22
[libero_object_swap] task 8 ep 1 step 50/350 | elapsed=0.2m | eta=1.1m | sec_step=0.22
[libero_object_swap] task 8 ep 1 step 75/350 | elapsed=0.3m | eta=1.0m | sec_step=0.22
[libero_object_swap] task 8 ep 1 step 100/350 | elapsed=0.4m | eta=0.9m | sec_step=0.22
[libero_object_swap] task 8 ep 1 step 125/350 | elapsed=0.5m | eta=0.8m | sec_step=0.22
[libero_object_swap] task 8 ep 1 step 150/350 | elapsed=0.6m | eta=0.7m | sec_step=0.22
[libero_object_swap] task 8 ep 1 step 175/350 | elapsed=0.6m | eta=0.6m | sec_step=0.22
[libero_object_swap] task 8 ep 1 step 200/350 | elapsed=0.7m | eta=0.6m | sec_step=0.22
[libero_object_swap] task 8 ep 1 step 225/350 | elapsed=0.8m | eta=0.5m | sec_step=0.22
[libero_object_swap] task 8 ep 1 step 250/350 | elapsed=0.9m | eta=0.4m | sec_step=0.22
[libero_object_swap] task 8 ep 1 step 275/350 | elapsed=1.0m | eta=0.3m | sec_step=0.22
[libero_object_swap] task 8 ep 1 step 300/350 | elapsed=1.1m | eta=0.2m | sec_step=0.22
[libero_object_swap] task 8 ep 1 step 325/350 | elapsed=1.2m | eta=0.1m | sec_step=0.22
[libero_object_swap] task 8 ep 1 step 350/350 | elapsed=1.3m | eta=0.0m | sec_step=0.22
[libero_object_swap] task 8 ('pick up the chocolate pudding and place it in the basket') ep 1: fail | episode_time=1.3m
[libero_object_swap] task 8 ep 2 start | max_steps=350 | instruction='pick up the chocolate pudding and place it in the basket'
[libero_object_swap] task 8 ep 2 step 1/350 | elapsed=0.0m | eta=1.5m | sec_step=0.25
[libero_object_swap] task 8 ep 2 step 25/350 | elapsed=0.1m | eta=1.2m | sec_step=0.22
[libero_object_swap] task 8 ep 2 step 50/350 | elapsed=0.2m | eta=1.1m | sec_step=0.22
[libero_object_swap] task 8 ep 2 step 75/350 | elapsed=0.3m | eta=1.0m | sec_step=0.22
[libero_object_swap] task 8 ep 2 step 100/350 | elapsed=0.4m | eta=0.9m | sec_step=0.23
[libero_object_swap] task 8 ep 2 step 125/350 | elapsed=0.5m | eta=0.8m | sec_step=0.23
[libero_object_swap] task 8 ep 2 step 150/350 | elapsed=0.6m | eta=0.8m | sec_step=0.23
[libero_object_swap] task 8 ep 2 step 175/350 | elapsed=0.7m | eta=0.7m | sec_step=0.23
[libero_object_swap] task 8 ep 2 step 200/350 | elapsed=0.7m | eta=0.6m | sec_step=0.22
[libero_object_swap] task 8 ep 2 step 225/350 | elapsed=0.8m | eta=0.5m | sec_step=0.22
[libero_object_swap] task 8 ep 2 step 250/350 | elapsed=0.9m | eta=0.4m | sec_step=0.22
[libero_object_swap] task 8 ep 2 step 275/350 | elapsed=1.0m | eta=0.3m | sec_step=0.22
[libero_object_swap] task 8 ep 2 step 300/350 | elapsed=1.1m | eta=0.2m | sec_step=0.22
[libero_object_swap] task 8 ep 2 step 325/350 | elapsed=1.2m | eta=0.1m | sec_step=0.22
[libero_object_swap] task 8 ep 2 step 350/350 | elapsed=1.3m | eta=0.0m | sec_step=0.22
[libero_object_swap] task 8 ('pick up the chocolate pudding and place it in the basket') ep 2: fail | episode_time=1.3m
[libero_object_swap] task 8 ep 3 start | max_steps=350 | instruction='pick up the chocolate pudding and place it in the basket'
[libero_object_swap] task 8 ep 3 step 1/350 | elapsed=0.0m | eta=1.4m | sec_step=0.24
[libero_object_swap] task 8 ep 3 step 25/350 | elapsed=0.1m | eta=1.2m | sec_step=0.22
[libero_object_swap] task 8 ep 3 step 50/350 | elapsed=0.2m | eta=1.1m | sec_step=0.22
[libero_object_swap] task 8 ep 3 step 75/350 | elapsed=0.3m | eta=1.0m | sec_step=0.22
[libero_object_swap] task 8 ep 3 step 100/350 | elapsed=0.4m | eta=0.9m | sec_step=0.22
[libero_object_swap] task 8 ep 3 step 125/350 | elapsed=0.5m | eta=0.8m | sec_step=0.22
[libero_object_swap] task 8 ep 3 step 150/350 | elapsed=0.6m | eta=0.7m | sec_step=0.22
[libero_object_swap] task 8 ep 3 step 175/350 | elapsed=0.6m | eta=0.6m | sec_step=0.22
[libero_object_swap] task 8 ep 3 step 200/350 | elapsed=0.7m | eta=0.6m | sec_step=0.22
[libero_object_swap] task 8 ep 3 step 225/350 | elapsed=0.8m | eta=0.5m | sec_step=0.22
[libero_object_swap] task 8 ep 3 step 250/350 | elapsed=0.9m | eta=0.4m | sec_step=0.22
[libero_object_swap] task 8 ep 3 step 275/350 | elapsed=1.0m | eta=0.3m | sec_step=0.22
[libero_object_swap] task 8 ep 3 step 300/350 | elapsed=1.1m | eta=0.2m | sec_step=0.22
[libero_object_swap] task 8 ep 3 step 325/350 | elapsed=1.2m | eta=0.1m | sec_step=0.22
[libero_object_swap] task 8 ep 3 step 350/350 | elapsed=1.3m | eta=0.0m | sec_step=0.22
[libero_object_swap] task 8 ('pick up the chocolate pudding and place it in the basket') ep 3: fail | episode_time=1.3m
[libero_object_swap] task 8 ep 4 start | max_steps=350 | instruction='pick up the chocolate pudding and place it in the basket'
[libero_object_swap] task 8 ep 4 step 1/350 | elapsed=0.0m | eta=1.3m | sec_step=0.23
[libero_object_swap] task 8 ep 4 step 25/350 | elapsed=0.1m | eta=1.2m | sec_step=0.22
[libero_object_swap] task 8 ep 4 step 50/350 | elapsed=0.2m | eta=1.1m | sec_step=0.22
[libero_object_swap] task 8 ep 4 step 75/350 | elapsed=0.3m | eta=1.0m | sec_step=0.22
[libero_object_swap] task 8 ep 4 step 100/350 | elapsed=0.4m | eta=0.9m | sec_step=0.22
[libero_object_swap] task 8 ep 4 step 125/350 | elapsed=0.5m | eta=0.8m | sec_step=0.22
[libero_object_swap] task 8 ep 4 step 150/350 | elapsed=0.6m | eta=0.7m | sec_step=0.22
[libero_object_swap] task 8 ep 4 step 175/350 | elapsed=0.6m | eta=0.6m | sec_step=0.22
[libero_object_swap] task 8 ep 4 step 200/350 | elapsed=0.7m | eta=0.6m | sec_step=0.22
[libero_object_swap] task 8 ep 4 step 225/350 | elapsed=0.8m | eta=0.5m | sec_step=0.22
[libero_object_swap] task 8 ep 4 step 250/350 | elapsed=0.9m | eta=0.4m | sec_step=0.22
[libero_object_swap] task 8 ep 4 step 275/350 | elapsed=1.0m | eta=0.3m | sec_step=0.22
[libero_object_swap] task 8 ep 4 step 300/350 | elapsed=1.1m | eta=0.2m | sec_step=0.22
[libero_object_swap] task 8 ep 4 step 325/350 | elapsed=1.2m | eta=0.1m | sec_step=0.22
[libero_object_swap] task 8 ep 4 step 350/350 | elapsed=1.3m | eta=0.0m | sec_step=0.22
[libero_object_swap] task 8 ('pick up the chocolate pudding and place it in the basket') ep 4: fail | episode_time=1.3m
[libero_object_swap] task 8 ep 5 start | max_steps=350 | instruction='pick up the chocolate pudding and place it in the basket'
[libero_object_swap] task 8 ep 5 step 1/350 | elapsed=0.0m | eta=1.3m | sec_step=0.23
[libero_object_swap] task 8 ep 5 step 25/350 | elapsed=0.1m | eta=1.2m | sec_step=0.22
[libero_object_swap] task 8 ep 5 step 50/350 | elapsed=0.2m | eta=1.1m | sec_step=0.22
[libero_object_swap] task 8 ep 5 step 75/350 | elapsed=0.3m | eta=1.0m | sec_step=0.22
[libero_object_swap] task 8 ep 5 step 100/350 | elapsed=0.4m | eta=0.9m | sec_step=0.22
[libero_object_swap] task 8 ep 5 step 125/350 | elapsed=0.5m | eta=0.8m | sec_step=0.22
[libero_object_swap] task 8 ep 5 step 150/350 | elapsed=0.5m | eta=0.7m | sec_step=0.22
[libero_object_swap] task 8 ep 5 step 175/350 | elapsed=0.6m | eta=0.6m | sec_step=0.22
[libero_object_swap] task 8 ep 5 step 200/350 | elapsed=0.7m | eta=0.5m | sec_step=0.22
[libero_object_swap] task 8 ep 5 step 225/350 | elapsed=0.8m | eta=0.5m | sec_step=0.22
[libero_object_swap] task 8 ep 5 step 250/350 | elapsed=0.9m | eta=0.4m | sec_step=0.22
[libero_object_swap] task 8 ep 5 step 275/350 | elapsed=1.0m | eta=0.3m | sec_step=0.22
[libero_object_swap] task 8 ep 5 step 300/350 | elapsed=1.1m | eta=0.2m | sec_step=0.22
[libero_object_swap] task 8 ep 5 step 325/350 | elapsed=1.2m | eta=0.1m | sec_step=0.22
[libero_object_swap] task 8 ep 5 step 350/350 | elapsed=1.3m | eta=0.0m | sec_step=0.22
[libero_object_swap] task 8 ('pick up the chocolate pudding and place it in the basket') ep 5: fail | episode_time=1.3m
[libero_object_swap] task 8 ep 6 start | max_steps=350 | instruction='pick up the chocolate pudding and place it in the basket'
[libero_object_swap] task 8 ep 6 step 1/350 | elapsed=0.0m | eta=1.4m | sec_step=0.23
[libero_object_swap] task 8 ep 6 step 25/350 | elapsed=0.1m | eta=1.2m | sec_step=0.22
[libero_object_swap] task 8 ep 6 step 50/350 | elapsed=0.2m | eta=1.1m | sec_step=0.23
[libero_object_swap] task 8 ep 6 step 75/350 | elapsed=0.3m | eta=1.0m | sec_step=0.22
[libero_object_swap] task 8 ep 6 step 100/350 | elapsed=0.4m | eta=0.9m | sec_step=0.22
[libero_object_swap] task 8 ep 6 step 125/350 | elapsed=0.5m | eta=0.8m | sec_step=0.22
[libero_object_swap] task 8 ep 6 step 150/350 | elapsed=0.6m | eta=0.7m | sec_step=0.22
[libero_object_swap] task 8 ep 6 step 175/350 | elapsed=0.6m | eta=0.6m | sec_step=0.22
[libero_object_swap] task 8 ep 6 step 200/350 | elapsed=0.7m | eta=0.6m | sec_step=0.22
[libero_object_swap] task 8 ep 6 step 225/350 | elapsed=0.8m | eta=0.5m | sec_step=0.22
[libero_object_swap] task 8 ep 6 step 250/350 | elapsed=0.9m | eta=0.4m | sec_step=0.22
[libero_object_swap] task 8 ep 6 step 275/350 | elapsed=1.0m | eta=0.3m | sec_step=0.22
[libero_object_swap] task 8 ep 6 step 300/350 | elapsed=1.1m | eta=0.2m | sec_step=0.22
[libero_object_swap] task 8 ep 6 step 325/350 | elapsed=1.2m | eta=0.1m | sec_step=0.22
[libero_object_swap] task 8 ep 6 step 350/350 | elapsed=1.3m | eta=0.0m | sec_step=0.22
[libero_object_swap] task 8 ('pick up the chocolate pudding and place it in the basket') ep 6: fail | episode_time=1.3m
[libero_object_swap] task 8 ep 7 start | max_steps=350 | instruction='pick up the chocolate pudding and place it in the basket'
[libero_object_swap] task 8 ep 7 step 1/350 | elapsed=0.0m | eta=1.4m | sec_step=0.23
[libero_object_swap] task 8 ep 7 step 25/350 | elapsed=0.1m | eta=1.2m | sec_step=0.22
[libero_object_swap] task 8 ep 7 step 50/350 | elapsed=0.2m | eta=1.1m | sec_step=0.22
[libero_object_swap] task 8 ep 7 step 75/350 | elapsed=0.3m | eta=1.0m | sec_step=0.22
[libero_object_swap] task 8 ep 7 step 100/350 | elapsed=0.4m | eta=0.9m | sec_step=0.22
[libero_object_swap] task 8 ep 7 step 125/350 | elapsed=0.5m | eta=0.8m | sec_step=0.22
[libero_object_swap] task 8 ep 7 step 150/350 | elapsed=0.6m | eta=0.7m | sec_step=0.22
[libero_object_swap] task 8 ep 7 step 175/350 | elapsed=0.6m | eta=0.6m | sec_step=0.22
[libero_object_swap] task 8 ep 7 step 200/350 | elapsed=0.7m | eta=0.6m | sec_step=0.22
[libero_object_swap] task 8 ep 7 step 225/350 | elapsed=0.8m | eta=0.5m | sec_step=0.22
[libero_object_swap] task 8 ep 7 step 250/350 | elapsed=0.9m | eta=0.4m | sec_step=0.22
[libero_object_swap] task 8 ep 7 step 275/350 | elapsed=1.0m | eta=0.3m | sec_step=0.22
[libero_object_swap] task 8 ep 7 step 300/350 | elapsed=1.1m | eta=0.2m | sec_step=0.22
[libero_object_swap] task 8 ep 7 step 325/350 | elapsed=1.2m | eta=0.1m | sec_step=0.22
[libero_object_swap] task 8 ep 7 step 350/350 | elapsed=1.3m | eta=0.0m | sec_step=0.22
[libero_object_swap] task 8 ('pick up the chocolate pudding and place it in the basket') ep 7: fail | episode_time=1.3m
[libero_object_swap] task 8 ep 8 start | max_steps=350 | instruction='pick up the chocolate pudding and place it in the basket'
[libero_object_swap] task 8 ep 8 step 1/350 | elapsed=0.0m | eta=1.4m | sec_step=0.24
[libero_object_swap] task 8 ep 8 step 25/350 | elapsed=0.1m | eta=1.2m | sec_step=0.22
[libero_object_swap] task 8 ep 8 step 50/350 | elapsed=0.2m | eta=1.1m | sec_step=0.22
[libero_object_swap] task 8 ep 8 step 75/350 | elapsed=0.3m | eta=1.0m | sec_step=0.22
[libero_object_swap] task 8 ep 8 step 100/350 | elapsed=0.4m | eta=0.9m | sec_step=0.22
[libero_object_swap] task 8 ep 8 step 125/350 | elapsed=0.5m | eta=0.8m | sec_step=0.22
[libero_object_swap] task 8 ep 8 step 150/350 | elapsed=0.6m | eta=0.7m | sec_step=0.22
[libero_object_swap] task 8 ep 8 step 175/350 | elapsed=0.6m | eta=0.6m | sec_step=0.22
[libero_object_swap] task 8 ep 8 step 200/350 | elapsed=0.7m | eta=0.6m | sec_step=0.22
[libero_object_swap] task 8 ep 8 step 225/350 | elapsed=0.8m | eta=0.5m | sec_step=0.22
[libero_object_swap] task 8 ep 8 step 250/350 | elapsed=0.9m | eta=0.4m | sec_step=0.22
[libero_object_swap] task 8 ep 8 step 275/350 | elapsed=1.0m | eta=0.3m | sec_step=0.22
[libero_object_swap] task 8 ep 8 step 300/350 | elapsed=1.1m | eta=0.2m | sec_step=0.22
[libero_object_swap] task 8 ep 8 step 325/350 | elapsed=1.2m | eta=0.1m | sec_step=0.22
[libero_object_swap] task 8 ep 8 step 350/350 | elapsed=1.3m | eta=0.0m | sec_step=0.22
[libero_object_swap] task 8 ('pick up the chocolate pudding and place it in the basket') ep 8: fail | episode_time=1.3m
[libero_object_swap] task 8 ep 9 start | max_steps=350 | instruction='pick up the chocolate pudding and place it in the basket'
[libero_object_swap] task 8 ep 9 step 1/350 | elapsed=0.0m | eta=1.3m | sec_step=0.23
[libero_object_swap] task 8 ep 9 step 25/350 | elapsed=0.1m | eta=1.2m | sec_step=0.22
[libero_object_swap] task 8 ep 9 step 50/350 | elapsed=0.2m | eta=1.1m | sec_step=0.22
[libero_object_swap] task 8 ep 9 step 75/350 | elapsed=0.3m | eta=1.0m | sec_step=0.22
[libero_object_swap] task 8 ep 9 step 100/350 | elapsed=0.4m | eta=0.9m | sec_step=0.22
[libero_object_swap] task 8 ep 9 step 125/350 | elapsed=0.5m | eta=0.8m | sec_step=0.22
[libero_object_swap] task 8 ep 9 step 150/350 | elapsed=0.6m | eta=0.7m | sec_step=0.22
[libero_object_swap] task 8 ep 9 step 175/350 | elapsed=0.6m | eta=0.6m | sec_step=0.22
[libero_object_swap] task 8 ep 9 step 200/350 | elapsed=0.7m | eta=0.6m | sec_step=0.22
[libero_object_swap] task 8 ep 9 step 225/350 | elapsed=0.8m | eta=0.5m | sec_step=0.22
[libero_object_swap] task 8 ep 9 step 250/350 | elapsed=0.9m | eta=0.4m | sec_step=0.22
[libero_object_swap] task 8 ep 9 step 275/350 | elapsed=1.0m | eta=0.3m | sec_step=0.22
[libero_object_swap] task 8 ep 9 step 300/350 | elapsed=1.1m | eta=0.2m | sec_step=0.22
[libero_object_swap] task 8 ep 9 step 325/350 | elapsed=1.2m | eta=0.1m | sec_step=0.22
[libero_object_swap] task 8 ep 9 step 350/350 | elapsed=1.3m | eta=0.0m | sec_step=0.22
[libero_object_swap] task 8 ('pick up the chocolate pudding and place it in the basket') ep 9: fail | episode_time=1.3m
[Warning]: datasets path /scratch/users/create/smrvmdo/projects/lapa-depth-modified-levi/datasets/LIBERO-PRO/libero/libero/datasets does not exist!
[libero_object_swap] task 9 ep 0 start | max_steps=350 | instruction='pick up the orange juice and place it in the basket'
[libero_object_swap] task 9 ep 0 step 1/350 | elapsed=0.0m | eta=1.4m | sec_step=0.23
[libero_object_swap] task 9 ep 0 step 25/350 | elapsed=0.1m | eta=1.2m | sec_step=0.22
[libero_object_swap] task 9 ep 0 step 50/350 | elapsed=0.2m | eta=1.1m | sec_step=0.22
[libero_object_swap] task 9 ep 0 step 75/350 | elapsed=0.3m | eta=1.0m | sec_step=0.22
[libero_object_swap] task 9 ep 0 step 100/350 | elapsed=0.4m | eta=0.9m | sec_step=0.22
[libero_object_swap] task 9 ep 0 step 125/350 | elapsed=0.5m | eta=0.8m | sec_step=0.22
[libero_object_swap] task 9 ep 0 step 150/350 | elapsed=0.6m | eta=0.7m | sec_step=0.22
[libero_object_swap] task 9 ep 0 step 175/350 | elapsed=0.6m | eta=0.6m | sec_step=0.22
[libero_object_swap] task 9 ep 0 step 200/350 | elapsed=0.7m | eta=0.6m | sec_step=0.22
[libero_object_swap] task 9 ep 0 step 225/350 | elapsed=0.8m | eta=0.5m | sec_step=0.22
[libero_object_swap] task 9 ep 0 step 250/350 | elapsed=0.9m | eta=0.4m | sec_step=0.22
[libero_object_swap] task 9 ep 0 step 275/350 | elapsed=1.0m | eta=0.3m | sec_step=0.22
[libero_object_swap] task 9 ep 0 step 300/350 | elapsed=1.1m | eta=0.2m | sec_step=0.22
[libero_object_swap] task 9 ep 0 step 325/350 | elapsed=1.2m | eta=0.1m | sec_step=0.22
[libero_object_swap] task 9 ep 0 step 350/350 | elapsed=1.3m | eta=0.0m | sec_step=0.22
[libero_object_swap] task 9 ('pick up the orange juice and place it in the basket') ep 0: fail | episode_time=1.3m
[libero_object_swap] task 9 ep 1 start | max_steps=350 | instruction='pick up the orange juice and place it in the basket'
[libero_object_swap] task 9 ep 1 step 1/350 | elapsed=0.0m | eta=1.4m | sec_step=0.24
[libero_object_swap] task 9 ep 1 step 25/350 | elapsed=0.1m | eta=1.2m | sec_step=0.22
[libero_object_swap] task 9 ep 1 step 50/350 | elapsed=0.2m | eta=1.1m | sec_step=0.22
[libero_object_swap] task 9 ep 1 step 75/350 | elapsed=0.3m | eta=1.0m | sec_step=0.22
[libero_object_swap] task 9 ep 1 step 100/350 | elapsed=0.4m | eta=0.9m | sec_step=0.22
[libero_object_swap] task 9 ep 1 step 125/350 | elapsed=0.5m | eta=0.8m | sec_step=0.22
[libero_object_swap] task 9 ep 1 step 150/350 | elapsed=0.6m | eta=0.7m | sec_step=0.22
[libero_object_swap] task 9 ep 1 step 175/350 | elapsed=0.6m | eta=0.6m | sec_step=0.22
[libero_object_swap] task 9 ep 1 step 200/350 | elapsed=0.7m | eta=0.6m | sec_step=0.22
[libero_object_swap] task 9 ep 1 step 225/350 | elapsed=0.8m | eta=0.5m | sec_step=0.22
[libero_object_swap] task 9 ep 1 step 250/350 | elapsed=0.9m | eta=0.4m | sec_step=0.22
[libero_object_swap] task 9 ep 1 step 275/350 | elapsed=1.0m | eta=0.3m | sec_step=0.22
[libero_object_swap] task 9 ep 1 step 300/350 | elapsed=1.1m | eta=0.2m | sec_step=0.22
[libero_object_swap] task 9 ep 1 step 325/350 | elapsed=1.2m | eta=0.1m | sec_step=0.22
[libero_object_swap] task 9 ep 1 step 350/350 | elapsed=1.3m | eta=0.0m | sec_step=0.22
[libero_object_swap] task 9 ('pick up the orange juice and place it in the basket') ep 1: fail | episode_time=1.3m
[libero_object_swap] task 9 ep 2 start | max_steps=350 | instruction='pick up the orange juice and place it in the basket'
[libero_object_swap] task 9 ep 2 step 1/350 | elapsed=0.0m | eta=1.4m | sec_step=0.24
[libero_object_swap] task 9 ep 2 step 25/350 | elapsed=0.1m | eta=1.2m | sec_step=0.22
[libero_object_swap] task 9 ep 2 step 50/350 | elapsed=0.2m | eta=1.1m | sec_step=0.22
[libero_object_swap] task 9 ep 2 step 75/350 | elapsed=0.3m | eta=1.0m | sec_step=0.22
[libero_object_swap] task 9 ep 2 step 100/350 | elapsed=0.4m | eta=0.9m | sec_step=0.22
[libero_object_swap] task 9 ep 2 step 125/350 | elapsed=0.5m | eta=0.8m | sec_step=0.22
[libero_object_swap] task 9 ep 2 step 150/350 | elapsed=0.6m | eta=0.7m | sec_step=0.22
[libero_object_swap] task 9 ep 2 step 175/350 | elapsed=0.6m | eta=0.6m | sec_step=0.22
[libero_object_swap] task 9 ep 2 step 200/350 | elapsed=0.7m | eta=0.6m | sec_step=0.22
[libero_object_swap] task 9 ep 2 step 225/350 | elapsed=0.8m | eta=0.5m | sec_step=0.22
[libero_object_swap] task 9 ep 2 step 250/350 | elapsed=0.9m | eta=0.4m | sec_step=0.22
[libero_object_swap] task 9 ep 2 step 275/350 | elapsed=1.0m | eta=0.3m | sec_step=0.22
[libero_object_swap] task 9 ep 2 step 300/350 | elapsed=1.1m | eta=0.2m | sec_step=0.22
[libero_object_swap] task 9 ep 2 step 325/350 | elapsed=1.2m | eta=0.1m | sec_step=0.22
[libero_object_swap] task 9 ep 2 step 350/350 | elapsed=1.3m | eta=0.0m | sec_step=0.22
[libero_object_swap] task 9 ('pick up the orange juice and place it in the basket') ep 2: fail | episode_time=1.3m
[libero_object_swap] task 9 ep 3 start | max_steps=350 | instruction='pick up the orange juice and place it in the basket'
[libero_object_swap] task 9 ep 3 step 1/350 | elapsed=0.0m | eta=1.4m | sec_step=0.24
[libero_object_swap] task 9 ep 3 step 25/350 | elapsed=0.1m | eta=1.2m | sec_step=0.22
[libero_object_swap] task 9 ep 3 step 50/350 | elapsed=0.2m | eta=1.1m | sec_step=0.22
[libero_object_swap] task 9 ep 3 step 75/350 | elapsed=0.3m | eta=1.0m | sec_step=0.22
[libero_object_swap] task 9 ep 3 step 100/350 | elapsed=0.4m | eta=0.9m | sec_step=0.22
[libero_object_swap] task 9 ep 3 step 125/350 | elapsed=0.5m | eta=0.8m | sec_step=0.22
[libero_object_swap] task 9 ep 3 step 150/350 | elapsed=0.6m | eta=0.7m | sec_step=0.22
[libero_object_swap] task 9 ep 3 step 175/350 | elapsed=0.6m | eta=0.6m | sec_step=0.22
[libero_object_swap] task 9 ep 3 step 200/350 | elapsed=0.7m | eta=0.6m | sec_step=0.22
[libero_object_swap] task 9 ep 3 step 225/350 | elapsed=0.8m | eta=0.5m | sec_step=0.22
[libero_object_swap] task 9 ep 3 step 250/350 | elapsed=0.9m | eta=0.4m | sec_step=0.22
[libero_object_swap] task 9 ep 3 step 275/350 | elapsed=1.0m | eta=0.3m | sec_step=0.22
[libero_object_swap] task 9 ep 3 step 300/350 | elapsed=1.1m | eta=0.2m | sec_step=0.22
[libero_object_swap] task 9 ep 3 step 325/350 | elapsed=1.2m | eta=0.1m | sec_step=0.22
[libero_object_swap] task 9 ep 3 step 350/350 | elapsed=1.3m | eta=0.0m | sec_step=0.22
[libero_object_swap] task 9 ('pick up the orange juice and place it in the basket') ep 3: fail | episode_time=1.3m
[libero_object_swap] task 9 ep 4 start | max_steps=350 | instruction='pick up the orange juice and place it in the basket'
[libero_object_swap] task 9 ep 4 step 1/350 | elapsed=0.0m | eta=1.3m | sec_step=0.23
[libero_object_swap] task 9 ep 4 step 25/350 | elapsed=0.1m | eta=1.2m | sec_step=0.22
[libero_object_swap] task 9 ep 4 step 50/350 | elapsed=0.2m | eta=1.1m | sec_step=0.22
[libero_object_swap] task 9 ep 4 step 75/350 | elapsed=0.3m | eta=1.0m | sec_step=0.22
[libero_object_swap] task 9 ep 4 step 100/350 | elapsed=0.4m | eta=0.9m | sec_step=0.22
[libero_object_swap] task 9 ep 4 step 125/350 | elapsed=0.5m | eta=0.8m | sec_step=0.22
[libero_object_swap] task 9 ep 4 step 150/350 | elapsed=0.6m | eta=0.7m | sec_step=0.22
[libero_object_swap] task 9 ep 4 step 175/350 | elapsed=0.6m | eta=0.6m | sec_step=0.22
[libero_object_swap] task 9 ep 4 step 200/350 | elapsed=0.7m | eta=0.6m | sec_step=0.22
[libero_object_swap] task 9 ep 4 step 225/350 | elapsed=0.8m | eta=0.5m | sec_step=0.22
[libero_object_swap] task 9 ep 4 step 250/350 | elapsed=0.9m | eta=0.4m | sec_step=0.22
[libero_object_swap] task 9 ep 4 step 275/350 | elapsed=1.0m | eta=0.3m | sec_step=0.22
[libero_object_swap] task 9 ep 4 step 300/350 | elapsed=1.1m | eta=0.2m | sec_step=0.22
[libero_object_swap] task 9 ep 4 step 325/350 | elapsed=1.2m | eta=0.1m | sec_step=0.22
[libero_object_swap] task 9 ep 4 step 350/350 | elapsed=1.3m | eta=0.0m | sec_step=0.22
[libero_object_swap] task 9 ('pick up the orange juice and place it in the basket') ep 4: fail | episode_time=1.3m
[libero_object_swap] task 9 ep 5 start | max_steps=350 | instruction='pick up the orange juice and place it in the basket'
[libero_object_swap] task 9 ep 5 step 1/350 | elapsed=0.0m | eta=1.5m | sec_step=0.26
[libero_object_swap] task 9 ep 5 step 25/350 | elapsed=0.1m | eta=1.2m | sec_step=0.22
[libero_object_swap] task 9 ep 5 step 50/350 | elapsed=0.2m | eta=1.1m | sec_step=0.22
[libero_object_swap] task 9 ep 5 step 75/350 | elapsed=0.3m | eta=1.0m | sec_step=0.22
[libero_object_swap] task 9 ep 5 step 100/350 | elapsed=0.4m | eta=0.9m | sec_step=0.22
[libero_object_swap] task 9 ep 5 step 125/350 | elapsed=0.5m | eta=0.8m | sec_step=0.22
[libero_object_swap] task 9 ep 5 step 150/350 | elapsed=0.6m | eta=0.7m | sec_step=0.22
[libero_object_swap] task 9 ep 5 step 175/350 | elapsed=0.7m | eta=0.7m | sec_step=0.22
[libero_object_swap] task 9 ep 5 step 200/350 | elapsed=0.7m | eta=0.6m | sec_step=0.22
[libero_object_swap] task 9 ep 5 step 225/350 | elapsed=0.8m | eta=0.5m | sec_step=0.22
[libero_object_swap] task 9 ep 5 step 250/350 | elapsed=0.9m | eta=0.4m | sec_step=0.22
[libero_object_swap] task 9 ep 5 step 275/350 | elapsed=1.0m | eta=0.3m | sec_step=0.22
[libero_object_swap] task 9 ep 5 step 300/350 | elapsed=1.1m | eta=0.2m | sec_step=0.22
[libero_object_swap] task 9 ep 5 step 325/350 | elapsed=1.2m | eta=0.1m | sec_step=0.22
[libero_object_swap] task 9 ep 5 step 350/350 | elapsed=1.3m | eta=0.0m | sec_step=0.22
[libero_object_swap] task 9 ('pick up the orange juice and place it in the basket') ep 5: fail | episode_time=1.3m
[libero_object_swap] task 9 ep 6 start | max_steps=350 | instruction='pick up the orange juice and place it in the basket'
[libero_object_swap] task 9 ep 6 step 1/350 | elapsed=0.0m | eta=1.4m | sec_step=0.24
[libero_object_swap] task 9 ep 6 step 25/350 | elapsed=0.1m | eta=1.2m | sec_step=0.22
[libero_object_swap] task 9 ep 6 step 50/350 | elapsed=0.2m | eta=1.1m | sec_step=0.22
[libero_object_swap] task 9 ep 6 step 75/350 | elapsed=0.3m | eta=1.0m | sec_step=0.22
[libero_object_swap] task 9 ep 6 step 100/350 | elapsed=0.4m | eta=0.9m | sec_step=0.22
[libero_object_swap] task 9 ep 6 step 125/350 | elapsed=0.5m | eta=0.8m | sec_step=0.22
[libero_object_swap] task 9 ep 6 step 150/350 | elapsed=0.6m | eta=0.7m | sec_step=0.22
[libero_object_swap] task 9 ep 6 step 175/350 | elapsed=0.6m | eta=0.6m | sec_step=0.22
[libero_object_swap] task 9 ep 6 step 200/350 | elapsed=0.7m | eta=0.6m | sec_step=0.22
[libero_object_swap] task 9 ep 6 step 225/350 | elapsed=0.8m | eta=0.5m | sec_step=0.22
[libero_object_swap] task 9 ep 6 step 250/350 | elapsed=0.9m | eta=0.4m | sec_step=0.22
[libero_object_swap] task 9 ep 6 step 275/350 | elapsed=1.0m | eta=0.3m | sec_step=0.22
[libero_object_swap] task 9 ep 6 step 300/350 | elapsed=1.1m | eta=0.2m | sec_step=0.22
[libero_object_swap] task 9 ep 6 step 325/350 | elapsed=1.2m | eta=0.1m | sec_step=0.22
[libero_object_swap] task 9 ep 6 step 350/350 | elapsed=1.3m | eta=0.0m | sec_step=0.22
[libero_object_swap] task 9 ('pick up the orange juice and place it in the basket') ep 6: fail | episode_time=1.3m
[libero_object_swap] task 9 ep 7 start | max_steps=350 | instruction='pick up the orange juice and place it in the basket'
[libero_object_swap] task 9 ep 7 step 1/350 | elapsed=0.0m | eta=1.4m | sec_step=0.23
[libero_object_swap] task 9 ep 7 step 25/350 | elapsed=0.1m | eta=1.2m | sec_step=0.22
[libero_object_swap] task 9 ep 7 step 50/350 | elapsed=0.2m | eta=1.1m | sec_step=0.22
[libero_object_swap] task 9 ep 7 step 75/350 | elapsed=0.3m | eta=1.0m | sec_step=0.22
[libero_object_swap] task 9 ep 7 step 100/350 | elapsed=0.4m | eta=0.9m | sec_step=0.22
[libero_object_swap] task 9 ep 7 step 125/350 | elapsed=0.5m | eta=0.8m | sec_step=0.22
[libero_object_swap] task 9 ep 7 step 150/350 | elapsed=0.6m | eta=0.7m | sec_step=0.22
[libero_object_swap] task 9 ep 7 step 175/350 | elapsed=0.7m | eta=0.7m | sec_step=0.22
[libero_object_swap] task 9 ep 7 step 200/350 | elapsed=0.7m | eta=0.6m | sec_step=0.22
[libero_object_swap] task 9 ep 7 step 225/350 | elapsed=0.8m | eta=0.5m | sec_step=0.23
[libero_object_swap] task 9 ep 7 step 250/350 | elapsed=0.9m | eta=0.4m | sec_step=0.23
[libero_object_swap] task 9 ep 7 step 275/350 | elapsed=1.0m | eta=0.3m | sec_step=0.23
[libero_object_swap] task 9 ep 7 step 300/350 | elapsed=1.1m | eta=0.2m | sec_step=0.23
[libero_object_swap] task 9 ep 7 step 325/350 | elapsed=1.2m | eta=0.1m | sec_step=0.22
[libero_object_swap] task 9 ep 7 step 350/350 | elapsed=1.3m | eta=0.0m | sec_step=0.22
[libero_object_swap] task 9 ('pick up the orange juice and place it in the basket') ep 7: fail | episode_time=1.3m
[libero_object_swap] task 9 ep 8 start | max_steps=350 | instruction='pick up the orange juice and place it in the basket'
[libero_object_swap] task 9 ep 8 step 1/350 | elapsed=0.0m | eta=1.4m | sec_step=0.23
[libero_object_swap] task 9 ep 8 step 25/350 | elapsed=0.1m | eta=1.2m | sec_step=0.22
[libero_object_swap] task 9 ep 8 step 50/350 | elapsed=0.2m | eta=1.1m | sec_step=0.22
[libero_object_swap] task 9 ep 8 step 75/350 | elapsed=0.3m | eta=1.0m | sec_step=0.22
[libero_object_swap] task 9 ep 8 step 100/350 | elapsed=0.4m | eta=0.9m | sec_step=0.22
[libero_object_swap] task 9 ep 8 step 125/350 | elapsed=0.5m | eta=0.8m | sec_step=0.22
[libero_object_swap] task 9 ep 8 step 150/350 | elapsed=0.6m | eta=0.7m | sec_step=0.22
[libero_object_swap] task 9 ep 8 step 175/350 | elapsed=0.6m | eta=0.6m | sec_step=0.22
[libero_object_swap] task 9 ep 8 step 200/350 | elapsed=0.7m | eta=0.6m | sec_step=0.22
[libero_object_swap] task 9 ep 8 step 225/350 | elapsed=0.8m | eta=0.5m | sec_step=0.22
[libero_object_swap] task 9 ep 8 step 250/350 | elapsed=0.9m | eta=0.4m | sec_step=0.22
[libero_object_swap] task 9 ep 8 step 275/350 | elapsed=1.0m | eta=0.3m | sec_step=0.22
[libero_object_swap] task 9 ep 8 step 300/350 | elapsed=1.1m | eta=0.2m | sec_step=0.22
[libero_object_swap] task 9 ep 8 step 325/350 | elapsed=1.2m | eta=0.1m | sec_step=0.22
[libero_object_swap] task 9 ep 8 step 350/350 | elapsed=1.3m | eta=0.0m | sec_step=0.22
[libero_object_swap] task 9 ('pick up the orange juice and place it in the basket') ep 8: fail | episode_time=1.3m
[libero_object_swap] task 9 ep 9 start | max_steps=350 | instruction='pick up the orange juice and place it in the basket'
[libero_object_swap] task 9 ep 9 step 1/350 | elapsed=0.0m | eta=1.3m | sec_step=0.23
[libero_object_swap] task 9 ep 9 step 25/350 | elapsed=0.1m | eta=1.2m | sec_step=0.22
[libero_object_swap] task 9 ep 9 step 50/350 | elapsed=0.2m | eta=1.1m | sec_step=0.22
[libero_object_swap] task 9 ep 9 step 75/350 | elapsed=0.3m | eta=1.0m | sec_step=0.22
[libero_object_swap] task 9 ep 9 step 100/350 | elapsed=0.4m | eta=0.9m | sec_step=0.22
[libero_object_swap] task 9 ep 9 step 125/350 | elapsed=0.5m | eta=0.8m | sec_step=0.22
[libero_object_swap] task 9 ep 9 step 150/350 | elapsed=0.6m | eta=0.7m | sec_step=0.22
[libero_object_swap] task 9 ep 9 step 175/350 | elapsed=0.6m | eta=0.6m | sec_step=0.22
[libero_object_swap] task 9 ep 9 step 200/350 | elapsed=0.7m | eta=0.6m | sec_step=0.22
[libero_object_swap] task 9 ep 9 step 225/350 | elapsed=0.8m | eta=0.5m | sec_step=0.22
[libero_object_swap] task 9 ep 9 step 250/350 | elapsed=0.9m | eta=0.4m | sec_step=0.22
[libero_object_swap] task 9 ep 9 step 275/350 | elapsed=1.0m | eta=0.3m | sec_step=0.22
[libero_object_swap] task 9 ep 9 step 300/350 | elapsed=1.1m | eta=0.2m | sec_step=0.22
[libero_object_swap] task 9 ep 9 step 325/350 | elapsed=1.2m | eta=0.1m | sec_step=0.22
[libero_object_swap] task 9 ep 9 step 350/350 | elapsed=1.3m | eta=0.0m | sec_step=0.22
[libero_object_swap] task 9 ('pick up the orange juice and place it in the basket') ep 9: fail | episode_time=1.3m
Gym has been unmaintained since 2022 and does not support NumPy 2.0 amongst other critical functionality.
Please upgrade to Gymnasium, the maintained drop-in replacement of Gym, or contact the authors of your software and request that they upgrade.
See the migration guide at https://gymnasium.farama.org/introduction/migration_guide/ for additional information.
{
  "success_rate": 0.0,
  "n_eval": 100
}
[split-rollout] wrote results/videos to /home/users/create/smrvmdo/scratch/projects/lapa-depth-modified-levi/rollouts/libero_pro_swap_concat_all_suite_20k_max350/concat20k_model2_libero_object_swap_tasks10_eps10_max350
[split-rollout] stopping servers
[multi-suite] all suites complete
===== Finished model2 at Thu Aug 27 06:06:41 +08 2026 =====
All requested evaluations completed: Thu Aug 27 06:06:41 +08 2026
